transaction_type,fraud_status,step,amount_bin,transaction_count
CASH_IN,Legitimate,1,"1,000,001+",1
CASH_IN,Legitimate,1,"1,001-5,000",6
CASH_IN,Legitimate,1,"10,001-50,000",90
CASH_IN,Legitimate,1,"100,001-500,000",289
CASH_IN,Legitimate,1,101-500,2
CASH_IN,Legitimate,1,"5,001-10,000",13
CASH_IN,Legitimate,1,"50,001-100,000",109
CASH_IN,Legitimate,1,"500,001-1,000,000",14
CASH_IN,Legitimate,1,"501-1,000",3
CASH_OUT,Fraud,1,"1,000,001+",1
CASH_OUT,Fraud,1,"1,001-5,000",1
CASH_OUT,Fraud,1,"10,001-50,000",3
CASH_OUT,Fraud,1,"100,001-500,000",3
CASH_OUT,Fraud,1,101-500,1
CASH_OUT,Legitimate,1,"1,001-5,000",4
CASH_OUT,Legitimate,1,"10,001-50,000",59
CASH_OUT,Legitimate,1,"100,001-500,000",218
CASH_OUT,Legitimate,1,"5,001-10,000",10
CASH_OUT,Legitimate,1,"50,001-100,000",72
CASH_OUT,Legitimate,1,"500,001-1,000,000",15
CASH_OUT,Legitimate,1,"501-1,000",1
DEBIT,Legitimate,1,"1,001-5,000",74
DEBIT,Legitimate,1,"10,001-50,000",6
DEBIT,Legitimate,1,101-500,7
DEBIT,Legitimate,1,"5,001-10,000",50
DEBIT,Legitimate,1,"501-1,000",11
PAYMENT,Legitimate,1,0-100,15
PAYMENT,Legitimate,1,"1,001-5,000",574
PAYMENT,Legitimate,1,"10,001-50,000",219
PAYMENT,Legitimate,1,101-500,49
PAYMENT,Legitimate,1,"5,001-10,000",436
PAYMENT,Legitimate,1,"50,001-100,000",1
PAYMENT,Legitimate,1,"501-1,000",75
TRANSFER,Fraud,1,"1,000,001+",1
TRANSFER,Fraud,1,"1,001-5,000",1
TRANSFER,Fraud,1,"10,001-50,000",3
TRANSFER,Fraud,1,"100,001-500,000",1
TRANSFER,Fraud,1,101-500,1
TRANSFER,Legitimate,1,"1,000,001+",31
TRANSFER,Legitimate,1,"1,001-5,000",4
TRANSFER,Legitimate,1,"10,001-50,000",34
TRANSFER,Legitimate,1,"100,001-500,000",127
TRANSFER,Legitimate,1,"5,001-10,000",3
TRANSFER,Legitimate,1,"50,001-100,000",29
TRANSFER,Legitimate,1,"500,001-1,000,000",41
CASH_IN,Legitimate,2,"10,001-50,000",31
CASH_IN,Legitimate,2,"100,001-500,000",123
CASH_IN,Legitimate,2,"5,001-10,000",3
CASH_IN,Legitimate,2,"50,001-100,000",42
CASH_IN,Legitimate,2,"500,001-1,000,000",4
CASH_OUT,Fraud,2,"1,000,001+",1
CASH_OUT,Fraud,2,"10,001-50,000",2
CASH_OUT,Fraud,2,"500,001-1,000,000",1
CASH_OUT,Legitimate,2,"10,001-50,000",18
CASH_OUT,Legitimate,2,"100,001-500,000",52
CASH_OUT,Legitimate,2,"5,001-10,000",3
CASH_OUT,Legitimate,2,"50,001-100,000",26
CASH_OUT,Legitimate,2,"500,001-1,000,000",1
DEBIT,Legitimate,2,"1,001-5,000",44
DEBIT,Legitimate,2,101-500,4
DEBIT,Legitimate,2,"5,001-10,000",16
DEBIT,Legitimate,2,"501-1,000",7
PAYMENT,Legitimate,2,0-100,5
PAYMENT,Legitimate,2,"1,001-5,000",198
PAYMENT,Legitimate,2,"10,001-50,000",137
PAYMENT,Legitimate,2,101-500,28
PAYMENT,Legitimate,2,"5,001-10,000",157
PAYMENT,Legitimate,2,"501-1,000",30
TRANSFER,Fraud,2,"1,000,001+",1
TRANSFER,Fraud,2,"10,001-50,000",2
TRANSFER,Fraud,2,"500,001-1,000,000",1
TRANSFER,Legitimate,2,"1,000,001+",7
TRANSFER,Legitimate,2,"10,001-50,000",5
TRANSFER,Legitimate,2,"100,001-500,000",44
TRANSFER,Legitimate,2,"5,001-10,000",1
TRANSFER,Legitimate,2,"50,001-100,000",8
TRANSFER,Legitimate,2,"500,001-1,000,000",12
CASH_IN,Legitimate,3,"1,001-5,000",3
CASH_IN,Legitimate,3,"10,001-50,000",21
CASH_IN,Legitimate,3,"100,001-500,000",77
CASH_IN,Legitimate,3,"5,001-10,000",1
CASH_IN,Legitimate,3,"50,001-100,000",20
CASH_IN,Legitimate,3,"500,001-1,000,000",2
CASH_OUT,Fraud,3,"10,001-50,000",2
CASH_OUT,Legitimate,3,"10,001-50,000",13
CASH_OUT,Legitimate,3,"100,001-500,000",15
CASH_OUT,Legitimate,3,"5,001-10,000",6
CASH_OUT,Legitimate,3,"50,001-100,000",16
DEBIT,Legitimate,3,"1,001-5,000",18
DEBIT,Legitimate,3,"5,001-10,000",7
PAYMENT,Legitimate,3,0-100,3
PAYMENT,Legitimate,3,"1,001-5,000",87
PAYMENT,Legitimate,3,"10,001-50,000",125
PAYMENT,Legitimate,3,101-500,16
PAYMENT,Legitimate,3,"5,001-10,000",66
PAYMENT,Legitimate,3,"501-1,000",19
TRANSFER,Fraud,3,"10,001-50,000",2
TRANSFER,Legitimate,3,"1,000,001+",4
TRANSFER,Legitimate,3,"1,001-5,000",1
TRANSFER,Legitimate,3,"10,001-50,000",4
TRANSFER,Legitimate,3,"100,001-500,000",9
TRANSFER,Legitimate,3,"5,001-10,000",1
TRANSFER,Legitimate,3,"50,001-100,000",7
TRANSFER,Legitimate,3,"500,001-1,000,000",7
CASH_IN,Legitimate,4,"1,001-5,000",3
CASH_IN,Legitimate,4,"10,001-50,000",21
CASH_IN,Legitimate,4,"100,001-500,000",78
CASH_IN,Legitimate,4,"50,001-100,000",29
CASH_IN,Legitimate,4,"500,001-1,000,000",5
CASH_OUT,Fraud,4,"1,000,001+",2
CASH_OUT,Fraud,4,"10,001-50,000",1
CASH_OUT,Fraud,4,"100,001-500,000",1
CASH_OUT,Fraud,4,"50,001-100,000",1
CASH_OUT,Legitimate,4,"1,001-5,000",3
CASH_OUT,Legitimate,4,"10,001-50,000",15
CASH_OUT,Legitimate,4,"100,001-500,000",38
CASH_OUT,Legitimate,4,"5,001-10,000",3
CASH_OUT,Legitimate,4,"50,001-100,000",13
DEBIT,Legitimate,4,"1,001-5,000",5
DEBIT,Legitimate,4,101-500,5
DEBIT,Legitimate,4,"501-1,000",6
PAYMENT,Legitimate,4,0-100,7
PAYMENT,Legitimate,4,"1,001-5,000",173
PAYMENT,Legitimate,4,"10,001-50,000",25
PAYMENT,Legitimate,4,101-500,19
PAYMENT,Legitimate,4,"5,001-10,000",42
PAYMENT,Legitimate,4,"501-1,000",28
TRANSFER,Fraud,4,"1,000,001+",2
TRANSFER,Fraud,4,"10,001-50,000",1
TRANSFER,Fraud,4,"100,001-500,000",1
TRANSFER,Fraud,4,"50,001-100,000",1
TRANSFER,Legitimate,4,"1,000,001+",5
TRANSFER,Legitimate,4,"10,001-50,000",7
TRANSFER,Legitimate,4,"100,001-500,000",14
TRANSFER,Legitimate,4,"5,001-10,000",2
TRANSFER,Legitimate,4,"50,001-100,000",5
TRANSFER,Legitimate,4,"500,001-1,000,000",4
CASH_IN,Legitimate,5,"10,001-50,000",22
CASH_IN,Legitimate,5,"100,001-500,000",75
CASH_IN,Legitimate,5,"5,001-10,000",2
CASH_IN,Legitimate,5,"50,001-100,000",22
CASH_IN,Legitimate,5,"500,001-1,000,000",9
CASH_IN,Legitimate,5,"501-1,000",1
CASH_OUT,Fraud,5,"10,001-50,000",1
CASH_OUT,Fraud,5,"100,001-500,000",1
CASH_OUT,Fraud,5,"50,001-100,000",1
CASH_OUT,Legitimate,5,"10,001-50,000",6
CASH_OUT,Legitimate,5,"100,001-500,000",39
CASH_OUT,Legitimate,5,"50,001-100,000",12
CASH_OUT,Legitimate,5,"500,001-1,000,000",1
DEBIT,Legitimate,5,0-100,1
DEBIT,Legitimate,5,"1,001-5,000",19
DEBIT,Legitimate,5,"501-1,000",4
PAYMENT,Legitimate,5,0-100,7
PAYMENT,Legitimate,5,"1,001-5,000",189
PAYMENT,Legitimate,5,"10,001-50,000",68
PAYMENT,Legitimate,5,101-500,23
PAYMENT,Legitimate,5,"5,001-10,000",106
PAYMENT,Legitimate,5,"501-1,000",26
TRANSFER,Fraud,5,"10,001-50,000",1
TRANSFER,Fraud,5,"100,001-500,000",1
TRANSFER,Fraud,5,"50,001-100,000",1
TRANSFER,Legitimate,5,"1,000,001+",3
TRANSFER,Legitimate,5,"1,001-5,000",1
TRANSFER,Legitimate,5,"10,001-50,000",5
TRANSFER,Legitimate,5,"100,001-500,000",10
TRANSFER,Legitimate,5,"50,001-100,000",8
CASH_IN,Legitimate,6,"1,001-5,000",3
CASH_IN,Legitimate,6,"10,001-50,000",43
CASH_IN,Legitimate,6,"100,001-500,000",189
CASH_IN,Legitimate,6,"5,001-10,000",6
CASH_IN,Legitimate,6,"50,001-100,000",50
CASH_IN,Legitimate,6,"500,001-1,000,000",9
CASH_OUT,Fraud,6,"10,001-50,000",9
CASH_OUT,Fraud,6,"100,001-500,000",1
CASH_OUT,Fraud,6,"50,001-100,000",1
CASH_OUT,Legitimate,6,0-100,1
CASH_OUT,Legitimate,6,"1,001-5,000",1
CASH_OUT,Legitimate,6,"10,001-50,000",23
CASH_OUT,Legitimate,6,"100,001-500,000",103
CASH_OUT,Legitimate,6,"5,001-10,000",6
CASH_OUT,Legitimate,6,"50,001-100,000",22
CASH_OUT,Legitimate,6,"500,001-1,000,000",7
DEBIT,Legitimate,6,"1,001-5,000",14
DEBIT,Legitimate,6,101-500,2
DEBIT,Legitimate,6,"5,001-10,000",4
DEBIT,Legitimate,6,"501-1,000",1
PAYMENT,Legitimate,6,0-100,6
PAYMENT,Legitimate,6,"1,001-5,000",194
PAYMENT,Legitimate,6,"10,001-50,000",489
PAYMENT,Legitimate,6,101-500,28
PAYMENT,Legitimate,6,"5,001-10,000",252
PAYMENT,Legitimate,6,"50,001-100,000",4
PAYMENT,Legitimate,6,"501-1,000",30
TRANSFER,Fraud,6,"10,001-50,000",9
TRANSFER,Fraud,6,"100,001-500,000",1
TRANSFER,Fraud,6,"50,001-100,000",1
TRANSFER,Legitimate,6,"1,000,001+",18
TRANSFER,Legitimate,6,"1,001-5,000",2
TRANSFER,Legitimate,6,"10,001-50,000",8
TRANSFER,Legitimate,6,"100,001-500,000",81
TRANSFER,Legitimate,6,"5,001-10,000",1
TRANSFER,Legitimate,6,"50,001-100,000",15
TRANSFER,Legitimate,6,"500,001-1,000,000",26
CASH_IN,Legitimate,7,"1,001-5,000",9
CASH_IN,Legitimate,7,"10,001-50,000",188
CASH_IN,Legitimate,7,"100,001-500,000",579
CASH_IN,Legitimate,7,101-500,1
CASH_IN,Legitimate,7,"5,001-10,000",18
CASH_IN,Legitimate,7,"50,001-100,000",174
CASH_IN,Legitimate,7,"500,001-1,000,000",30
CASH_IN,Legitimate,7,"501-1,000",3
CASH_OUT,Fraud,7,"1,000,001+",1
CASH_OUT,Fraud,7,"10,001-50,000",2
CASH_OUT,Fraud,7,"100,001-500,000",2
CASH_OUT,Fraud,7,101-500,1
CASH_OUT,Legitimate,7,"1,001-5,000",12
CASH_OUT,Legitimate,7,"10,001-50,000",164
CASH_OUT,Legitimate,7,"100,001-500,000",716
CASH_OUT,Legitimate,7,101-500,1
CASH_OUT,Legitimate,7,"5,001-10,000",20
CASH_OUT,Legitimate,7,"50,001-100,000",213
CASH_OUT,Legitimate,7,"500,001-1,000,000",23
DEBIT,Legitimate,7,"1,001-5,000",72
DEBIT,Legitimate,7,"10,001-50,000",5
DEBIT,Legitimate,7,101-500,10
DEBIT,Legitimate,7,"5,001-10,000",15
DEBIT,Legitimate,7,"501-1,000",5
PAYMENT,Legitimate,7,0-100,26
PAYMENT,Legitimate,7,"1,001-5,000",1253
PAYMENT,Legitimate,7,"10,001-50,000",1061
PAYMENT,Legitimate,7,101-500,125
PAYMENT,Legitimate,7,"5,001-10,000",1211
PAYMENT,Legitimate,7,"50,001-100,000",5
PAYMENT,Legitimate,7,"501-1,000",140
TRANSFER,Fraud,7,"1,000,001+",1
TRANSFER,Fraud,7,"10,001-50,000",2
TRANSFER,Fraud,7,"100,001-500,000",2
TRANSFER,Fraud,7,101-500,1
TRANSFER,Legitimate,7,"1,000,001+",118
TRANSFER,Legitimate,7,"1,001-5,000",1
TRANSFER,Legitimate,7,"10,001-50,000",45
TRANSFER,Legitimate,7,"100,001-500,000",327
TRANSFER,Legitimate,7,"5,001-10,000",6
TRANSFER,Legitimate,7,"50,001-100,000",45
TRANSFER,Legitimate,7,"500,001-1,000,000",204
CASH_IN,Legitimate,8,0-100,1
CASH_IN,Legitimate,8,"1,000,001+",2
CASH_IN,Legitimate,8,"1,001-5,000",70
CASH_IN,Legitimate,8,"10,001-50,000",646
CASH_IN,Legitimate,8,"100,001-500,000",2355
CASH_IN,Legitimate,8,101-500,5
CASH_IN,Legitimate,8,"5,001-10,000",80
CASH_IN,Legitimate,8,"50,001-100,000",712
CASH_IN,Legitimate,8,"500,001-1,000,000",71
CASH_IN,Legitimate,8,"501-1,000",11
CASH_OUT,Fraud,8,"1,001-5,000",1
CASH_OUT,Fraud,8,"10,001-50,000",2
CASH_OUT,Fraud,8,"100,001-500,000",1
CASH_OUT,Fraud,8,101-500,1
CASH_OUT,Fraud,8,"50,001-100,000",1
CASH_OUT,Legitimate,8,0-100,1
CASH_OUT,Legitimate,8,"1,000,001+",2
CASH_OUT,Legitimate,8,"1,001-5,000",69
CASH_OUT,Legitimate,8,"10,001-50,000",858
CASH_OUT,Legitimate,8,"100,001-500,000",3894
CASH_OUT,Legitimate,8,101-500,8
CASH_OUT,Legitimate,8,"5,001-10,000",116
CASH_OUT,Legitimate,8,"50,001-100,000",1025
CASH_OUT,Legitimate,8,"500,001-1,000,000",150
CASH_OUT,Legitimate,8,"501-1,000",8
DEBIT,Legitimate,8,0-100,4
DEBIT,Legitimate,8,"1,001-5,000",102
DEBIT,Legitimate,8,"10,001-50,000",1
DEBIT,Legitimate,8,101-500,8
DEBIT,Legitimate,8,"5,001-10,000",16
DEBIT,Legitimate,8,"50,001-100,000",1
DEBIT,Legitimate,8,"501-1,000",16
PAYMENT,Legitimate,8,0-100,57
PAYMENT,Legitimate,8,"1,001-5,000",2455
PAYMENT,Legitimate,8,"10,001-50,000",3291
PAYMENT,Legitimate,8,101-500,259
PAYMENT,Legitimate,8,"5,001-10,000",2495
PAYMENT,Legitimate,8,"50,001-100,000",20
PAYMENT,Legitimate,8,"501-1,000",305
TRANSFER,Fraud,8,"1,000,001+",1
TRANSFER,Fraud,8,"1,001-5,000",1
TRANSFER,Fraud,8,"10,001-50,000",2
TRANSFER,Fraud,8,101-500,1
TRANSFER,Fraud,8,"50,001-100,000",1
TRANSFER,Legitimate,8,"1,000,001+",634
TRANSFER,Legitimate,8,"1,001-5,000",8
TRANSFER,Legitimate,8,"10,001-50,000",80
TRANSFER,Legitimate,8,"100,001-500,000",618
TRANSFER,Legitimate,8,101-500,1
TRANSFER,Legitimate,8,"5,001-10,000",17
TRANSFER,Legitimate,8,"50,001-100,000",91
TRANSFER,Legitimate,8,"500,001-1,000,000",521
TRANSFER,Legitimate,8,"501-1,000",1
CASH_IN,Legitimate,9,0-100,1
CASH_IN,Legitimate,9,"1,000,001+",2
CASH_IN,Legitimate,9,"1,001-5,000",123
CASH_IN,Legitimate,9,"10,001-50,000",1156
CASH_IN,Legitimate,9,"100,001-500,000",5081
CASH_IN,Legitimate,9,101-500,7
CASH_IN,Legitimate,9,"5,001-10,000",135
CASH_IN,Legitimate,9,"50,001-100,000",1393
CASH_IN,Legitimate,9,"500,001-1,000,000",176
CASH_IN,Legitimate,9,"501-1,000",13
CASH_OUT,Fraud,9,"1,000,001+",2
CASH_OUT,Fraud,9,"1,001-5,000",1
CASH_OUT,Fraud,9,"10,001-50,000",2
CASH_OUT,Fraud,9,"100,001-500,000",3
CASH_OUT,Fraud,9,"500,001-1,000,000",1
CASH_OUT,Legitimate,9,0-100,4
CASH_OUT,Legitimate,9,"1,000,001+",2
CASH_OUT,Legitimate,9,"1,001-5,000",155
CASH_OUT,Legitimate,9,"10,001-50,000",1693
CASH_OUT,Legitimate,9,"100,001-500,000",8518
CASH_OUT,Legitimate,9,101-500,14
CASH_OUT,Legitimate,9,"5,001-10,000",174
CASH_OUT,Legitimate,9,"50,001-100,000",2117
CASH_OUT,Legitimate,9,"500,001-1,000,000",475
CASH_OUT,Legitimate,9,"501-1,000",23
DEBIT,Legitimate,9,0-100,5
DEBIT,Legitimate,9,"1,001-5,000",101
DEBIT,Legitimate,9,"10,001-50,000",15
DEBIT,Legitimate,9,"100,001-500,000",1
DEBIT,Legitimate,9,101-500,11
DEBIT,Legitimate,9,"5,001-10,000",72
DEBIT,Legitimate,9,"501-1,000",24
PAYMENT,Legitimate,9,0-100,66
PAYMENT,Legitimate,9,"1,001-5,000",2615
PAYMENT,Legitimate,9,"10,001-50,000",6842
PAYMENT,Legitimate,9,101-500,256
PAYMENT,Legitimate,9,"5,001-10,000",2955
PAYMENT,Legitimate,9,"50,001-100,000",51
PAYMENT,Legitimate,9,"501-1,000",320
TRANSFER,Fraud,9,"1,000,001+",2
TRANSFER,Fraud,9,"1,001-5,000",1
TRANSFER,Fraud,9,"10,001-50,000",2
TRANSFER,Fraud,9,"100,001-500,000",3
TRANSFER,Fraud,9,"500,001-1,000,000",2
TRANSFER,Legitimate,9,"1,000,001+",1183
TRANSFER,Legitimate,9,"1,001-5,000",10
TRANSFER,Legitimate,9,"10,001-50,000",110
TRANSFER,Legitimate,9,"100,001-500,000",811
TRANSFER,Legitimate,9,101-500,1
TRANSFER,Legitimate,9,"5,001-10,000",16
TRANSFER,Legitimate,9,"50,001-100,000",147
TRANSFER,Legitimate,9,"500,001-1,000,000",733
TRANSFER,Legitimate,9,"501-1,000",2
CASH_IN,Legitimate,10,0-100,1
CASH_IN,Legitimate,10,"1,000,001+",2
CASH_IN,Legitimate,10,"1,001-5,000",110
CASH_IN,Legitimate,10,"10,001-50,000",1025
CASH_IN,Legitimate,10,"100,001-500,000",4767
CASH_IN,Legitimate,10,101-500,17
CASH_IN,Legitimate,10,"5,001-10,000",131
CASH_IN,Legitimate,10,"50,001-100,000",1204
CASH_IN,Legitimate,10,"500,001-1,000,000",248
CASH_IN,Legitimate,10,"501-1,000",13
CASH_OUT,Fraud,10,"1,000,001+",1
CASH_OUT,Fraud,10,"100,001-500,000",1
CASH_OUT,Fraud,10,"5,001-10,000",1
CASH_OUT,Fraud,10,"50,001-100,000",2
CASH_OUT,Fraud,10,"500,001-1,000,000",1
CASH_OUT,Legitimate,10,0-100,3
CASH_OUT,Legitimate,10,"1,000,001+",2
CASH_OUT,Legitimate,10,"1,001-5,000",114
CASH_OUT,Legitimate,10,"10,001-50,000",1470
CASH_OUT,Legitimate,10,"100,001-500,000",8080
CASH_OUT,Legitimate,10,101-500,15
CASH_OUT,Legitimate,10,"5,001-10,000",185
CASH_OUT,Legitimate,10,"50,001-100,000",1901
CASH_OUT,Legitimate,10,"500,001-1,000,000",725
CASH_OUT,Legitimate,10,"501-1,000",15
DEBIT,Legitimate,10,0-100,2
DEBIT,Legitimate,10,"1,001-5,000",173
DEBIT,Legitimate,10,"10,001-50,000",7
DEBIT,Legitimate,10,"100,001-500,000",1
DEBIT,Legitimate,10,101-500,19
DEBIT,Legitimate,10,"5,001-10,000",44
DEBIT,Legitimate,10,"50,001-100,000",3
DEBIT,Legitimate,10,"501-1,000",26
PAYMENT,Legitimate,10,0-100,73
PAYMENT,Legitimate,10,"1,001-5,000",2697
PAYMENT,Legitimate,10,"10,001-50,000",6244
PAYMENT,Legitimate,10,101-500,277
PAYMENT,Legitimate,10,"5,001-10,000",3056
PAYMENT,Legitimate,10,"50,001-100,000",38
PAYMENT,Legitimate,10,"501-1,000",379
TRANSFER,Fraud,10,"1,000,001+",1
TRANSFER,Fraud,10,"5,001-10,000",1
TRANSFER,Fraud,10,"50,001-100,000",2
TRANSFER,Fraud,10,"500,001-1,000,000",1
TRANSFER,Legitimate,10,"1,000,001+",1145
TRANSFER,Legitimate,10,"1,001-5,000",8
TRANSFER,Legitimate,10,"10,001-50,000",91
TRANSFER,Legitimate,10,"100,001-500,000",802
TRANSFER,Legitimate,10,101-500,1
TRANSFER,Legitimate,10,"5,001-10,000",14
TRANSFER,Legitimate,10,"50,001-100,000",131
TRANSFER,Legitimate,10,"500,001-1,000,000",720
TRANSFER,Legitimate,10,"501-1,000",1
CASH_IN,Legitimate,11,0-100,1
CASH_IN,Legitimate,11,"1,001-5,000",110
CASH_IN,Legitimate,11,"10,001-50,000",1065
CASH_IN,Legitimate,11,"100,001-500,000",4952
CASH_IN,Legitimate,11,101-500,9
CASH_IN,Legitimate,11,"5,001-10,000",137
CASH_IN,Legitimate,11,"50,001-100,000",1321
CASH_IN,Legitimate,11,"500,001-1,000,000",237
CASH_IN,Legitimate,11,"501-1,000",9
CASH_OUT,Fraud,11,"1,001-5,000",1
CASH_OUT,Fraud,11,"10,001-50,000",1
CASH_OUT,Fraud,11,"100,001-500,000",1
CASH_OUT,Legitimate,11,0-100,4
CASH_OUT,Legitimate,11,"1,000,001+",4
CASH_OUT,Legitimate,11,"1,001-5,000",132
CASH_OUT,Legitimate,11,"10,001-50,000",1493
CASH_OUT,Legitimate,11,"100,001-500,000",8483
CASH_OUT,Legitimate,11,101-500,19
CASH_OUT,Legitimate,11,"5,001-10,000",176
CASH_OUT,Legitimate,11,"50,001-100,000",1894
CASH_OUT,Legitimate,11,"500,001-1,000,000",856
CASH_OUT,Legitimate,11,"501-1,000",17
DEBIT,Legitimate,11,0-100,6
DEBIT,Legitimate,11,"1,001-5,000",172
DEBIT,Legitimate,11,"10,001-50,000",7
DEBIT,Legitimate,11,"100,001-500,000",1
DEBIT,Legitimate,11,101-500,21
DEBIT,Legitimate,11,"5,001-10,000",44
DEBIT,Legitimate,11,"50,001-100,000",7
DEBIT,Legitimate,11,"501-1,000",20
PAYMENT,Legitimate,11,0-100,52
PAYMENT,Legitimate,11,"1,001-5,000",2613
PAYMENT,Legitimate,11,"10,001-50,000",6907
PAYMENT,Legitimate,11,101-500,242
PAYMENT,Legitimate,11,"5,001-10,000",2841
PAYMENT,Legitimate,11,"50,001-100,000",77
PAYMENT,Legitimate,11,"501-1,000",322
TRANSFER,Fraud,11,"1,000,001+",1
TRANSFER,Fraud,11,"1,001-5,000",1
TRANSFER,Fraud,11,"10,001-50,000",1
TRANSFER,Fraud,11,"100,001-500,000",1
TRANSFER,Legitimate,11,"1,000,001+",1014
TRANSFER,Legitimate,11,"1,001-5,000",12
TRANSFER,Legitimate,11,"10,001-50,000",108
TRANSFER,Legitimate,11,"100,001-500,000",895
TRANSFER,Legitimate,11,101-500,2
TRANSFER,Legitimate,11,"5,001-10,000",17
TRANSFER,Legitimate,11,"50,001-100,000",110
TRANSFER,Legitimate,11,"500,001-1,000,000",824
TRANSFER,Legitimate,11,"501-1,000",1
CASH_IN,Legitimate,12,0-100,5
CASH_IN,Legitimate,12,"1,000,001+",1
CASH_IN,Legitimate,12,"1,001-5,000",94
CASH_IN,Legitimate,12,"10,001-50,000",979
CASH_IN,Legitimate,12,"100,001-500,000",4921
CASH_IN,Legitimate,12,101-500,8
CASH_IN,Legitimate,12,"5,001-10,000",120
CASH_IN,Legitimate,12,"50,001-100,000",1261
CASH_IN,Legitimate,12,"500,001-1,000,000",287
CASH_IN,Legitimate,12,"501-1,000",8
CASH_OUT,Fraud,12,"1,000,001+",3
CASH_OUT,Fraud,12,"1,001-5,000",1
CASH_OUT,Fraud,12,"10,001-50,000",1
CASH_OUT,Fraud,12,"100,001-500,000",2
CASH_OUT,Fraud,12,"5,001-10,000",1
CASH_OUT,Legitimate,12,0-100,2
CASH_OUT,Legitimate,12,"1,000,001+",3
CASH_OUT,Legitimate,12,"1,001-5,000",142
CASH_OUT,Legitimate,12,"10,001-50,000",1519
CASH_OUT,Legitimate,12,"100,001-500,000",8593
CASH_OUT,Legitimate,12,101-500,6
CASH_OUT,Legitimate,12,"5,001-10,000",196
CASH_OUT,Legitimate,12,"50,001-100,000",1886
CASH_OUT,Legitimate,12,"500,001-1,000,000",744
CASH_OUT,Legitimate,12,"501-1,000",12
DEBIT,Legitimate,12,"1,001-5,000",46
DEBIT,Legitimate,12,"10,001-50,000",90
DEBIT,Legitimate,12,"100,001-500,000",17
DEBIT,Legitimate,12,101-500,3
DEBIT,Legitimate,12,"5,001-10,000",37
DEBIT,Legitimate,12,"50,001-100,000",59
DEBIT,Legitimate,12,"501-1,000",3
PAYMENT,Legitimate,12,0-100,63
PAYMENT,Legitimate,12,"1,001-5,000",2453
PAYMENT,Legitimate,12,"10,001-50,000",6254
PAYMENT,Legitimate,12,101-500,241
PAYMENT,Legitimate,12,"5,001-10,000",2699
PAYMENT,Legitimate,12,"50,001-100,000",145
PAYMENT,Legitimate,12,"501-1,000",287
TRANSFER,Fraud,12,"1,000,001+",3
TRANSFER,Fraud,12,"1,001-5,000",1
TRANSFER,Fraud,12,"10,001-50,000",1
TRANSFER,Fraud,12,"5,001-10,000",1
TRANSFER,Legitimate,12,"1,000,001+",907
TRANSFER,Legitimate,12,"1,001-5,000",6
TRANSFER,Legitimate,12,"10,001-50,000",96
TRANSFER,Legitimate,12,"100,001-500,000",947
TRANSFER,Legitimate,12,101-500,1
TRANSFER,Legitimate,12,"5,001-10,000",15
TRANSFER,Legitimate,12,"50,001-100,000",142
TRANSFER,Legitimate,12,"500,001-1,000,000",841
CASH_IN,Legitimate,13,"1,000,001+",1
CASH_IN,Legitimate,13,"1,001-5,000",86
CASH_IN,Legitimate,13,"10,001-50,000",1005
CASH_IN,Legitimate,13,"100,001-500,000",5234
CASH_IN,Legitimate,13,101-500,6
CASH_IN,Legitimate,13,"5,001-10,000",127
CASH_IN,Legitimate,13,"50,001-100,000",1370
CASH_IN,Legitimate,13,"500,001-1,000,000",290
CASH_IN,Legitimate,13,"501-1,000",12
CASH_OUT,Fraud,13,"1,000,001+",4
CASH_OUT,Fraud,13,"10,001-50,000",1
CASH_OUT,Fraud,13,"100,001-500,000",1
CASH_OUT,Fraud,13,101-500,1
CASH_OUT,Legitimate,13,0-100,1
CASH_OUT,Legitimate,13,"1,000,001+",2
CASH_OUT,Legitimate,13,"1,001-5,000",155
CASH_OUT,Legitimate,13,"10,001-50,000",1680
CASH_OUT,Legitimate,13,"100,001-500,000",9123
CASH_OUT,Legitimate,13,101-500,12
CASH_OUT,Legitimate,13,"5,001-10,000",206
CASH_OUT,Legitimate,13,"50,001-100,000",2080
CASH_OUT,Legitimate,13,"500,001-1,000,000",610
CASH_OUT,Legitimate,13,"501-1,000",16
DEBIT,Legitimate,13,0-100,5
DEBIT,Legitimate,13,"1,001-5,000",112
DEBIT,Legitimate,13,"10,001-50,000",8
DEBIT,Legitimate,13,101-500,17
DEBIT,Legitimate,13,"5,001-10,000",65
DEBIT,Legitimate,13,"501-1,000",10
PAYMENT,Legitimate,13,0-100,59
PAYMENT,Legitimate,13,"1,001-5,000",2460
PAYMENT,Legitimate,13,"10,001-50,000",6115
PAYMENT,Legitimate,13,101-500,247
PAYMENT,Legitimate,13,"5,001-10,000",2646
PAYMENT,Legitimate,13,"50,001-100,000",248
PAYMENT,Legitimate,13,"501-1,000",300
TRANSFER,Fraud,13,"1,000,001+",4
TRANSFER,Fraud,13,"10,001-50,000",1
TRANSFER,Fraud,13,"100,001-500,000",1
TRANSFER,Fraud,13,101-500,1
TRANSFER,Legitimate,13,0-100,1
TRANSFER,Legitimate,13,"1,000,001+",851
TRANSFER,Legitimate,13,"1,001-5,000",16
TRANSFER,Legitimate,13,"10,001-50,000",110
TRANSFER,Legitimate,13,"100,001-500,000",1113
TRANSFER,Legitimate,13,101-500,2
TRANSFER,Legitimate,13,"5,001-10,000",17
TRANSFER,Legitimate,13,"50,001-100,000",137
TRANSFER,Legitimate,13,"500,001-1,000,000",943
TRANSFER,Legitimate,13,"501-1,000",3
CASH_IN,Legitimate,14,0-100,5
CASH_IN,Legitimate,14,"1,001-5,000",121
CASH_IN,Legitimate,14,"10,001-50,000",1238
CASH_IN,Legitimate,14,"100,001-500,000",5825
CASH_IN,Legitimate,14,101-500,15
CASH_IN,Legitimate,14,"5,001-10,000",139
CASH_IN,Legitimate,14,"50,001-100,000",1562
CASH_IN,Legitimate,14,"500,001-1,000,000",222
CASH_IN,Legitimate,14,"501-1,000",13
CASH_OUT,Fraud,14,"1,000,001+",4
CASH_OUT,Fraud,14,"100,001-500,000",1
CASH_OUT,Fraud,14,"50,001-100,000",1
CASH_OUT,Legitimate,14,0-100,4
CASH_OUT,Legitimate,14,"1,000,001+",3
CASH_OUT,Legitimate,14,"1,001-5,000",197
CASH_OUT,Legitimate,14,"10,001-50,000",1930
CASH_OUT,Legitimate,14,"100,001-500,000",10417
CASH_OUT,Legitimate,14,101-500,18
CASH_OUT,Legitimate,14,"5,001-10,000",210
CASH_OUT,Legitimate,14,"50,001-100,000",2590
CASH_OUT,Legitimate,14,"500,001-1,000,000",586
CASH_OUT,Legitimate,14,"501-1,000",23
DEBIT,Legitimate,14,0-100,3
DEBIT,Legitimate,14,"1,001-5,000",85
DEBIT,Legitimate,14,"10,001-50,000",24
DEBIT,Legitimate,14,101-500,9
DEBIT,Legitimate,14,"5,001-10,000",57
DEBIT,Legitimate,14,"501-1,000",12
PAYMENT,Legitimate,14,0-100,86
PAYMENT,Legitimate,14,"1,001-5,000",3189
PAYMENT,Legitimate,14,"10,001-50,000",5406
PAYMENT,Legitimate,14,101-500,306
PAYMENT,Legitimate,14,"5,001-10,000",3370
PAYMENT,Legitimate,14,"50,001-100,000",24
PAYMENT,Legitimate,14,"501-1,000",377
TRANSFER,Fraud,14,"1,000,001+",4
TRANSFER,Fraud,14,"100,001-500,000",1
TRANSFER,Fraud,14,"50,001-100,000",1
TRANSFER,Legitimate,14,0-100,1
TRANSFER,Legitimate,14,"1,000,001+",583
TRANSFER,Legitimate,14,"1,001-5,000",12
TRANSFER,Legitimate,14,"10,001-50,000",141
TRANSFER,Legitimate,14,"100,001-500,000",1384
TRANSFER,Legitimate,14,"5,001-10,000",20
TRANSFER,Legitimate,14,"50,001-100,000",184
TRANSFER,Legitimate,14,"500,001-1,000,000",1081
TRANSFER,Legitimate,14,"501-1,000",1
CASH_IN,Legitimate,15,0-100,3
CASH_IN,Legitimate,15,"1,001-5,000",150
CASH_IN,Legitimate,15,"10,001-50,000",1296
CASH_IN,Legitimate,15,"100,001-500,000",6339
CASH_IN,Legitimate,15,101-500,14
CASH_IN,Legitimate,15,"5,001-10,000",175
CASH_IN,Legitimate,15,"50,001-100,000",1775
CASH_IN,Legitimate,15,"500,001-1,000,000",169
CASH_IN,Legitimate,15,"501-1,000",18
CASH_OUT,Fraud,15,"10,001-50,000",1
CASH_OUT,Fraud,15,"100,001-500,000",4
CASH_OUT,Fraud,15,101-500,2
CASH_OUT,Fraud,15,"50,001-100,000",2
CASH_OUT,Fraud,15,"500,001-1,000,000",2
CASH_OUT,Legitimate,15,0-100,5
CASH_OUT,Legitimate,15,"1,000,001+",3
CASH_OUT,Legitimate,15,"1,001-5,000",223
CASH_OUT,Legitimate,15,"10,001-50,000",2108
CASH_OUT,Legitimate,15,"100,001-500,000",11548
CASH_OUT,Legitimate,15,101-500,22
CASH_OUT,Legitimate,15,"5,001-10,000",254
CASH_OUT,Legitimate,15,"50,001-100,000",2725
CASH_OUT,Legitimate,15,"500,001-1,000,000",516
CASH_OUT,Legitimate,15,"501-1,000",32
DEBIT,Legitimate,15,0-100,6
DEBIT,Legitimate,15,"1,001-5,000",127
DEBIT,Legitimate,15,"10,001-50,000",21
DEBIT,Legitimate,15,101-500,15
DEBIT,Legitimate,15,"5,001-10,000",77
DEBIT,Legitimate,15,"501-1,000",12
PAYMENT,Legitimate,15,0-100,57
PAYMENT,Legitimate,15,"1,001-5,000",3033
PAYMENT,Legitimate,15,"10,001-50,000",6245
PAYMENT,Legitimate,15,101-500,322
PAYMENT,Legitimate,15,"5,001-10,000",3309
PAYMENT,Legitimate,15,"50,001-100,000",24
PAYMENT,Legitimate,15,"501-1,000",391
TRANSFER,Fraud,15,"100,001-500,000",4
TRANSFER,Fraud,15,101-500,2
TRANSFER,Fraud,15,"50,001-100,000",1
TRANSFER,Fraud,15,"500,001-1,000,000",2
TRANSFER,Legitimate,15,"1,000,001+",510
TRANSFER,Legitimate,15,"1,001-5,000",13
TRANSFER,Legitimate,15,"10,001-50,000",170
TRANSFER,Legitimate,15,"100,001-500,000",1520
TRANSFER,Legitimate,15,101-500,1
TRANSFER,Legitimate,15,"5,001-10,000",17
TRANSFER,Legitimate,15,"50,001-100,000",205
TRANSFER,Legitimate,15,"500,001-1,000,000",1139
CASH_IN,Legitimate,16,0-100,3
CASH_IN,Legitimate,16,"1,000,001+",1
CASH_IN,Legitimate,16,"1,001-5,000",129
CASH_IN,Legitimate,16,"10,001-50,000",1351
CASH_IN,Legitimate,16,"100,001-500,000",6372
CASH_IN,Legitimate,16,101-500,10
CASH_IN,Legitimate,16,"5,001-10,000",170
CASH_IN,Legitimate,16,"50,001-100,000",1668
CASH_IN,Legitimate,16,"500,001-1,000,000",204
CASH_IN,Legitimate,16,"501-1,000",20
CASH_OUT,Fraud,16,"1,000,001+",2
CASH_OUT,Fraud,16,"10,001-50,000",1
CASH_OUT,Fraud,16,"100,001-500,000",1
CASH_OUT,Fraud,16,"500,001-1,000,000",1
CASH_OUT,Legitimate,16,0-100,12
CASH_OUT,Legitimate,16,"1,000,001+",4
CASH_OUT,Legitimate,16,"1,001-5,000",196
CASH_OUT,Legitimate,16,"10,001-50,000",2100
CASH_OUT,Legitimate,16,"100,001-500,000",10576
CASH_OUT,Legitimate,16,101-500,22
CASH_OUT,Legitimate,16,"5,001-10,000",217
CASH_OUT,Legitimate,16,"50,001-100,000",2644
CASH_OUT,Legitimate,16,"500,001-1,000,000",503
CASH_OUT,Legitimate,16,"501-1,000",29
DEBIT,Legitimate,16,0-100,6
DEBIT,Legitimate,16,"1,001-5,000",135
DEBIT,Legitimate,16,"10,001-50,000",10
DEBIT,Legitimate,16,101-500,13
DEBIT,Legitimate,16,"5,001-10,000",62
DEBIT,Legitimate,16,"501-1,000",22
PAYMENT,Legitimate,16,0-100,65
PAYMENT,Legitimate,16,"1,001-5,000",2695
PAYMENT,Legitimate,16,"10,001-50,000",6241
PAYMENT,Legitimate,16,101-500,245
PAYMENT,Legitimate,16,"5,001-10,000",2975
PAYMENT,Legitimate,16,"50,001-100,000",54
PAYMENT,Legitimate,16,"501-1,000",323
TRANSFER,Fraud,16,"1,000,001+",2
TRANSFER,Fraud,16,"10,001-50,000",1
TRANSFER,Fraud,16,"100,001-500,000",1
TRANSFER,Fraud,16,"500,001-1,000,000",1
TRANSFER,Legitimate,16,"1,000,001+",569
TRANSFER,Legitimate,16,"1,001-5,000",14
TRANSFER,Legitimate,16,"10,001-50,000",145
TRANSFER,Legitimate,16,"100,001-500,000",1451
TRANSFER,Legitimate,16,101-500,3
TRANSFER,Legitimate,16,"5,001-10,000",15
TRANSFER,Legitimate,16,"50,001-100,000",190
TRANSFER,Legitimate,16,"500,001-1,000,000",996
TRANSFER,Legitimate,16,"501-1,000",1
CASH_IN,Legitimate,17,0-100,6
CASH_IN,Legitimate,17,"1,000,001+",1
CASH_IN,Legitimate,17,"1,001-5,000",124
CASH_IN,Legitimate,17,"10,001-50,000",1423
CASH_IN,Legitimate,17,"100,001-500,000",6216
CASH_IN,Legitimate,17,101-500,9
CASH_IN,Legitimate,17,"5,001-10,000",150
CASH_IN,Legitimate,17,"50,001-100,000",1771
CASH_IN,Legitimate,17,"500,001-1,000,000",180
CASH_IN,Legitimate,17,"501-1,000",17
CASH_OUT,Fraud,17,"1,000,001+",1
CASH_OUT,Fraud,17,"10,001-50,000",1
CASH_OUT,Fraud,17,"100,001-500,000",2
CASH_OUT,Legitimate,17,0-100,3
CASH_OUT,Legitimate,17,"1,000,001+",1
CASH_OUT,Legitimate,17,"1,001-5,000",182
CASH_OUT,Legitimate,17,"10,001-50,000",2119
CASH_OUT,Legitimate,17,"100,001-500,000",10966
CASH_OUT,Legitimate,17,101-500,17
CASH_OUT,Legitimate,17,"5,001-10,000",225
CASH_OUT,Legitimate,17,"50,001-100,000",2715
CASH_OUT,Legitimate,17,"500,001-1,000,000",387
CASH_OUT,Legitimate,17,"501-1,000",26
DEBIT,Legitimate,17,0-100,3
DEBIT,Legitimate,17,"1,001-5,000",136
DEBIT,Legitimate,17,"10,001-50,000",38
DEBIT,Legitimate,17,101-500,14
DEBIT,Legitimate,17,"5,001-10,000",99
DEBIT,Legitimate,17,"501-1,000",25
PAYMENT,Legitimate,17,0-100,64
PAYMENT,Legitimate,17,"1,001-5,000",2657
PAYMENT,Legitimate,17,"10,001-50,000",6606
PAYMENT,Legitimate,17,101-500,254
PAYMENT,Legitimate,17,"5,001-10,000",3036
PAYMENT,Legitimate,17,"50,001-100,000",63
PAYMENT,Legitimate,17,"501-1,000",334
TRANSFER,Fraud,17,"1,000,001+",1
TRANSFER,Fraud,17,"100,001-500,000",2
TRANSFER,Legitimate,17,"1,000,001+",765
TRANSFER,Legitimate,17,"1,001-5,000",14
TRANSFER,Legitimate,17,"10,001-50,000",155
TRANSFER,Legitimate,17,"100,001-500,000",1382
TRANSFER,Legitimate,17,"5,001-10,000",25
TRANSFER,Legitimate,17,"50,001-100,000",188
TRANSFER,Legitimate,17,"500,001-1,000,000",954
TRANSFER,Legitimate,17,"501-1,000",4
CASH_IN,Legitimate,18,0-100,9
CASH_IN,Legitimate,18,"1,001-5,000",157
CASH_IN,Legitimate,18,"10,001-50,000",1615
CASH_IN,Legitimate,18,"100,001-500,000",6939
CASH_IN,Legitimate,18,101-500,20
CASH_IN,Legitimate,18,"5,001-10,000",198
CASH_IN,Legitimate,18,"50,001-100,000",2091
CASH_IN,Legitimate,18,"500,001-1,000,000",151
CASH_IN,Legitimate,18,"501-1,000",17
CASH_OUT,Fraud,18,"1,000,001+",3
CASH_OUT,Fraud,18,"10,001-50,000",1
CASH_OUT,Fraud,18,"100,001-500,000",3
CASH_OUT,Fraud,18,"5,001-10,000",1
CASH_OUT,Fraud,18,"500,001-1,000,000",1
CASH_OUT,Legitimate,18,0-100,6
CASH_OUT,Legitimate,18,"1,000,001+",1
CASH_OUT,Legitimate,18,"1,001-5,000",279
CASH_OUT,Legitimate,18,"10,001-50,000",2704
CASH_OUT,Legitimate,18,"100,001-500,000",12305
CASH_OUT,Legitimate,18,101-500,17
CASH_OUT,Legitimate,18,"5,001-10,000",333
CASH_OUT,Legitimate,18,"50,001-100,000",3498
CASH_OUT,Legitimate,18,"500,001-1,000,000",257
CASH_OUT,Legitimate,18,"501-1,000",31
DEBIT,Legitimate,18,0-100,7
DEBIT,Legitimate,18,"1,001-5,000",177
DEBIT,Legitimate,18,"10,001-50,000",14
DEBIT,Legitimate,18,101-500,21
DEBIT,Legitimate,18,"5,001-10,000",78
DEBIT,Legitimate,18,"501-1,000",17
PAYMENT,Legitimate,18,0-100,87
PAYMENT,Legitimate,18,"1,001-5,000",3453
PAYMENT,Legitimate,18,"10,001-50,000",6510
PAYMENT,Legitimate,18,101-500,319
PAYMENT,Legitimate,18,"5,001-10,000",3849
PAYMENT,Legitimate,18,"50,001-100,000",36
PAYMENT,Legitimate,18,"501-1,000",484
TRANSFER,Fraud,18,"1,000,001+",3
TRANSFER,Fraud,18,"10,001-50,000",1
TRANSFER,Fraud,18,"100,001-500,000",2
TRANSFER,Fraud,18,"5,001-10,000",1
TRANSFER,Legitimate,18,"1,000,001+",518
TRANSFER,Legitimate,18,"1,001-5,000",14
TRANSFER,Legitimate,18,"10,001-50,000",206
TRANSFER,Legitimate,18,"100,001-500,000",1702
TRANSFER,Legitimate,18,101-500,1
TRANSFER,Legitimate,18,"5,001-10,000",20
TRANSFER,Legitimate,18,"50,001-100,000",250
TRANSFER,Legitimate,18,"500,001-1,000,000",1169
TRANSFER,Legitimate,18,"501-1,000",3
CASH_IN,Legitimate,19,0-100,4
CASH_IN,Legitimate,19,"1,000,001+",1
CASH_IN,Legitimate,19,"1,001-5,000",176
CASH_IN,Legitimate,19,"10,001-50,000",1823
CASH_IN,Legitimate,19,"100,001-500,000",7241
CASH_IN,Legitimate,19,101-500,21
CASH_IN,Legitimate,19,"5,001-10,000",198
CASH_IN,Legitimate,19,"50,001-100,000",2248
CASH_IN,Legitimate,19,"500,001-1,000,000",133
CASH_IN,Legitimate,19,"501-1,000",30
CASH_OUT,Fraud,19,"1,000,001+",3
CASH_OUT,Fraud,19,"100,001-500,000",3
CASH_OUT,Legitimate,19,0-100,5
CASH_OUT,Legitimate,19,"1,001-5,000",269
CASH_OUT,Legitimate,19,"10,001-50,000",2976
CASH_OUT,Legitimate,19,"100,001-500,000",12066
CASH_OUT,Legitimate,19,101-500,31
CASH_OUT,Legitimate,19,"5,001-10,000",377
CASH_OUT,Legitimate,19,"50,001-100,000",3868
CASH_OUT,Legitimate,19,"500,001-1,000,000",190
CASH_OUT,Legitimate,19,"501-1,000",34
DEBIT,Legitimate,19,0-100,9
DEBIT,Legitimate,19,"1,001-5,000",277
DEBIT,Legitimate,19,"10,001-50,000",15
DEBIT,Legitimate,19,101-500,24
DEBIT,Legitimate,19,"5,001-10,000",63
DEBIT,Legitimate,19,"501-1,000",32
PAYMENT,Legitimate,19,0-100,92
PAYMENT,Legitimate,19,"1,001-5,000",4000
PAYMENT,Legitimate,19,"10,001-50,000",5985
PAYMENT,Legitimate,19,101-500,418
PAYMENT,Legitimate,19,"5,001-10,000",4254
PAYMENT,Legitimate,19,"50,001-100,000",41
PAYMENT,Legitimate,19,"501-1,000",499
TRANSFER,Fraud,19,"1,000,001+",3
TRANSFER,Fraud,19,"100,001-500,000",2
TRANSFER,Legitimate,19,"1,000,001+",459
TRANSFER,Legitimate,19,"1,001-5,000",15
TRANSFER,Legitimate,19,"10,001-50,000",217
TRANSFER,Legitimate,19,"100,001-500,000",1868
TRANSFER,Legitimate,19,101-500,3
TRANSFER,Legitimate,19,"5,001-10,000",24
TRANSFER,Legitimate,19,"50,001-100,000",257
TRANSFER,Legitimate,19,"500,001-1,000,000",1097
TRANSFER,Legitimate,19,"501-1,000",1
CASH_IN,Legitimate,20,0-100,1
CASH_IN,Legitimate,20,"1,000,001+",1
CASH_IN,Legitimate,20,"1,001-5,000",167
CASH_IN,Legitimate,20,"10,001-50,000",1422
CASH_IN,Legitimate,20,"100,001-500,000",5260
CASH_IN,Legitimate,20,101-500,18
CASH_IN,Legitimate,20,"5,001-10,000",164
CASH_IN,Legitimate,20,"50,001-100,000",1812
CASH_IN,Legitimate,20,"500,001-1,000,000",96
CASH_IN,Legitimate,20,"501-1,000",20
CASH_OUT,Fraud,20,"10,001-50,000",1
CASH_OUT,Fraud,20,"100,001-500,000",1
CASH_OUT,Legitimate,20,0-100,3
CASH_OUT,Legitimate,20,"1,000,001+",1
CASH_OUT,Legitimate,20,"1,001-5,000",249
CASH_OUT,Legitimate,20,"10,001-50,000",2389
CASH_OUT,Legitimate,20,"100,001-500,000",8311
CASH_OUT,Legitimate,20,101-500,26
CASH_OUT,Legitimate,20,"5,001-10,000",307
CASH_OUT,Legitimate,20,"50,001-100,000",3041
CASH_OUT,Legitimate,20,"500,001-1,000,000",145
CASH_OUT,Legitimate,20,"501-1,000",29
DEBIT,Legitimate,20,0-100,5
DEBIT,Legitimate,20,"1,001-5,000",131
DEBIT,Legitimate,20,"10,001-50,000",40
DEBIT,Legitimate,20,101-500,18
DEBIT,Legitimate,20,"5,001-10,000",113
DEBIT,Legitimate,20,"501-1,000",12
PAYMENT,Legitimate,20,0-100,104
PAYMENT,Legitimate,20,"1,001-5,000",3779
PAYMENT,Legitimate,20,"10,001-50,000",4984
PAYMENT,Legitimate,20,101-500,416
PAYMENT,Legitimate,20,"5,001-10,000",4007
PAYMENT,Legitimate,20,"50,001-100,000",36
PAYMENT,Legitimate,20,"501-1,000",476
TRANSFER,Fraud,20,"10,001-50,000",1
TRANSFER,Fraud,20,"100,001-500,000",1
TRANSFER,Legitimate,20,"1,000,001+",433
TRANSFER,Legitimate,20,"1,001-5,000",18
TRANSFER,Legitimate,20,"10,001-50,000",147
TRANSFER,Legitimate,20,"100,001-500,000",1360
TRANSFER,Legitimate,20,101-500,2
TRANSFER,Legitimate,20,"5,001-10,000",20
TRANSFER,Legitimate,20,"50,001-100,000",213
TRANSFER,Legitimate,20,"500,001-1,000,000",842
TRANSFER,Legitimate,20,"501-1,000",3
CASH_IN,Legitimate,21,0-100,1
CASH_IN,Legitimate,21,"1,001-5,000",59
CASH_IN,Legitimate,21,"10,001-50,000",626
CASH_IN,Legitimate,21,"100,001-500,000",2173
CASH_IN,Legitimate,21,101-500,6
CASH_IN,Legitimate,21,"5,001-10,000",86
CASH_IN,Legitimate,21,"50,001-100,000",765
CASH_IN,Legitimate,21,"500,001-1,000,000",47
CASH_IN,Legitimate,21,"501-1,000",9
CASH_OUT,Fraud,21,"10,001-50,000",1
CASH_OUT,Fraud,21,"100,001-500,000",1
CASH_OUT,Fraud,21,"500,001-1,000,000",1
CASH_OUT,Legitimate,21,0-100,1
CASH_OUT,Legitimate,21,"1,000,001+",1
CASH_OUT,Legitimate,21,"1,001-5,000",97
CASH_OUT,Legitimate,21,"10,001-50,000",930
CASH_OUT,Legitimate,21,"100,001-500,000",3241
CASH_OUT,Legitimate,21,101-500,15
CASH_OUT,Legitimate,21,"5,001-10,000",117
CASH_OUT,Legitimate,21,"50,001-100,000",1168
CASH_OUT,Legitimate,21,"500,001-1,000,000",73
CASH_OUT,Legitimate,21,"501-1,000",11
DEBIT,Legitimate,21,0-100,4
DEBIT,Legitimate,21,"1,001-5,000",90
DEBIT,Legitimate,21,"10,001-50,000",41
DEBIT,Legitimate,21,101-500,15
DEBIT,Legitimate,21,"5,001-10,000",54
DEBIT,Legitimate,21,"501-1,000",14
PAYMENT,Legitimate,21,0-100,56
PAYMENT,Legitimate,21,"1,001-5,000",2321
PAYMENT,Legitimate,21,"10,001-50,000",2659
PAYMENT,Legitimate,21,101-500,243
PAYMENT,Legitimate,21,"5,001-10,000",2338
PAYMENT,Legitimate,21,"50,001-100,000",13
PAYMENT,Legitimate,21,"501-1,000",294
TRANSFER,Fraud,21,"100,001-500,000",1
TRANSFER,Fraud,21,"500,001-1,000,000",1
TRANSFER,Legitimate,21,"1,000,001+",204
TRANSFER,Legitimate,21,"1,001-5,000",6
TRANSFER,Legitimate,21,"10,001-50,000",100
TRANSFER,Legitimate,21,"100,001-500,000",751
TRANSFER,Legitimate,21,101-500,2
TRANSFER,Legitimate,21,"5,001-10,000",10
TRANSFER,Legitimate,21,"50,001-100,000",133
TRANSFER,Legitimate,21,"500,001-1,000,000",371
TRANSFER,Legitimate,21,"501-1,000",2
CASH_IN,Legitimate,22,0-100,3
CASH_IN,Legitimate,22,"1,001-5,000",32
CASH_IN,Legitimate,22,"10,001-50,000",370
CASH_IN,Legitimate,22,"100,001-500,000",1415
CASH_IN,Legitimate,22,101-500,7
CASH_IN,Legitimate,22,"5,001-10,000",42
CASH_IN,Legitimate,22,"50,001-100,000",442
CASH_IN,Legitimate,22,"500,001-1,000,000",33
CASH_IN,Legitimate,22,"501-1,000",1
CASH_OUT,Fraud,22,"1,000,001+",2
CASH_OUT,Fraud,22,"10,001-50,000",1
CASH_OUT,Fraud,22,"100,001-500,000",6
CASH_OUT,Fraud,22,"50,001-100,000",3
CASH_OUT,Legitimate,22,"1,001-5,000",21
CASH_OUT,Legitimate,22,"10,001-50,000",425
CASH_OUT,Legitimate,22,"100,001-500,000",1731
CASH_OUT,Legitimate,22,101-500,4
CASH_OUT,Legitimate,22,"5,001-10,000",67
CASH_OUT,Legitimate,22,"50,001-100,000",583
CASH_OUT,Legitimate,22,"500,001-1,000,000",68
CASH_OUT,Legitimate,22,"501-1,000",8
DEBIT,Legitimate,22,0-100,2
DEBIT,Legitimate,22,"1,001-5,000",90
DEBIT,Legitimate,22,"10,001-50,000",42
DEBIT,Legitimate,22,101-500,11
DEBIT,Legitimate,22,"5,001-10,000",63
DEBIT,Legitimate,22,"501-1,000",4
PAYMENT,Legitimate,22,0-100,60
PAYMENT,Legitimate,22,"1,001-5,000",1712
PAYMENT,Legitimate,22,"10,001-50,000",2277
PAYMENT,Legitimate,22,101-500,173
PAYMENT,Legitimate,22,"5,001-10,000",1647
PAYMENT,Legitimate,22,"50,001-100,000",11
PAYMENT,Legitimate,22,"501-1,000",221
TRANSFER,Fraud,22,"1,000,001+",2
TRANSFER,Fraud,22,"10,001-50,000",1
TRANSFER,Fraud,22,"100,001-500,000",6
TRANSFER,Fraud,22,"50,001-100,000",2
TRANSFER,Legitimate,22,"1,000,001+",163
TRANSFER,Legitimate,22,"1,001-5,000",7
TRANSFER,Legitimate,22,"10,001-50,000",75
TRANSFER,Legitimate,22,"100,001-500,000",515
TRANSFER,Legitimate,22,101-500,1
TRANSFER,Legitimate,22,"5,001-10,000",11
TRANSFER,Legitimate,22,"50,001-100,000",81
TRANSFER,Legitimate,22,"500,001-1,000,000",193
TRANSFER,Legitimate,22,"501-1,000",1
CASH_IN,Legitimate,23,"1,001-5,000",16
CASH_IN,Legitimate,23,"10,001-50,000",120
CASH_IN,Legitimate,23,"100,001-500,000",521
CASH_IN,Legitimate,23,101-500,3
CASH_IN,Legitimate,23,"5,001-10,000",21
CASH_IN,Legitimate,23,"50,001-100,000",141
CASH_IN,Legitimate,23,"500,001-1,000,000",16
CASH_IN,Legitimate,23,"501-1,000",2
CASH_OUT,Fraud,23,"100,001-500,000",1
CASH_OUT,Legitimate,23,0-100,1
CASH_OUT,Legitimate,23,"1,001-5,000",10
CASH_OUT,Legitimate,23,"10,001-50,000",153
CASH_OUT,Legitimate,23,"100,001-500,000",720
CASH_OUT,Legitimate,23,101-500,2
CASH_OUT,Legitimate,23,"5,001-10,000",23
CASH_OUT,Legitimate,23,"50,001-100,000",199
CASH_OUT,Legitimate,23,"500,001-1,000,000",33
CASH_OUT,Legitimate,23,"501-1,000",4
DEBIT,Legitimate,23,0-100,1
DEBIT,Legitimate,23,"1,001-5,000",51
DEBIT,Legitimate,23,"10,001-50,000",1
DEBIT,Legitimate,23,101-500,4
DEBIT,Legitimate,23,"5,001-10,000",11
DEBIT,Legitimate,23,"501-1,000",3
PAYMENT,Legitimate,23,0-100,22
PAYMENT,Legitimate,23,"1,001-5,000",821
PAYMENT,Legitimate,23,"10,001-50,000",1545
PAYMENT,Legitimate,23,101-500,77
PAYMENT,Legitimate,23,"5,001-10,000",974
PAYMENT,Legitimate,23,"50,001-100,000",12
PAYMENT,Legitimate,23,"501-1,000",94
TRANSFER,Fraud,23,"100,001-500,000",1
TRANSFER,Legitimate,23,"1,000,001+",79
TRANSFER,Legitimate,23,"1,001-5,000",3
TRANSFER,Legitimate,23,"10,001-50,000",34
TRANSFER,Legitimate,23,"100,001-500,000",259
TRANSFER,Legitimate,23,"5,001-10,000",6
TRANSFER,Legitimate,23,"50,001-100,000",46
TRANSFER,Legitimate,23,"500,001-1,000,000",114
CASH_IN,Legitimate,24,"1,001-5,000",6
CASH_IN,Legitimate,24,"10,001-50,000",64
CASH_IN,Legitimate,24,"100,001-500,000",308
CASH_IN,Legitimate,24,"5,001-10,000",9
CASH_IN,Legitimate,24,"50,001-100,000",90
CASH_IN,Legitimate,24,"500,001-1,000,000",16
CASH_IN,Legitimate,24,"501-1,000",2
CASH_OUT,Fraud,24,"100,001-500,000",1
CASH_OUT,Fraud,24,"5,001-10,000",1
CASH_OUT,Fraud,24,"500,001-1,000,000",1
CASH_OUT,Legitimate,24,"1,001-5,000",7
CASH_OUT,Legitimate,24,"10,001-50,000",70
CASH_OUT,Legitimate,24,"100,001-500,000",393
CASH_OUT,Legitimate,24,101-500,2
CASH_OUT,Legitimate,24,"5,001-10,000",12
CASH_OUT,Legitimate,24,"50,001-100,000",94
CASH_OUT,Legitimate,24,"500,001-1,000,000",13
DEBIT,Legitimate,24,0-100,1
DEBIT,Legitimate,24,"1,001-5,000",59
DEBIT,Legitimate,24,"10,001-50,000",3
DEBIT,Legitimate,24,101-500,3
DEBIT,Legitimate,24,"5,001-10,000",16
DEBIT,Legitimate,24,"501-1,000",9
PAYMENT,Legitimate,24,0-100,8
PAYMENT,Legitimate,24,"1,001-5,000",417
PAYMENT,Legitimate,24,"10,001-50,000",771
PAYMENT,Legitimate,24,101-500,36
PAYMENT,Legitimate,24,"5,001-10,000",457
PAYMENT,Legitimate,24,"50,001-100,000",4
PAYMENT,Legitimate,24,"501-1,000",34
TRANSFER,Fraud,24,"100,001-500,000",1
TRANSFER,Fraud,24,"5,001-10,000",1
TRANSFER,Fraud,24,"500,001-1,000,000",1
TRANSFER,Legitimate,24,"1,000,001+",47
TRANSFER,Legitimate,24,"1,001-5,000",2
TRANSFER,Legitimate,24,"10,001-50,000",17
TRANSFER,Legitimate,24,"100,001-500,000",130
TRANSFER,Legitimate,24,"5,001-10,000",1
TRANSFER,Legitimate,24,"50,001-100,000",22
TRANSFER,Legitimate,24,"500,001-1,000,000",86
TRANSFER,Legitimate,24,"501-1,000",1
CASH_IN,Legitimate,25,0-100,1
CASH_IN,Legitimate,25,"1,000,001+",1
CASH_IN,Legitimate,25,"1,001-5,000",3
CASH_IN,Legitimate,25,"10,001-50,000",40
CASH_IN,Legitimate,25,"100,001-500,000",174
CASH_IN,Legitimate,25,"5,001-10,000",7
CASH_IN,Legitimate,25,"50,001-100,000",41
CASH_IN,Legitimate,25,"500,001-1,000,000",9
CASH_OUT,Fraud,25,"1,000,001+",1
CASH_OUT,Fraud,25,"10,001-50,000",2
CASH_OUT,Fraud,25,"100,001-500,000",3
CASH_OUT,Fraud,25,"5,001-10,000",1
CASH_OUT,Fraud,25,"500,001-1,000,000",2
CASH_OUT,Legitimate,25,0-100,1
CASH_OUT,Legitimate,25,"1,001-5,000",6
CASH_OUT,Legitimate,25,"10,001-50,000",20
CASH_OUT,Legitimate,25,"100,001-500,000",160
CASH_OUT,Legitimate,25,101-500,2
CASH_OUT,Legitimate,25,"5,001-10,000",4
CASH_OUT,Legitimate,25,"50,001-100,000",40
CASH_OUT,Legitimate,25,"500,001-1,000,000",4
DEBIT,Legitimate,25,"1,001-5,000",15
DEBIT,Legitimate,25,"10,001-50,000",12
DEBIT,Legitimate,25,101-500,3
DEBIT,Legitimate,25,"5,001-10,000",18
DEBIT,Legitimate,25,"501-1,000",2
PAYMENT,Legitimate,25,0-100,9
PAYMENT,Legitimate,25,"1,001-5,000",235
PAYMENT,Legitimate,25,"10,001-50,000",337
PAYMENT,Legitimate,25,101-500,36
PAYMENT,Legitimate,25,"5,001-10,000",262
PAYMENT,Legitimate,25,"50,001-100,000",1
PAYMENT,Legitimate,25,"501-1,000",37
TRANSFER,Fraud,25,"1,000,001+",1
TRANSFER,Fraud,25,"10,001-50,000",2
TRANSFER,Fraud,25,"100,001-500,000",3
TRANSFER,Fraud,25,"5,001-10,000",1
TRANSFER,Fraud,25,"500,001-1,000,000",2
TRANSFER,Legitimate,25,"1,000,001+",33
TRANSFER,Legitimate,25,"1,001-5,000",1
TRANSFER,Legitimate,25,"10,001-50,000",2
TRANSFER,Legitimate,25,"100,001-500,000",32
TRANSFER,Legitimate,25,"5,001-10,000",1
TRANSFER,Legitimate,25,"50,001-100,000",4
TRANSFER,Legitimate,25,"500,001-1,000,000",27
CASH_IN,Legitimate,26,"10,001-50,000",18
CASH_IN,Legitimate,26,"100,001-500,000",73
CASH_IN,Legitimate,26,"5,001-10,000",3
CASH_IN,Legitimate,26,"50,001-100,000",30
CASH_IN,Legitimate,26,"500,001-1,000,000",5
CASH_OUT,Fraud,26,"1,000,001+",2
CASH_OUT,Fraud,26,"10,001-50,000",1
CASH_OUT,Fraud,26,"100,001-500,000",2
CASH_OUT,Fraud,26,"50,001-100,000",1
CASH_OUT,Legitimate,26,"1,001-5,000",1
CASH_OUT,Legitimate,26,"10,001-50,000",7
CASH_OUT,Legitimate,26,"100,001-500,000",40
CASH_OUT,Legitimate,26,"50,001-100,000",20
CASH_OUT,Legitimate,26,"500,001-1,000,000",4
DEBIT,Legitimate,26,"1,001-5,000",3
DEBIT,Legitimate,26,101-500,1
DEBIT,Legitimate,26,"501-1,000",1
PAYMENT,Legitimate,26,0-100,2
PAYMENT,Legitimate,26,"1,001-5,000",98
PAYMENT,Legitimate,26,"10,001-50,000",23
PAYMENT,Legitimate,26,101-500,10
PAYMENT,Legitimate,26,"5,001-10,000",46
PAYMENT,Legitimate,26,"501-1,000",15
TRANSFER,Fraud,26,"1,000,001+",2
TRANSFER,Fraud,26,"10,001-50,000",1
TRANSFER,Fraud,26,"100,001-500,000",2
TRANSFER,Fraud,26,"50,001-100,000",1
TRANSFER,Legitimate,26,"1,000,001+",2
TRANSFER,Legitimate,26,"100,001-500,000",15
TRANSFER,Legitimate,26,"50,001-100,000",5
TRANSFER,Legitimate,26,"500,001-1,000,000",6
CASH_OUT,Fraud,27,"1,000,001+",1
CASH_OUT,Fraud,27,"100,001-500,000",3
CASH_OUT,Legitimate,27,"10,001-50,000",2
CASH_OUT,Legitimate,27,"100,001-500,000",7
CASH_OUT,Legitimate,27,"50,001-100,000",1
PAYMENT,Legitimate,27,"1,001-5,000",10
PAYMENT,Legitimate,27,"10,001-50,000",2
PAYMENT,Legitimate,27,101-500,1
PAYMENT,Legitimate,27,"5,001-10,000",5
TRANSFER,Fraud,27,"1,000,001+",1
TRANSFER,Fraud,27,"100,001-500,000",3
TRANSFER,Legitimate,27,"1,000,001+",1
TRANSFER,Legitimate,27,"100,001-500,000",2
TRANSFER,Legitimate,27,"500,001-1,000,000",2
CASH_OUT,Fraud,28,"1,000,001+",1
CASH_OUT,Fraud,28,"100,001-500,000",1
TRANSFER,Fraud,28,"1,000,001+",1
TRANSFER,Fraud,28,"100,001-500,000",1
CASH_OUT,Fraud,29,"100,001-500,000",2
TRANSFER,Fraud,29,"100,001-500,000",2
CASH_OUT,Fraud,30,"10,001-50,000",1
CASH_OUT,Fraud,30,"100,001-500,000",3
TRANSFER,Fraud,30,"10,001-50,000",1
TRANSFER,Fraud,30,"100,001-500,000",3
CASH_OUT,Fraud,31,"1,000,001+",1
CASH_OUT,Fraud,31,"10,001-50,000",1
CASH_OUT,Fraud,31,"100,001-500,000",3
CASH_OUT,Fraud,31,"500,001-1,000,000",1
TRANSFER,Fraud,31,"1,000,001+",1
TRANSFER,Fraud,31,"10,001-50,000",1
TRANSFER,Fraud,31,"100,001-500,000",3
TRANSFER,Fraud,31,"500,001-1,000,000",1
CASH_OUT,Fraud,32,"1,000,001+",2
CASH_OUT,Fraud,32,"100,001-500,000",2
CASH_OUT,Fraud,32,"50,001-100,000",1
CASH_OUT,Fraud,32,"500,001-1,000,000",1
TRANSFER,Fraud,32,"1,000,001+",2
TRANSFER,Fraud,32,"100,001-500,000",2
TRANSFER,Fraud,32,"50,001-100,000",1
TRANSFER,Fraud,32,"500,001-1,000,000",1
CASH_IN,Legitimate,33,0-100,3
CASH_IN,Legitimate,33,"1,001-5,000",64
CASH_IN,Legitimate,33,"10,001-50,000",804
CASH_IN,Legitimate,33,"100,001-500,000",3514
CASH_IN,Legitimate,33,101-500,7
CASH_IN,Legitimate,33,"5,001-10,000",87
CASH_IN,Legitimate,33,"50,001-100,000",1043
CASH_IN,Legitimate,33,"500,001-1,000,000",111
CASH_IN,Legitimate,33,"501-1,000",9
CASH_OUT,Fraud,33,"1,000,001+",5
CASH_OUT,Fraud,33,"100,001-500,000",1
CASH_OUT,Legitimate,33,0-100,2
CASH_OUT,Legitimate,33,"1,001-5,000",96
CASH_OUT,Legitimate,33,"10,001-50,000",949
CASH_OUT,Legitimate,33,"100,001-500,000",5273
CASH_OUT,Legitimate,33,101-500,8
CASH_OUT,Legitimate,33,"5,001-10,000",120
CASH_OUT,Legitimate,33,"50,001-100,000",1280
CASH_OUT,Legitimate,33,"500,001-1,000,000",257
CASH_OUT,Legitimate,33,"501-1,000",6
DEBIT,Legitimate,33,0-100,1
DEBIT,Legitimate,33,"1,001-5,000",52
DEBIT,Legitimate,33,"10,001-50,000",7
DEBIT,Legitimate,33,101-500,3
DEBIT,Legitimate,33,"5,001-10,000",23
DEBIT,Legitimate,33,"501-1,000",9
PAYMENT,Legitimate,33,0-100,69
PAYMENT,Legitimate,33,"1,001-5,000",1944
PAYMENT,Legitimate,33,"10,001-50,000",3142
PAYMENT,Legitimate,33,101-500,197
PAYMENT,Legitimate,33,"5,001-10,000",2109
PAYMENT,Legitimate,33,"50,001-100,000",36
PAYMENT,Legitimate,33,"501-1,000",295
TRANSFER,Fraud,33,"1,000,001+",5
TRANSFER,Fraud,33,"100,001-500,000",1
TRANSFER,Legitimate,33,0-100,1
TRANSFER,Legitimate,33,"1,000,001+",615
TRANSFER,Legitimate,33,"1,001-5,000",5
TRANSFER,Legitimate,33,"10,001-50,000",87
TRANSFER,Legitimate,33,"100,001-500,000",714
TRANSFER,Legitimate,33,101-500,1
TRANSFER,Legitimate,33,"5,001-10,000",10
TRANSFER,Legitimate,33,"50,001-100,000",114
TRANSFER,Legitimate,33,"500,001-1,000,000",536
TRANSFER,Legitimate,33,"501-1,000",1
CASH_IN,Legitimate,34,"1,001-5,000",78
CASH_IN,Legitimate,34,"10,001-50,000",977
CASH_IN,Legitimate,34,"100,001-500,000",4497
CASH_IN,Legitimate,34,101-500,13
CASH_IN,Legitimate,34,"5,001-10,000",103
CASH_IN,Legitimate,34,"50,001-100,000",1268
CASH_IN,Legitimate,34,"500,001-1,000,000",133
CASH_IN,Legitimate,34,"501-1,000",15
CASH_OUT,Fraud,34,"1,000,001+",2
CASH_OUT,Fraud,34,"10,001-50,000",3
CASH_OUT,Fraud,34,"100,001-500,000",1
CASH_OUT,Fraud,34,"50,001-100,000",3
CASH_OUT,Fraud,34,"500,001-1,000,000",2
CASH_OUT,Legitimate,34,0-100,2
CASH_OUT,Legitimate,34,"1,000,001+",1
CASH_OUT,Legitimate,34,"1,001-5,000",140
CASH_OUT,Legitimate,34,"10,001-50,000",1298
CASH_OUT,Legitimate,34,"100,001-500,000",7401
CASH_OUT,Legitimate,34,101-500,11
CASH_OUT,Legitimate,34,"5,001-10,000",149
CASH_OUT,Legitimate,34,"50,001-100,000",1719
CASH_OUT,Legitimate,34,"500,001-1,000,000",513
CASH_OUT,Legitimate,34,"501-1,000",16
DEBIT,Legitimate,34,0-100,6
DEBIT,Legitimate,34,"1,001-5,000",88
DEBIT,Legitimate,34,"10,001-50,000",1
DEBIT,Legitimate,34,101-500,6
DEBIT,Legitimate,34,"5,001-10,000",33
DEBIT,Legitimate,34,"501-1,000",15
PAYMENT,Legitimate,34,0-100,49
PAYMENT,Legitimate,34,"1,001-5,000",1940
PAYMENT,Legitimate,34,"10,001-50,000",4849
PAYMENT,Legitimate,34,101-500,220
PAYMENT,Legitimate,34,"5,001-10,000",2363
PAYMENT,Legitimate,34,"50,001-100,000",90
PAYMENT,Legitimate,34,"501-1,000",266
TRANSFER,Fraud,34,"1,000,001+",2
TRANSFER,Fraud,34,"10,001-50,000",3
TRANSFER,Fraud,34,"100,001-500,000",1
TRANSFER,Fraud,34,"50,001-100,000",3
TRANSFER,Fraud,34,"500,001-1,000,000",2
TRANSFER,Legitimate,34,"1,000,001+",687
TRANSFER,Legitimate,34,"1,001-5,000",10
TRANSFER,Legitimate,34,"10,001-50,000",132
TRANSFER,Legitimate,34,"100,001-500,000",946
TRANSFER,Legitimate,34,101-500,1
TRANSFER,Legitimate,34,"5,001-10,000",11
TRANSFER,Legitimate,34,"50,001-100,000",150
TRANSFER,Legitimate,34,"500,001-1,000,000",685
CASH_IN,Legitimate,35,0-100,3
CASH_IN,Legitimate,35,"1,001-5,000",84
CASH_IN,Legitimate,35,"10,001-50,000",876
CASH_IN,Legitimate,35,"100,001-500,000",4237
CASH_IN,Legitimate,35,101-500,7
CASH_IN,Legitimate,35,"5,001-10,000",103
CASH_IN,Legitimate,35,"50,001-100,000",1186
CASH_IN,Legitimate,35,"500,001-1,000,000",114
CASH_IN,Legitimate,35,"501-1,000",10
CASH_OUT,Fraud,35,"1,000,001+",2
CASH_OUT,Fraud,35,"100,001-500,000",6
CASH_OUT,Legitimate,35,0-100,5
CASH_OUT,Legitimate,35,"1,000,001+",1
CASH_OUT,Legitimate,35,"1,001-5,000",110
CASH_OUT,Legitimate,35,"10,001-50,000",1204
CASH_OUT,Legitimate,35,"100,001-500,000",7068
CASH_OUT,Legitimate,35,101-500,9
CASH_OUT,Legitimate,35,"5,001-10,000",158
CASH_OUT,Legitimate,35,"50,001-100,000",1581
CASH_OUT,Legitimate,35,"500,001-1,000,000",370
CASH_OUT,Legitimate,35,"501-1,000",19
DEBIT,Legitimate,35,0-100,2
DEBIT,Legitimate,35,"1,001-5,000",53
DEBIT,Legitimate,35,101-500,11
DEBIT,Legitimate,35,"5,001-10,000",12
DEBIT,Legitimate,35,"501-1,000",6
PAYMENT,Legitimate,35,0-100,48
PAYMENT,Legitimate,35,"1,001-5,000",2094
PAYMENT,Legitimate,35,"10,001-50,000",4393
PAYMENT,Legitimate,35,"100,001-500,000",1
PAYMENT,Legitimate,35,101-500,205
PAYMENT,Legitimate,35,"5,001-10,000",2275
PAYMENT,Legitimate,35,"50,001-100,000",119
PAYMENT,Legitimate,35,"501-1,000",244
TRANSFER,Fraud,35,"1,000,001+",2
TRANSFER,Fraud,35,"100,001-500,000",5
TRANSFER,Legitimate,35,"1,000,001+",724
TRANSFER,Legitimate,35,"1,001-5,000",11
TRANSFER,Legitimate,35,"10,001-50,000",100
TRANSFER,Legitimate,35,"100,001-500,000",917
TRANSFER,Legitimate,35,"5,001-10,000",9
TRANSFER,Legitimate,35,"50,001-100,000",132
TRANSFER,Legitimate,35,"500,001-1,000,000",639
TRANSFER,Legitimate,35,"501-1,000",2
CASH_IN,Legitimate,36,0-100,1
CASH_IN,Legitimate,36,"1,001-5,000",93
CASH_IN,Legitimate,36,"10,001-50,000",1174
CASH_IN,Legitimate,36,"100,001-500,000",5486
CASH_IN,Legitimate,36,101-500,6
CASH_IN,Legitimate,36,"5,001-10,000",125
CASH_IN,Legitimate,36,"50,001-100,000",1474
CASH_IN,Legitimate,36,"500,001-1,000,000",206
CASH_IN,Legitimate,36,"501-1,000",14
CASH_OUT,Fraud,36,"1,000,001+",2
CASH_OUT,Fraud,36,"10,001-50,000",1
CASH_OUT,Fraud,36,"100,001-500,000",4
CASH_OUT,Fraud,36,"500,001-1,000,000",2
CASH_OUT,Fraud,36,"501-1,000",1
CASH_OUT,Legitimate,36,0-100,1
CASH_OUT,Legitimate,36,"1,001-5,000",162
CASH_OUT,Legitimate,36,"10,001-50,000",1838
CASH_OUT,Legitimate,36,"100,001-500,000",10292
CASH_OUT,Legitimate,36,101-500,12
CASH_OUT,Legitimate,36,"5,001-10,000",229
CASH_OUT,Legitimate,36,"50,001-100,000",2354
CASH_OUT,Legitimate,36,"500,001-1,000,000",605
CASH_OUT,Legitimate,36,"501-1,000",22
DEBIT,Legitimate,36,0-100,5
DEBIT,Legitimate,36,"1,001-5,000",74
DEBIT,Legitimate,36,"10,001-50,000",2
DEBIT,Legitimate,36,101-500,7
DEBIT,Legitimate,36,"5,001-10,000",17
DEBIT,Legitimate,36,"501-1,000",13
PAYMENT,Legitimate,36,0-100,64
PAYMENT,Legitimate,36,"1,001-5,000",2261
PAYMENT,Legitimate,36,"10,001-50,000",6400
PAYMENT,Legitimate,36,"100,001-500,000",2
PAYMENT,Legitimate,36,101-500,231
PAYMENT,Legitimate,36,"5,001-10,000",2487
PAYMENT,Legitimate,36,"50,001-100,000",363
PAYMENT,Legitimate,36,"501-1,000",278
TRANSFER,Fraud,36,"1,000,001+",2
TRANSFER,Fraud,36,"10,001-50,000",1
TRANSFER,Fraud,36,"100,001-500,000",3
TRANSFER,Fraud,36,"500,001-1,000,000",2
TRANSFER,Fraud,36,"501-1,000",1
TRANSFER,Legitimate,36,"1,000,001+",650
TRANSFER,Legitimate,36,"1,001-5,000",21
TRANSFER,Legitimate,36,"10,001-50,000",149
TRANSFER,Legitimate,36,"100,001-500,000",1444
TRANSFER,Legitimate,36,101-500,2
TRANSFER,Legitimate,36,"5,001-10,000",22
TRANSFER,Legitimate,36,"50,001-100,000",223
TRANSFER,Legitimate,36,"500,001-1,000,000",943
TRANSFER,Legitimate,36,"501-1,000",3
CASH_IN,Legitimate,37,0-100,4
CASH_IN,Legitimate,37,"1,001-5,000",106
CASH_IN,Legitimate,37,"10,001-50,000",1004
CASH_IN,Legitimate,37,"100,001-500,000",4779
CASH_IN,Legitimate,37,101-500,3
CASH_IN,Legitimate,37,"5,001-10,000",149
CASH_IN,Legitimate,37,"50,001-100,000",1185
CASH_IN,Legitimate,37,"500,001-1,000,000",210
CASH_IN,Legitimate,37,"501-1,000",10
CASH_OUT,Fraud,37,"1,000,001+",1
CASH_OUT,Fraud,37,"1,001-5,000",1
CASH_OUT,Fraud,37,"100,001-500,000",3
CASH_OUT,Fraud,37,"50,001-100,000",1
CASH_OUT,Fraud,37,"500,001-1,000,000",1
CASH_OUT,Legitimate,37,0-100,7
CASH_OUT,Legitimate,37,"1,000,001+",3
CASH_OUT,Legitimate,37,"1,001-5,000",122
CASH_OUT,Legitimate,37,"10,001-50,000",1587
CASH_OUT,Legitimate,37,"100,001-500,000",8729
CASH_OUT,Legitimate,37,101-500,18
CASH_OUT,Legitimate,37,"5,001-10,000",178
CASH_OUT,Legitimate,37,"50,001-100,000",2059
CASH_OUT,Legitimate,37,"500,001-1,000,000",405
CASH_OUT,Legitimate,37,"501-1,000",16
DEBIT,Legitimate,37,0-100,1
DEBIT,Legitimate,37,"1,001-5,000",92
DEBIT,Legitimate,37,"10,001-50,000",4
DEBIT,Legitimate,37,"100,001-500,000",1
DEBIT,Legitimate,37,101-500,14
DEBIT,Legitimate,37,"5,001-10,000",21
DEBIT,Legitimate,37,"501-1,000",11
PAYMENT,Legitimate,37,0-100,47
PAYMENT,Legitimate,37,"1,001-5,000",2202
PAYMENT,Legitimate,37,"10,001-50,000",5058
PAYMENT,Legitimate,37,"100,001-500,000",2
PAYMENT,Legitimate,37,101-500,221
PAYMENT,Legitimate,37,"5,001-10,000",2312
PAYMENT,Legitimate,37,"50,001-100,000",318
PAYMENT,Legitimate,37,"501-1,000",256
TRANSFER,Fraud,37,"1,000,001+",1
TRANSFER,Fraud,37,"1,001-5,000",1
TRANSFER,Fraud,37,"100,001-500,000",2
TRANSFER,Fraud,37,"50,001-100,000",1
TRANSFER,Fraud,37,"500,001-1,000,000",1
TRANSFER,Legitimate,37,"1,000,001+",685
TRANSFER,Legitimate,37,"1,001-5,000",15
TRANSFER,Legitimate,37,"10,001-50,000",137
TRANSFER,Legitimate,37,"100,001-500,000",1104
TRANSFER,Legitimate,37,101-500,1
TRANSFER,Legitimate,37,"5,001-10,000",14
TRANSFER,Legitimate,37,"50,001-100,000",147
TRANSFER,Legitimate,37,"500,001-1,000,000",750
CASH_IN,Legitimate,38,"1,000,001+",3
CASH_IN,Legitimate,38,"1,001-5,000",102
CASH_IN,Legitimate,38,"10,001-50,000",976
CASH_IN,Legitimate,38,"100,001-500,000",4397
CASH_IN,Legitimate,38,101-500,15
CASH_IN,Legitimate,38,"5,001-10,000",117
CASH_IN,Legitimate,38,"50,001-100,000",1206
CASH_IN,Legitimate,38,"500,001-1,000,000",188
CASH_IN,Legitimate,38,"501-1,000",11
CASH_OUT,Fraud,38,"1,000,001+",1
CASH_OUT,Fraud,38,"1,001-5,000",2
CASH_OUT,Fraud,38,"10,001-50,000",1
CASH_OUT,Fraud,38,"100,001-500,000",3
CASH_OUT,Fraud,38,"50,001-100,000",1
CASH_OUT,Fraud,38,"500,001-1,000,000",1
CASH_OUT,Legitimate,38,0-100,7
CASH_OUT,Legitimate,38,"1,000,001+",2
CASH_OUT,Legitimate,38,"1,001-5,000",137
CASH_OUT,Legitimate,38,"10,001-50,000",1426
CASH_OUT,Legitimate,38,"100,001-500,000",7923
CASH_OUT,Legitimate,38,101-500,10
CASH_OUT,Legitimate,38,"5,001-10,000",175
CASH_OUT,Legitimate,38,"50,001-100,000",1885
CASH_OUT,Legitimate,38,"500,001-1,000,000",416
CASH_OUT,Legitimate,38,"501-1,000",14
DEBIT,Legitimate,38,0-100,5
DEBIT,Legitimate,38,"1,001-5,000",88
DEBIT,Legitimate,38,"10,001-50,000",2
DEBIT,Legitimate,38,"100,001-500,000",1
DEBIT,Legitimate,38,101-500,7
DEBIT,Legitimate,38,"5,001-10,000",37
DEBIT,Legitimate,38,"501-1,000",12
PAYMENT,Legitimate,38,0-100,56
PAYMENT,Legitimate,38,"1,001-5,000",2491
PAYMENT,Legitimate,38,"10,001-50,000",3997
PAYMENT,Legitimate,38,101-500,235
PAYMENT,Legitimate,38,"5,001-10,000",2593
PAYMENT,Legitimate,38,"50,001-100,000",14
PAYMENT,Legitimate,38,"501-1,000",334
TRANSFER,Fraud,38,"1,000,001+",1
TRANSFER,Fraud,38,"1,001-5,000",2
TRANSFER,Fraud,38,"10,001-50,000",1
TRANSFER,Fraud,38,"100,001-500,000",2
TRANSFER,Fraud,38,"50,001-100,000",1
TRANSFER,Legitimate,38,"1,000,001+",505
TRANSFER,Legitimate,38,"1,001-5,000",12
TRANSFER,Legitimate,38,"10,001-50,000",121
TRANSFER,Legitimate,38,"100,001-500,000",1006
TRANSFER,Legitimate,38,101-500,1
TRANSFER,Legitimate,38,"5,001-10,000",21
TRANSFER,Legitimate,38,"50,001-100,000",169
TRANSFER,Legitimate,38,"500,001-1,000,000",719
TRANSFER,Legitimate,38,"501-1,000",1
CASH_IN,Legitimate,39,0-100,2
CASH_IN,Legitimate,39,"1,000,001+",1
CASH_IN,Legitimate,39,"1,001-5,000",67
CASH_IN,Legitimate,39,"10,001-50,000",757
CASH_IN,Legitimate,39,"100,001-500,000",3468
CASH_IN,Legitimate,39,101-500,4
CASH_IN,Legitimate,39,"5,001-10,000",88
CASH_IN,Legitimate,39,"50,001-100,000",1007
CASH_IN,Legitimate,39,"500,001-1,000,000",100
CASH_IN,Legitimate,39,"501-1,000",12
CASH_OUT,Fraud,39,"1,000,001+",2
CASH_OUT,Fraud,39,"10,001-50,000",2
CASH_OUT,Fraud,39,"100,001-500,000",2
CASH_OUT,Legitimate,39,0-100,3
CASH_OUT,Legitimate,39,"1,000,001+",1
CASH_OUT,Legitimate,39,"1,001-5,000",98
CASH_OUT,Legitimate,39,"10,001-50,000",1038
CASH_OUT,Legitimate,39,"100,001-500,000",5519
CASH_OUT,Legitimate,39,101-500,8
CASH_OUT,Legitimate,39,"5,001-10,000",114
CASH_OUT,Legitimate,39,"50,001-100,000",1287
CASH_OUT,Legitimate,39,"500,001-1,000,000",314
CASH_OUT,Legitimate,39,"501-1,000",8
DEBIT,Legitimate,39,"1,001-5,000",59
DEBIT,Legitimate,39,"10,001-50,000",1
DEBIT,Legitimate,39,101-500,6
DEBIT,Legitimate,39,"5,001-10,000",18
DEBIT,Legitimate,39,"501-1,000",14
PAYMENT,Legitimate,39,0-100,40
PAYMENT,Legitimate,39,"1,001-5,000",1787
PAYMENT,Legitimate,39,"10,001-50,000",3087
PAYMENT,Legitimate,39,101-500,173
PAYMENT,Legitimate,39,"5,001-10,000",1965
PAYMENT,Legitimate,39,"50,001-100,000",23
PAYMENT,Legitimate,39,"501-1,000",204
TRANSFER,Fraud,39,"1,000,001+",2
TRANSFER,Fraud,39,"10,001-50,000",2
TRANSFER,Fraud,39,"100,001-500,000",2
TRANSFER,Legitimate,39,"1,000,001+",296
TRANSFER,Legitimate,39,"1,001-5,000",11
TRANSFER,Legitimate,39,"10,001-50,000",101
TRANSFER,Legitimate,39,"100,001-500,000",982
TRANSFER,Legitimate,39,101-500,1
TRANSFER,Legitimate,39,"5,001-10,000",14
TRANSFER,Legitimate,39,"50,001-100,000",134
TRANSFER,Legitimate,39,"500,001-1,000,000",566
TRANSFER,Legitimate,39,"501-1,000",1
CASH_IN,Legitimate,40,0-100,4
CASH_IN,Legitimate,40,"1,001-5,000",89
CASH_IN,Legitimate,40,"10,001-50,000",992
CASH_IN,Legitimate,40,"100,001-500,000",4781
CASH_IN,Legitimate,40,101-500,10
CASH_IN,Legitimate,40,"5,001-10,000",111
CASH_IN,Legitimate,40,"50,001-100,000",1367
CASH_IN,Legitimate,40,"500,001-1,000,000",174
CASH_IN,Legitimate,40,"501-1,000",14
CASH_OUT,Fraud,40,"1,000,001+",2
CASH_OUT,Fraud,40,"10,001-50,000",3
CASH_OUT,Fraud,40,"100,001-500,000",1
CASH_OUT,Fraud,40,"5,001-10,000",1
CASH_OUT,Legitimate,40,0-100,2
CASH_OUT,Legitimate,40,"1,000,001+",2
CASH_OUT,Legitimate,40,"1,001-5,000",140
CASH_OUT,Legitimate,40,"10,001-50,000",1522
CASH_OUT,Legitimate,40,"100,001-500,000",8669
CASH_OUT,Legitimate,40,101-500,15
CASH_OUT,Legitimate,40,"5,001-10,000",196
CASH_OUT,Legitimate,40,"50,001-100,000",2067
CASH_OUT,Legitimate,40,"500,001-1,000,000",414
CASH_OUT,Legitimate,40,"501-1,000",21
DEBIT,Legitimate,40,0-100,1
DEBIT,Legitimate,40,"1,001-5,000",116
DEBIT,Legitimate,40,101-500,9
DEBIT,Legitimate,40,"5,001-10,000",13
DEBIT,Legitimate,40,"50,001-100,000",1
DEBIT,Legitimate,40,"501-1,000",20
PAYMENT,Legitimate,40,0-100,72
PAYMENT,Legitimate,40,"1,001-5,000",2458
PAYMENT,Legitimate,40,"10,001-50,000",4763
PAYMENT,Legitimate,40,101-500,247
PAYMENT,Legitimate,40,"5,001-10,000",2624
PAYMENT,Legitimate,40,"50,001-100,000",46
PAYMENT,Legitimate,40,"501-1,000",297
TRANSFER,Fraud,40,"1,000,001+",2
TRANSFER,Fraud,40,"10,001-50,000",3
TRANSFER,Fraud,40,"100,001-500,000",1
TRANSFER,Fraud,40,"5,001-10,000",1
TRANSFER,Legitimate,40,0-100,1
TRANSFER,Legitimate,40,"1,000,001+",465
TRANSFER,Legitimate,40,"1,001-5,000",14
TRANSFER,Legitimate,40,"10,001-50,000",160
TRANSFER,Legitimate,40,"100,001-500,000",1348
TRANSFER,Legitimate,40,101-500,2
TRANSFER,Legitimate,40,"5,001-10,000",11
TRANSFER,Legitimate,40,"50,001-100,000",185
TRANSFER,Legitimate,40,"500,001-1,000,000",809
TRANSFER,Legitimate,40,"501-1,000",4
CASH_IN,Legitimate,41,0-100,4
CASH_IN,Legitimate,41,"1,000,001+",3
CASH_IN,Legitimate,41,"1,001-5,000",114
CASH_IN,Legitimate,41,"10,001-50,000",1080
CASH_IN,Legitimate,41,"100,001-500,000",5291
CASH_IN,Legitimate,41,101-500,11
CASH_IN,Legitimate,41,"5,001-10,000",143
CASH_IN,Legitimate,41,"50,001-100,000",1441
CASH_IN,Legitimate,41,"500,001-1,000,000",138
CASH_IN,Legitimate,41,"501-1,000",11
CASH_OUT,Fraud,41,"1,000,001+",3
CASH_OUT,Fraud,41,"10,001-50,000",1
CASH_OUT,Fraud,41,"50,001-100,000",1
CASH_OUT,Fraud,41,"500,001-1,000,000",1
CASH_OUT,Legitimate,41,0-100,2
CASH_OUT,Legitimate,41,"1,000,001+",1
CASH_OUT,Legitimate,41,"1,001-5,000",173
CASH_OUT,Legitimate,41,"10,001-50,000",1764
CASH_OUT,Legitimate,41,"100,001-500,000",9093
CASH_OUT,Legitimate,41,101-500,18
CASH_OUT,Legitimate,41,"5,001-10,000",204
CASH_OUT,Legitimate,41,"50,001-100,000",2249
CASH_OUT,Legitimate,41,"500,001-1,000,000",407
CASH_OUT,Legitimate,41,"501-1,000",12
DEBIT,Legitimate,41,0-100,3
DEBIT,Legitimate,41,"1,001-5,000",101
DEBIT,Legitimate,41,"10,001-50,000",4
DEBIT,Legitimate,41,"100,001-500,000",2
DEBIT,Legitimate,41,101-500,10
DEBIT,Legitimate,41,"5,001-10,000",18
DEBIT,Legitimate,41,"50,001-100,000",1
DEBIT,Legitimate,41,"501-1,000",23
PAYMENT,Legitimate,41,0-100,57
PAYMENT,Legitimate,41,"1,001-5,000",2789
PAYMENT,Legitimate,41,"10,001-50,000",4431
PAYMENT,Legitimate,41,101-500,288
PAYMENT,Legitimate,41,"5,001-10,000",3027
PAYMENT,Legitimate,41,"50,001-100,000",51
PAYMENT,Legitimate,41,"501-1,000",364
TRANSFER,Fraud,41,"1,000,001+",3
TRANSFER,Fraud,41,"10,001-50,000",1
TRANSFER,Fraud,41,"50,001-100,000",1
TRANSFER,Fraud,41,"500,001-1,000,000",1
TRANSFER,Legitimate,41,"1,000,001+",404
TRANSFER,Legitimate,41,"1,001-5,000",12
TRANSFER,Legitimate,41,"10,001-50,000",152
TRANSFER,Legitimate,41,"100,001-500,000",1317
TRANSFER,Legitimate,41,"5,001-10,000",19
TRANSFER,Legitimate,41,"50,001-100,000",212
TRANSFER,Legitimate,41,"500,001-1,000,000",888
TRANSFER,Legitimate,41,"501-1,000",4
CASH_IN,Legitimate,42,0-100,3
CASH_IN,Legitimate,42,"1,000,001+",2
CASH_IN,Legitimate,42,"1,001-5,000",108
CASH_IN,Legitimate,42,"10,001-50,000",1329
CASH_IN,Legitimate,42,"100,001-500,000",6032
CASH_IN,Legitimate,42,101-500,9
CASH_IN,Legitimate,42,"5,001-10,000",160
CASH_IN,Legitimate,42,"50,001-100,000",1705
CASH_IN,Legitimate,42,"500,001-1,000,000",123
CASH_IN,Legitimate,42,"501-1,000",17
CASH_OUT,Fraud,42,"1,000,001+",4
CASH_OUT,Fraud,42,"10,001-50,000",1
CASH_OUT,Fraud,42,"100,001-500,000",1
CASH_OUT,Fraud,42,"500,001-1,000,000",1
CASH_OUT,Legitimate,42,0-100,7
CASH_OUT,Legitimate,42,"1,001-5,000",235
CASH_OUT,Legitimate,42,"10,001-50,000",2108
CASH_OUT,Legitimate,42,"100,001-500,000",10112
CASH_OUT,Legitimate,42,101-500,26
CASH_OUT,Legitimate,42,"5,001-10,000",256
CASH_OUT,Legitimate,42,"50,001-100,000",2762
CASH_OUT,Legitimate,42,"500,001-1,000,000",264
CASH_OUT,Legitimate,42,"501-1,000",17
DEBIT,Legitimate,42,0-100,1
DEBIT,Legitimate,42,"1,001-5,000",87
DEBIT,Legitimate,42,"10,001-50,000",4
DEBIT,Legitimate,42,"100,001-500,000",2
DEBIT,Legitimate,42,101-500,9
DEBIT,Legitimate,42,"5,001-10,000",27
DEBIT,Legitimate,42,"501-1,000",15
PAYMENT,Legitimate,42,0-100,93
PAYMENT,Legitimate,42,"1,001-5,000",3067
PAYMENT,Legitimate,42,"10,001-50,000",5308
PAYMENT,Legitimate,42,"100,001-500,000",1
PAYMENT,Legitimate,42,101-500,316
PAYMENT,Legitimate,42,"5,001-10,000",3343
PAYMENT,Legitimate,42,"50,001-100,000",55
PAYMENT,Legitimate,42,"501-1,000",369
TRANSFER,Fraud,42,"1,000,001+",4
TRANSFER,Fraud,42,"10,001-50,000",1
TRANSFER,Fraud,42,"100,001-500,000",1
TRANSFER,Fraud,42,"500,001-1,000,000",1
TRANSFER,Legitimate,42,"1,000,001+",554
TRANSFER,Legitimate,42,"1,001-5,000",14
TRANSFER,Legitimate,42,"10,001-50,000",168
TRANSFER,Legitimate,42,"100,001-500,000",1359
TRANSFER,Legitimate,42,101-500,2
TRANSFER,Legitimate,42,"5,001-10,000",21
TRANSFER,Legitimate,42,"50,001-100,000",227
TRANSFER,Legitimate,42,"500,001-1,000,000",971
TRANSFER,Legitimate,42,"501-1,000",2
CASH_IN,Legitimate,43,0-100,6
CASH_IN,Legitimate,43,"1,000,001+",2
CASH_IN,Legitimate,43,"1,001-5,000",142
CASH_IN,Legitimate,43,"10,001-50,000",1491
CASH_IN,Legitimate,43,"100,001-500,000",6022
CASH_IN,Legitimate,43,101-500,13
CASH_IN,Legitimate,43,"5,001-10,000",178
CASH_IN,Legitimate,43,"50,001-100,000",1888
CASH_IN,Legitimate,43,"500,001-1,000,000",101
CASH_IN,Legitimate,43,"501-1,000",9
CASH_OUT,Fraud,43,"10,001-50,000",2
CASH_OUT,Fraud,43,"100,001-500,000",3
CASH_OUT,Fraud,43,"50,001-100,000",1
CASH_OUT,Legitimate,43,0-100,8
CASH_OUT,Legitimate,43,"1,001-5,000",260
CASH_OUT,Legitimate,43,"10,001-50,000",2568
CASH_OUT,Legitimate,43,"100,001-500,000",10924
CASH_OUT,Legitimate,43,101-500,29
CASH_OUT,Legitimate,43,"5,001-10,000",280
CASH_OUT,Legitimate,43,"50,001-100,000",3287
CASH_OUT,Legitimate,43,"500,001-1,000,000",252
CASH_OUT,Legitimate,43,"501-1,000",41
DEBIT,Legitimate,43,0-100,1
DEBIT,Legitimate,43,"1,001-5,000",114
DEBIT,Legitimate,43,"10,001-50,000",19
DEBIT,Legitimate,43,"100,001-500,000",1
DEBIT,Legitimate,43,101-500,18
DEBIT,Legitimate,43,"5,001-10,000",64
DEBIT,Legitimate,43,"50,001-100,000",2
DEBIT,Legitimate,43,"501-1,000",16
PAYMENT,Legitimate,43,0-100,74
PAYMENT,Legitimate,43,"1,001-5,000",3534
PAYMENT,Legitimate,43,"10,001-50,000",5648
PAYMENT,Legitimate,43,101-500,351
PAYMENT,Legitimate,43,"5,001-10,000",3634
PAYMENT,Legitimate,43,"50,001-100,000",82
PAYMENT,Legitimate,43,"501-1,000",446
TRANSFER,Fraud,43,"1,000,001+",1
TRANSFER,Fraud,43,"10,001-50,000",2
TRANSFER,Fraud,43,"100,001-500,000",3
TRANSFER,Fraud,43,"50,001-100,000",1
TRANSFER,Legitimate,43,"1,000,001+",605
TRANSFER,Legitimate,43,"1,001-5,000",12
TRANSFER,Legitimate,43,"10,001-50,000",186
TRANSFER,Legitimate,43,"100,001-500,000",1561
TRANSFER,Legitimate,43,"5,001-10,000",21
TRANSFER,Legitimate,43,"50,001-100,000",244
TRANSFER,Legitimate,43,"500,001-1,000,000",912
TRANSFER,Legitimate,43,"501-1,000",1
CASH_IN,Legitimate,44,0-100,2
CASH_IN,Legitimate,44,"1,001-5,000",105
CASH_IN,Legitimate,44,"10,001-50,000",1228
CASH_IN,Legitimate,44,"100,001-500,000",4888
CASH_IN,Legitimate,44,101-500,7
CASH_IN,Legitimate,44,"5,001-10,000",153
CASH_IN,Legitimate,44,"50,001-100,000",1585
CASH_IN,Legitimate,44,"500,001-1,000,000",91
CASH_IN,Legitimate,44,"501-1,000",10
CASH_OUT,Fraud,44,"1,000,001+",1
CASH_OUT,Fraud,44,"10,001-50,000",1
CASH_OUT,Fraud,44,"100,001-500,000",1
CASH_OUT,Fraud,44,"500,001-1,000,000",1
CASH_OUT,Legitimate,44,0-100,6
CASH_OUT,Legitimate,44,"1,000,001+",2
CASH_OUT,Legitimate,44,"1,001-5,000",215
CASH_OUT,Legitimate,44,"10,001-50,000",2242
CASH_OUT,Legitimate,44,"100,001-500,000",8099
CASH_OUT,Legitimate,44,101-500,18
CASH_OUT,Legitimate,44,"5,001-10,000",252
CASH_OUT,Legitimate,44,"50,001-100,000",2824
CASH_OUT,Legitimate,44,"500,001-1,000,000",168
CASH_OUT,Legitimate,44,"501-1,000",17
DEBIT,Legitimate,44,0-100,6
DEBIT,Legitimate,44,"1,001-5,000",129
DEBIT,Legitimate,44,"10,001-50,000",13
DEBIT,Legitimate,44,"100,001-500,000",3
DEBIT,Legitimate,44,101-500,16
DEBIT,Legitimate,44,"5,001-10,000",69
DEBIT,Legitimate,44,"501-1,000",13
PAYMENT,Legitimate,44,0-100,112
PAYMENT,Legitimate,44,"1,001-5,000",3874
PAYMENT,Legitimate,44,"10,001-50,000",4398
PAYMENT,Legitimate,44,101-500,381
PAYMENT,Legitimate,44,"5,001-10,000",3958
PAYMENT,Legitimate,44,"50,001-100,000",83
PAYMENT,Legitimate,44,"501-1,000",498
TRANSFER,Fraud,44,"1,000,001+",1
TRANSFER,Fraud,44,"10,001-50,000",1
TRANSFER,Fraud,44,"100,001-500,000",1
TRANSFER,Fraud,44,"500,001-1,000,000",1
TRANSFER,Legitimate,44,"1,000,001+",302
TRANSFER,Legitimate,44,"1,001-5,000",22
TRANSFER,Legitimate,44,"10,001-50,000",203
TRANSFER,Legitimate,44,"100,001-500,000",1582
TRANSFER,Legitimate,44,101-500,1
TRANSFER,Legitimate,44,"5,001-10,000",24
TRANSFER,Legitimate,44,"50,001-100,000",248
TRANSFER,Legitimate,44,"500,001-1,000,000",665
TRANSFER,Legitimate,44,"501-1,000",3
CASH_IN,Legitimate,45,0-100,3
CASH_IN,Legitimate,45,"1,000,001+",1
CASH_IN,Legitimate,45,"1,001-5,000",50
CASH_IN,Legitimate,45,"10,001-50,000",627
CASH_IN,Legitimate,45,"100,001-500,000",2125
CASH_IN,Legitimate,45,101-500,3
CASH_IN,Legitimate,45,"5,001-10,000",75
CASH_IN,Legitimate,45,"50,001-100,000",801
CASH_IN,Legitimate,45,"500,001-1,000,000",47
CASH_IN,Legitimate,45,"501-1,000",3
CASH_OUT,Fraud,45,"1,000,001+",4
CASH_OUT,Fraud,45,"100,001-500,000",4
CASH_OUT,Legitimate,45,"1,000,001+",2
CASH_OUT,Legitimate,45,"1,001-5,000",81
CASH_OUT,Legitimate,45,"10,001-50,000",859
CASH_OUT,Legitimate,45,"100,001-500,000",3197
CASH_OUT,Legitimate,45,101-500,8
CASH_OUT,Legitimate,45,"5,001-10,000",105
CASH_OUT,Legitimate,45,"50,001-100,000",1122
CASH_OUT,Legitimate,45,"500,001-1,000,000",70
CASH_OUT,Legitimate,45,"501-1,000",6
DEBIT,Legitimate,45,0-100,2
DEBIT,Legitimate,45,"1,001-5,000",133
DEBIT,Legitimate,45,"10,001-50,000",3
DEBIT,Legitimate,45,"100,001-500,000",2
DEBIT,Legitimate,45,101-500,12
DEBIT,Legitimate,45,"5,001-10,000",13
DEBIT,Legitimate,45,"501-1,000",12
PAYMENT,Legitimate,45,0-100,60
PAYMENT,Legitimate,45,"1,001-5,000",2339
PAYMENT,Legitimate,45,"10,001-50,000",2311
PAYMENT,Legitimate,45,101-500,238
PAYMENT,Legitimate,45,"5,001-10,000",2263
PAYMENT,Legitimate,45,"50,001-100,000",44
PAYMENT,Legitimate,45,"501-1,000",262
TRANSFER,Fraud,45,"1,000,001+",4
TRANSFER,Fraud,45,"100,001-500,000",4
TRANSFER,Legitimate,45,"1,000,001+",169
TRANSFER,Legitimate,45,"1,001-5,000",12
TRANSFER,Legitimate,45,"10,001-50,000",134
TRANSFER,Legitimate,45,"100,001-500,000",852
TRANSFER,Legitimate,45,"5,001-10,000",12
TRANSFER,Legitimate,45,"50,001-100,000",162
TRANSFER,Legitimate,45,"500,001-1,000,000",262
TRANSFER,Legitimate,45,"501-1,000",2
CASH_IN,Legitimate,46,0-100,1
CASH_IN,Legitimate,46,"1,001-5,000",42
CASH_IN,Legitimate,46,"10,001-50,000",373
CASH_IN,Legitimate,46,"100,001-500,000",1394
CASH_IN,Legitimate,46,101-500,4
CASH_IN,Legitimate,46,"5,001-10,000",61
CASH_IN,Legitimate,46,"50,001-100,000",451
CASH_IN,Legitimate,46,"500,001-1,000,000",34
CASH_IN,Legitimate,46,"501-1,000",5
CASH_OUT,Fraud,46,"1,000,001+",1
CASH_OUT,Fraud,46,"10,001-50,000",1
CASH_OUT,Fraud,46,"50,001-100,000",2
CASH_OUT,Fraud,46,"500,001-1,000,000",3
CASH_OUT,Legitimate,46,"1,001-5,000",44
CASH_OUT,Legitimate,46,"10,001-50,000",493
CASH_OUT,Legitimate,46,"100,001-500,000",1801
CASH_OUT,Legitimate,46,101-500,4
CASH_OUT,Legitimate,46,"5,001-10,000",62
CASH_OUT,Legitimate,46,"50,001-100,000",577
CASH_OUT,Legitimate,46,"500,001-1,000,000",58
CASH_OUT,Legitimate,46,"501-1,000",7
DEBIT,Legitimate,46,0-100,4
DEBIT,Legitimate,46,"1,001-5,000",159
DEBIT,Legitimate,46,"10,001-50,000",2
DEBIT,Legitimate,46,101-500,14
DEBIT,Legitimate,46,"5,001-10,000",19
DEBIT,Legitimate,46,"50,001-100,000",3
DEBIT,Legitimate,46,"501-1,000",21
PAYMENT,Legitimate,46,0-100,55
PAYMENT,Legitimate,46,"1,001-5,000",1821
PAYMENT,Legitimate,46,"10,001-50,000",1660
PAYMENT,Legitimate,46,101-500,205
PAYMENT,Legitimate,46,"5,001-10,000",1780
PAYMENT,Legitimate,46,"50,001-100,000",24
PAYMENT,Legitimate,46,"501-1,000",225
TRANSFER,Fraud,46,"1,000,001+",1
TRANSFER,Fraud,46,"10,001-50,000",1
TRANSFER,Fraud,46,"50,001-100,000",2
TRANSFER,Fraud,46,"500,001-1,000,000",3
TRANSFER,Legitimate,46,"1,000,001+",120
TRANSFER,Legitimate,46,"1,001-5,000",3
TRANSFER,Legitimate,46,"10,001-50,000",77
TRANSFER,Legitimate,46,"100,001-500,000",535
TRANSFER,Legitimate,46,101-500,2
TRANSFER,Legitimate,46,"5,001-10,000",6
TRANSFER,Legitimate,46,"50,001-100,000",93
TRANSFER,Legitimate,46,"500,001-1,000,000",192
CASH_IN,Legitimate,47,0-100,1
CASH_IN,Legitimate,47,"1,001-5,000",19
CASH_IN,Legitimate,47,"10,001-50,000",232
CASH_IN,Legitimate,47,"100,001-500,000",846
CASH_IN,Legitimate,47,101-500,1
CASH_IN,Legitimate,47,"5,001-10,000",20
CASH_IN,Legitimate,47,"50,001-100,000",287
CASH_IN,Legitimate,47,"500,001-1,000,000",20
CASH_IN,Legitimate,47,"501-1,000",3
CASH_OUT,Fraud,47,"1,000,001+",2
CASH_OUT,Fraud,47,"10,001-50,000",2
CASH_OUT,Fraud,47,"100,001-500,000",3
CASH_OUT,Fraud,47,"50,001-100,000",1
CASH_OUT,Fraud,47,"500,001-1,000,000",2
CASH_OUT,Legitimate,47,"1,001-5,000",23
CASH_OUT,Legitimate,47,"10,001-50,000",240
CASH_OUT,Legitimate,47,"100,001-500,000",1079
CASH_OUT,Legitimate,47,101-500,1
CASH_OUT,Legitimate,47,"5,001-10,000",20
CASH_OUT,Legitimate,47,"50,001-100,000",318
CASH_OUT,Legitimate,47,"500,001-1,000,000",36
CASH_OUT,Legitimate,47,"501-1,000",6
DEBIT,Legitimate,47,"1,001-5,000",57
DEBIT,Legitimate,47,"10,001-50,000",31
DEBIT,Legitimate,47,"100,001-500,000",1
DEBIT,Legitimate,47,101-500,13
DEBIT,Legitimate,47,"5,001-10,000",41
DEBIT,Legitimate,47,"50,001-100,000",2
DEBIT,Legitimate,47,"501-1,000",8
PAYMENT,Legitimate,47,0-100,35
PAYMENT,Legitimate,47,"1,001-5,000",1506
PAYMENT,Legitimate,47,"10,001-50,000",1285
PAYMENT,Legitimate,47,101-500,151
PAYMENT,Legitimate,47,"5,001-10,000",1450
PAYMENT,Legitimate,47,"50,001-100,000",11
PAYMENT,Legitimate,47,"501-1,000",203
TRANSFER,Fraud,47,"1,000,001+",2
TRANSFER,Fraud,47,"10,001-50,000",2
TRANSFER,Fraud,47,"100,001-500,000",4
TRANSFER,Fraud,47,"50,001-100,000",1
TRANSFER,Fraud,47,"500,001-1,000,000",2
TRANSFER,Legitimate,47,"1,000,001+",90
TRANSFER,Legitimate,47,"1,001-5,000",7
TRANSFER,Legitimate,47,"10,001-50,000",58
TRANSFER,Legitimate,47,"100,001-500,000",353
TRANSFER,Legitimate,47,"5,001-10,000",3
TRANSFER,Legitimate,47,"50,001-100,000",71
TRANSFER,Legitimate,47,"500,001-1,000,000",132
CASH_IN,Legitimate,48,"1,001-5,000",6
CASH_IN,Legitimate,48,"10,001-50,000",102
CASH_IN,Legitimate,48,"100,001-500,000",415
CASH_IN,Legitimate,48,101-500,1
CASH_IN,Legitimate,48,"5,001-10,000",12
CASH_IN,Legitimate,48,"50,001-100,000",141
CASH_IN,Legitimate,48,"500,001-1,000,000",13
CASH_OUT,Fraud,48,"1,000,001+",2
CASH_OUT,Fraud,48,"100,001-500,000",2
CASH_OUT,Fraud,48,"500,001-1,000,000",1
CASH_OUT,Legitimate,48,"1,001-5,000",13
CASH_OUT,Legitimate,48,"10,001-50,000",116
CASH_OUT,Legitimate,48,"100,001-500,000",538
CASH_OUT,Legitimate,48,101-500,1
CASH_OUT,Legitimate,48,"5,001-10,000",11
CASH_OUT,Legitimate,48,"50,001-100,000",177
CASH_OUT,Legitimate,48,"500,001-1,000,000",14
CASH_OUT,Legitimate,48,"501-1,000",1
DEBIT,Legitimate,48,0-100,5
DEBIT,Legitimate,48,"1,001-5,000",59
DEBIT,Legitimate,48,"10,001-50,000",2
DEBIT,Legitimate,48,101-500,4
DEBIT,Legitimate,48,"5,001-10,000",33
DEBIT,Legitimate,48,"501-1,000",9
PAYMENT,Legitimate,48,0-100,33
PAYMENT,Legitimate,48,"1,001-5,000",1140
PAYMENT,Legitimate,48,"10,001-50,000",945
PAYMENT,Legitimate,48,101-500,124
PAYMENT,Legitimate,48,"5,001-10,000",1099
PAYMENT,Legitimate,48,"50,001-100,000",16
PAYMENT,Legitimate,48,"501-1,000",145
TRANSFER,Fraud,48,"1,000,001+",2
TRANSFER,Fraud,48,"100,001-500,000",2
TRANSFER,Fraud,48,"500,001-1,000,000",1
TRANSFER,Legitimate,48,"1,000,001+",71
TRANSFER,Legitimate,48,"1,001-5,000",5
TRANSFER,Legitimate,48,"10,001-50,000",37
TRANSFER,Legitimate,48,"100,001-500,000",260
TRANSFER,Legitimate,48,101-500,1
TRANSFER,Legitimate,48,"5,001-10,000",8
TRANSFER,Legitimate,48,"50,001-100,000",58
TRANSFER,Legitimate,48,"500,001-1,000,000",68
CASH_IN,Legitimate,49,"1,001-5,000",2
CASH_IN,Legitimate,49,"10,001-50,000",18
CASH_IN,Legitimate,49,"100,001-500,000",87
CASH_IN,Legitimate,49,"5,001-10,000",1
CASH_IN,Legitimate,49,"50,001-100,000",26
CASH_IN,Legitimate,49,"500,001-1,000,000",3
CASH_OUT,Fraud,49,"1,000,001+",1
CASH_OUT,Fraud,49,"100,001-500,000",1
CASH_OUT,Legitimate,49,"1,001-5,000",3
CASH_OUT,Legitimate,49,"10,001-50,000",8
CASH_OUT,Legitimate,49,"100,001-500,000",47
CASH_OUT,Legitimate,49,"5,001-10,000",5
CASH_OUT,Legitimate,49,"50,001-100,000",21
CASH_OUT,Legitimate,49,"500,001-1,000,000",1
DEBIT,Legitimate,49,0-100,2
DEBIT,Legitimate,49,"1,001-5,000",16
DEBIT,Legitimate,49,101-500,4
DEBIT,Legitimate,49,"501-1,000",2
PAYMENT,Legitimate,49,0-100,7
PAYMENT,Legitimate,49,"1,001-5,000",207
PAYMENT,Legitimate,49,"10,001-50,000",78
PAYMENT,Legitimate,49,101-500,19
PAYMENT,Legitimate,49,"5,001-10,000",135
PAYMENT,Legitimate,49,"50,001-100,000",2
PAYMENT,Legitimate,49,"501-1,000",32
TRANSFER,Fraud,49,"1,000,001+",1
TRANSFER,Fraud,49,"100,001-500,000",1
TRANSFER,Legitimate,49,"1,000,001+",3
TRANSFER,Legitimate,49,"10,001-50,000",3
TRANSFER,Legitimate,49,"100,001-500,000",18
TRANSFER,Legitimate,49,"5,001-10,000",1
TRANSFER,Legitimate,49,"50,001-100,000",5
TRANSFER,Legitimate,49,"500,001-1,000,000",4
CASH_OUT,Fraud,50,"100,001-500,000",1
CASH_OUT,Fraud,50,"500,001-1,000,000",2
TRANSFER,Fraud,50,"100,001-500,000",1
TRANSFER,Fraud,50,"500,001-1,000,000",2
CASH_OUT,Fraud,51,"1,000,001+",2
CASH_OUT,Fraud,51,"100,001-500,000",4
CASH_OUT,Fraud,51,"500,001-1,000,000",1
TRANSFER,Fraud,51,"1,000,001+",2
TRANSFER,Fraud,51,"100,001-500,000",4
TRANSFER,Fraud,51,"500,001-1,000,000",1
CASH_OUT,Fraud,52,"1,000,001+",2
CASH_OUT,Fraud,52,"100,001-500,000",1
CASH_OUT,Fraud,52,"500,001-1,000,000",1
TRANSFER,Fraud,52,"1,000,001+",2
TRANSFER,Fraud,52,"100,001-500,000",1
TRANSFER,Fraud,52,"500,001-1,000,000",1
CASH_OUT,Fraud,53,"1,000,001+",2
CASH_OUT,Fraud,53,"5,001-10,000",1
CASH_OUT,Fraud,53,"50,001-100,000",1
CASH_OUT,Fraud,53,"500,001-1,000,000",1
TRANSFER,Fraud,53,"1,000,001+",2
TRANSFER,Fraud,53,"5,001-10,000",1
TRANSFER,Fraud,53,"50,001-100,000",1
TRANSFER,Fraud,53,"500,001-1,000,000",1
CASH_OUT,Fraud,54,"1,000,001+",1
CASH_OUT,Fraud,54,"100,001-500,000",1
TRANSFER,Fraud,54,"1,000,001+",1
TRANSFER,Fraud,54,"100,001-500,000",1
CASH_OUT,Fraud,55,"100,001-500,000",4
CASH_OUT,Fraud,55,"500,001-1,000,000",2
TRANSFER,Fraud,55,"100,001-500,000",4
TRANSFER,Fraud,55,"500,001-1,000,000",2
CASH_OUT,Fraud,56,"1,000,001+",3
CASH_OUT,Fraud,56,"10,001-50,000",1
CASH_OUT,Fraud,56,"100,001-500,000",2
CASH_OUT,Fraud,56,"50,001-100,000",1
CASH_OUT,Fraud,56,"500,001-1,000,000",2
TRANSFER,Fraud,56,"1,000,001+",3
TRANSFER,Fraud,56,"10,001-50,000",1
TRANSFER,Fraud,56,"100,001-500,000",2
TRANSFER,Fraud,56,"50,001-100,000",1
TRANSFER,Fraud,56,"500,001-1,000,000",2
CASH_OUT,Fraud,57,"1,000,001+",1
CASH_OUT,Fraud,57,"100,001-500,000",2
TRANSFER,Fraud,57,"1,000,001+",1
TRANSFER,Fraud,57,"100,001-500,000",2
CASH_OUT,Fraud,58,"1,000,001+",4
CASH_OUT,Fraud,58,"100,001-500,000",5
CASH_OUT,Fraud,58,"500,001-1,000,000",1
TRANSFER,Fraud,58,"1,000,001+",4
TRANSFER,Fraud,58,"100,001-500,000",5
TRANSFER,Fraud,58,"500,001-1,000,000",1
CASH_OUT,Fraud,59,"1,000,001+",5
CASH_OUT,Fraud,59,"10,001-50,000",2
CASH_OUT,Fraud,59,"100,001-500,000",2
CASH_OUT,Fraud,59,"5,001-10,000",1
TRANSFER,Fraud,59,"1,000,001+",5
TRANSFER,Fraud,59,"10,001-50,000",2
TRANSFER,Fraud,59,"100,001-500,000",2
TRANSFER,Fraud,59,"5,001-10,000",1
CASH_OUT,Fraud,60,"1,000,001+",1
CASH_OUT,Fraud,60,"10,001-50,000",2
CASH_OUT,Fraud,60,"50,001-100,000",1
CASH_OUT,Fraud,60,"500,001-1,000,000",2
TRANSFER,Fraud,60,"1,000,001+",1
TRANSFER,Fraud,60,"10,001-50,000",2
TRANSFER,Fraud,60,"50,001-100,000",1
TRANSFER,Fraud,60,"500,001-1,000,000",2
CASH_OUT,Fraud,61,"1,000,001+",3
CASH_OUT,Fraud,61,"10,001-50,000",1
CASH_OUT,Fraud,61,"100,001-500,000",2
CASH_OUT,Fraud,61,"50,001-100,000",1
TRANSFER,Fraud,61,"1,000,001+",3
TRANSFER,Fraud,61,"10,001-50,000",1
TRANSFER,Fraud,61,"100,001-500,000",2
TRANSFER,Fraud,61,"50,001-100,000",1
CASH_OUT,Fraud,62,"100,001-500,000",2
CASH_OUT,Fraud,62,"500,001-1,000,000",2
TRANSFER,Fraud,62,"100,001-500,000",2
TRANSFER,Fraud,62,"500,001-1,000,000",2
CASH_OUT,Fraud,63,"1,000,001+",1
CASH_OUT,Fraud,63,"10,001-50,000",1
CASH_OUT,Fraud,63,"100,001-500,000",2
TRANSFER,Fraud,63,"1,000,001+",1
TRANSFER,Fraud,63,"10,001-50,000",1
TRANSFER,Fraud,63,"100,001-500,000",2
CASH_OUT,Fraud,64,"1,000,001+",2
CASH_OUT,Fraud,64,"10,001-50,000",3
CASH_OUT,Fraud,64,"100,001-500,000",2
CASH_OUT,Fraud,64,"500,001-1,000,000",2
TRANSFER,Fraud,64,"1,000,001+",2
TRANSFER,Fraud,64,"10,001-50,000",3
TRANSFER,Fraud,64,"100,001-500,000",2
TRANSFER,Fraud,64,"500,001-1,000,000",2
CASH_OUT,Fraud,65,"1,000,001+",2
CASH_OUT,Fraud,65,"100,001-500,000",5
CASH_OUT,Fraud,65,101-500,1
CASH_OUT,Fraud,65,"500,001-1,000,000",2
TRANSFER,Fraud,65,"1,000,001+",2
TRANSFER,Fraud,65,"100,001-500,000",5
TRANSFER,Fraud,65,101-500,1
TRANSFER,Fraud,65,"500,001-1,000,000",2
CASH_OUT,Fraud,66,"1,000,001+",5
CASH_OUT,Fraud,66,"100,001-500,000",4
CASH_OUT,Fraud,66,"50,001-100,000",1
CASH_OUT,Fraud,66,"500,001-1,000,000",2
TRANSFER,Fraud,66,"1,000,001+",5
TRANSFER,Fraud,66,"100,001-500,000",4
TRANSFER,Fraud,66,"50,001-100,000",1
TRANSFER,Fraud,66,"500,001-1,000,000",2
CASH_OUT,Fraud,67,"1,000,001+",1
CASH_OUT,Fraud,67,"10,001-50,000",1
CASH_OUT,Fraud,67,"100,001-500,000",1
TRANSFER,Fraud,67,"1,000,001+",1
TRANSFER,Fraud,67,"10,001-50,000",1
TRANSFER,Fraud,67,"100,001-500,000",1
CASH_OUT,Fraud,68,"1,000,001+",4
CASH_OUT,Fraud,68,"10,001-50,000",1
CASH_OUT,Fraud,68,"100,001-500,000",3
CASH_OUT,Fraud,68,"500,001-1,000,000",1
TRANSFER,Fraud,68,"1,000,001+",4
TRANSFER,Fraud,68,"10,001-50,000",1
TRANSFER,Fraud,68,"100,001-500,000",3
TRANSFER,Fraud,68,"500,001-1,000,000",1
CASH_OUT,Fraud,69,"1,000,001+",4
CASH_OUT,Fraud,69,"10,001-50,000",1
CASH_OUT,Fraud,69,"100,001-500,000",3
CASH_OUT,Fraud,69,"500,001-1,000,000",2
TRANSFER,Fraud,69,"1,000,001+",4
TRANSFER,Fraud,69,"10,001-50,000",1
TRANSFER,Fraud,69,"100,001-500,000",3
TRANSFER,Fraud,69,"500,001-1,000,000",2
CASH_OUT,Fraud,70,"1,000,001+",1
CASH_OUT,Fraud,70,"100,001-500,000",2
TRANSFER,Fraud,70,"1,000,001+",1
TRANSFER,Fraud,70,"100,001-500,000",2
CASH_OUT,Fraud,71,"1,000,001+",2
CASH_OUT,Fraud,71,"10,001-50,000",1
CASH_OUT,Fraud,71,"100,001-500,000",5
CASH_OUT,Fraud,71,"50,001-100,000",2
TRANSFER,Fraud,71,"1,000,001+",2
TRANSFER,Fraud,71,"10,001-50,000",1
TRANSFER,Fraud,71,"100,001-500,000",5
TRANSFER,Fraud,71,"50,001-100,000",2
CASH_OUT,Fraud,72,"1,000,001+",5
CASH_OUT,Fraud,72,"500,001-1,000,000",2
TRANSFER,Fraud,72,"1,000,001+",5
TRANSFER,Fraud,72,"500,001-1,000,000",2
CASH_OUT,Fraud,73,"10,001-50,000",1
CASH_OUT,Fraud,73,"100,001-500,000",2
CASH_OUT,Fraud,73,"500,001-1,000,000",1
TRANSFER,Fraud,73,"10,001-50,000",1
TRANSFER,Fraud,73,"100,001-500,000",2
TRANSFER,Fraud,73,"500,001-1,000,000",1
CASH_OUT,Fraud,74,"1,000,001+",5
CASH_OUT,Fraud,74,"100,001-500,000",2
CASH_OUT,Fraud,74,"50,001-100,000",4
TRANSFER,Fraud,74,"1,000,001+",5
TRANSFER,Fraud,74,"100,001-500,000",2
TRANSFER,Fraud,74,"50,001-100,000",4
CASH_OUT,Fraud,75,"100,001-500,000",1
CASH_OUT,Fraud,75,"500,001-1,000,000",3
TRANSFER,Fraud,75,"100,001-500,000",1
TRANSFER,Fraud,75,"500,001-1,000,000",3
CASH_OUT,Fraud,76,"1,000,001+",1
CASH_OUT,Fraud,76,"5,001-10,000",1
TRANSFER,Fraud,76,"1,000,001+",1
TRANSFER,Fraud,76,"5,001-10,000",1
CASH_OUT,Fraud,77,"1,000,001+",3
CASH_OUT,Fraud,77,"100,001-500,000",1
CASH_OUT,Fraud,77,"500,001-1,000,000",1
TRANSFER,Fraud,77,"1,000,001+",3
TRANSFER,Fraud,77,"100,001-500,000",1
TRANSFER,Fraud,77,"500,001-1,000,000",1
CASH_OUT,Fraud,78,"1,000,001+",3
CASH_OUT,Fraud,78,"100,001-500,000",2
TRANSFER,Fraud,78,"1,000,001+",3
TRANSFER,Fraud,78,"100,001-500,000",2
CASH_OUT,Fraud,79,"1,000,001+",1
CASH_OUT,Fraud,79,"100,001-500,000",2
CASH_OUT,Fraud,79,"50,001-100,000",1
CASH_OUT,Fraud,79,"500,001-1,000,000",1
TRANSFER,Fraud,79,"1,000,001+",1
TRANSFER,Fraud,79,"100,001-500,000",2
TRANSFER,Fraud,79,"50,001-100,000",1
TRANSFER,Fraud,79,"500,001-1,000,000",1
CASH_OUT,Fraud,80,"10,001-50,000",1
CASH_OUT,Fraud,80,"100,001-500,000",2
CASH_OUT,Fraud,80,"50,001-100,000",1
CASH_OUT,Fraud,80,"500,001-1,000,000",1
TRANSFER,Fraud,80,"10,001-50,000",1
TRANSFER,Fraud,80,"100,001-500,000",2
TRANSFER,Fraud,80,"50,001-100,000",1
TRANSFER,Fraud,80,"500,001-1,000,000",1
CASH_OUT,Fraud,81,"1,000,001+",2
CASH_OUT,Fraud,81,"100,001-500,000",1
CASH_OUT,Fraud,81,"50,001-100,000",2
TRANSFER,Fraud,81,"1,000,001+",2
TRANSFER,Fraud,81,"100,001-500,000",1
TRANSFER,Fraud,81,"50,001-100,000",2
CASH_OUT,Fraud,82,"1,000,001+",3
CASH_OUT,Fraud,82,"10,001-50,000",1
CASH_OUT,Fraud,82,"500,001-1,000,000",1
TRANSFER,Fraud,82,"1,000,001+",3
TRANSFER,Fraud,82,"10,001-50,000",1
TRANSFER,Fraud,82,"500,001-1,000,000",1
CASH_OUT,Fraud,83,"1,000,001+",2
CASH_OUT,Fraud,83,"10,001-50,000",1
CASH_OUT,Fraud,83,"100,001-500,000",2
CASH_OUT,Fraud,83,"500,001-1,000,000",1
TRANSFER,Fraud,83,"1,000,001+",2
TRANSFER,Fraud,83,"10,001-50,000",1
TRANSFER,Fraud,83,"100,001-500,000",2
TRANSFER,Fraud,83,"500,001-1,000,000",1
CASH_OUT,Fraud,84,"1,000,001+",3
CASH_OUT,Fraud,84,"10,001-50,000",1
CASH_OUT,Fraud,84,"100,001-500,000",3
CASH_OUT,Fraud,84,"5,001-10,000",1
TRANSFER,Fraud,84,"1,000,001+",3
TRANSFER,Fraud,84,"10,001-50,000",1
TRANSFER,Fraud,84,"100,001-500,000",3
TRANSFER,Fraud,84,"5,001-10,000",1
CASH_OUT,Fraud,85,"1,000,001+",3
CASH_OUT,Fraud,85,"1,001-5,000",1
CASH_OUT,Fraud,85,"100,001-500,000",1
CASH_OUT,Fraud,85,"50,001-100,000",1
CASH_OUT,Fraud,85,"500,001-1,000,000",1
TRANSFER,Fraud,85,"1,000,001+",3
TRANSFER,Fraud,85,"1,001-5,000",1
TRANSFER,Fraud,85,"100,001-500,000",1
TRANSFER,Fraud,85,"50,001-100,000",1
TRANSFER,Fraud,85,"500,001-1,000,000",1
CASH_OUT,Fraud,86,"1,000,001+",3
CASH_OUT,Fraud,86,"10,001-50,000",2
CASH_OUT,Fraud,86,"100,001-500,000",2
CASH_OUT,Fraud,86,"50,001-100,000",2
TRANSFER,Fraud,86,"1,000,001+",3
TRANSFER,Fraud,86,"10,001-50,000",2
TRANSFER,Fraud,86,"100,001-500,000",2
TRANSFER,Fraud,86,"50,001-100,000",2
CASH_OUT,Fraud,87,"1,000,001+",1
CASH_OUT,Fraud,87,"100,001-500,000",2
TRANSFER,Fraud,87,"1,000,001+",1
TRANSFER,Fraud,87,"100,001-500,000",2
CASH_OUT,Fraud,88,"1,000,001+",3
CASH_OUT,Fraud,88,"100,001-500,000",1
TRANSFER,Fraud,88,"1,000,001+",3
TRANSFER,Fraud,88,"100,001-500,000",1
CASH_OUT,Fraud,89,"10,001-50,000",1
CASH_OUT,Fraud,89,"100,001-500,000",1
CASH_OUT,Fraud,89,"500,001-1,000,000",1
TRANSFER,Fraud,89,"10,001-50,000",1
TRANSFER,Fraud,89,"100,001-500,000",1
TRANSFER,Fraud,89,"500,001-1,000,000",1
CASH_OUT,Fraud,90,"1,000,001+",2
CASH_OUT,Fraud,90,"10,001-50,000",1
CASH_OUT,Fraud,90,"100,001-500,000",4
CASH_OUT,Fraud,90,"500,001-1,000,000",1
TRANSFER,Fraud,90,"1,000,001+",2
TRANSFER,Fraud,90,"10,001-50,000",1
TRANSFER,Fraud,90,"100,001-500,000",4
TRANSFER,Fraud,90,"500,001-1,000,000",1
CASH_OUT,Fraud,91,"10,001-50,000",1
CASH_OUT,Fraud,91,"100,001-500,000",1
CASH_OUT,Fraud,91,"500,001-1,000,000",2
TRANSFER,Fraud,91,"10,001-50,000",1
TRANSFER,Fraud,91,"100,001-500,000",1
TRANSFER,Fraud,91,"500,001-1,000,000",2
CASH_OUT,Fraud,92,"1,000,001+",1
CASH_OUT,Fraud,92,"10,001-50,000",2
CASH_OUT,Fraud,92,"100,001-500,000",2
TRANSFER,Fraud,92,"1,000,001+",1
TRANSFER,Fraud,92,"10,001-50,000",2
TRANSFER,Fraud,92,"100,001-500,000",2
CASH_IN,Legitimate,93,0-100,1
CASH_IN,Legitimate,93,"1,001-5,000",10
CASH_IN,Legitimate,93,"10,001-50,000",152
CASH_IN,Legitimate,93,"100,001-500,000",530
CASH_IN,Legitimate,93,101-500,2
CASH_IN,Legitimate,93,"5,001-10,000",20
CASH_IN,Legitimate,93,"50,001-100,000",183
CASH_IN,Legitimate,93,"500,001-1,000,000",15
CASH_IN,Legitimate,93,"501-1,000",1
CASH_OUT,Fraud,93,"1,000,001+",2
CASH_OUT,Fraud,93,"1,001-5,000",1
CASH_OUT,Fraud,93,"10,001-50,000",1
CASH_OUT,Fraud,93,"100,001-500,000",3
CASH_OUT,Fraud,93,"500,001-1,000,000",1
CASH_OUT,Legitimate,93,"1,001-5,000",16
CASH_OUT,Legitimate,93,"10,001-50,000",189
CASH_OUT,Legitimate,93,"100,001-500,000",730
CASH_OUT,Legitimate,93,101-500,1
CASH_OUT,Legitimate,93,"5,001-10,000",29
CASH_OUT,Legitimate,93,"50,001-100,000",271
CASH_OUT,Legitimate,93,"500,001-1,000,000",20
CASH_OUT,Legitimate,93,"501-1,000",2
DEBIT,Legitimate,93,0-100,1
DEBIT,Legitimate,93,"1,001-5,000",19
DEBIT,Legitimate,93,101-500,2
DEBIT,Legitimate,93,"5,001-10,000",5
PAYMENT,Legitimate,93,0-100,19
PAYMENT,Legitimate,93,"1,001-5,000",611
PAYMENT,Legitimate,93,"10,001-50,000",548
PAYMENT,Legitimate,93,101-500,64
PAYMENT,Legitimate,93,"5,001-10,000",532
PAYMENT,Legitimate,93,"50,001-100,000",10
PAYMENT,Legitimate,93,"501-1,000",52
TRANSFER,Fraud,93,"1,000,001+",2
TRANSFER,Fraud,93,"1,001-5,000",1
TRANSFER,Fraud,93,"10,001-50,000",1
TRANSFER,Fraud,93,"100,001-500,000",3
TRANSFER,Fraud,93,"500,001-1,000,000",1
TRANSFER,Legitimate,93,"1,000,001+",66
TRANSFER,Legitimate,93,"1,001-5,000",3
TRANSFER,Legitimate,93,"10,001-50,000",14
TRANSFER,Legitimate,93,"100,001-500,000",152
TRANSFER,Legitimate,93,101-500,1
TRANSFER,Legitimate,93,"5,001-10,000",1
TRANSFER,Legitimate,93,"50,001-100,000",24
TRANSFER,Legitimate,93,"500,001-1,000,000",130
TRANSFER,Legitimate,93,"501-1,000",2
CASH_IN,Legitimate,94,0-100,1
CASH_IN,Legitimate,94,"1,001-5,000",35
CASH_IN,Legitimate,94,"10,001-50,000",324
CASH_IN,Legitimate,94,"100,001-500,000",1251
CASH_IN,Legitimate,94,101-500,2
CASH_IN,Legitimate,94,"5,001-10,000",35
CASH_IN,Legitimate,94,"50,001-100,000",415
CASH_IN,Legitimate,94,"500,001-1,000,000",36
CASH_IN,Legitimate,94,"501-1,000",7
CASH_OUT,Fraud,94,"1,000,001+",3
CASH_OUT,Fraud,94,"100,001-500,000",3
CASH_OUT,Legitimate,94,"1,001-5,000",36
CASH_OUT,Legitimate,94,"10,001-50,000",318
CASH_OUT,Legitimate,94,"100,001-500,000",1419
CASH_OUT,Legitimate,94,101-500,4
CASH_OUT,Legitimate,94,"5,001-10,000",43
CASH_OUT,Legitimate,94,"50,001-100,000",459
CASH_OUT,Legitimate,94,"500,001-1,000,000",49
CASH_OUT,Legitimate,94,"501-1,000",6
DEBIT,Legitimate,94,0-100,1
DEBIT,Legitimate,94,"1,001-5,000",59
DEBIT,Legitimate,94,"10,001-50,000",2
DEBIT,Legitimate,94,"100,001-500,000",3
DEBIT,Legitimate,94,101-500,7
DEBIT,Legitimate,94,"5,001-10,000",13
DEBIT,Legitimate,94,"500,001-1,000,000",1
DEBIT,Legitimate,94,"501-1,000",11
PAYMENT,Legitimate,94,0-100,38
PAYMENT,Legitimate,94,"1,001-5,000",1504
PAYMENT,Legitimate,94,"10,001-50,000",1518
PAYMENT,Legitimate,94,101-500,148
PAYMENT,Legitimate,94,"5,001-10,000",1533
PAYMENT,Legitimate,94,"50,001-100,000",32
PAYMENT,Legitimate,94,"501-1,000",187
TRANSFER,Fraud,94,"1,000,001+",3
TRANSFER,Fraud,94,"100,001-500,000",3
TRANSFER,Legitimate,94,"1,000,001+",160
TRANSFER,Legitimate,94,"1,001-5,000",6
TRANSFER,Legitimate,94,"10,001-50,000",52
TRANSFER,Legitimate,94,"100,001-500,000",393
TRANSFER,Legitimate,94,"5,001-10,000",10
TRANSFER,Legitimate,94,"50,001-100,000",83
TRANSFER,Legitimate,94,"500,001-1,000,000",159
CASH_IN,Legitimate,95,0-100,1
CASH_IN,Legitimate,95,"1,001-5,000",16
CASH_IN,Legitimate,95,"10,001-50,000",134
CASH_IN,Legitimate,95,"100,001-500,000",605
CASH_IN,Legitimate,95,101-500,3
CASH_IN,Legitimate,95,"5,001-10,000",13
CASH_IN,Legitimate,95,"50,001-100,000",172
CASH_IN,Legitimate,95,"500,001-1,000,000",18
CASH_OUT,Fraud,95,"1,000,001+",2
CASH_OUT,Fraud,95,"10,001-50,000",1
CASH_OUT,Fraud,95,"50,001-100,000",3
CASH_OUT,Fraud,95,"500,001-1,000,000",1
CASH_OUT,Legitimate,95,"1,001-5,000",19
CASH_OUT,Legitimate,95,"10,001-50,000",209
CASH_OUT,Legitimate,95,"100,001-500,000",871
CASH_OUT,Legitimate,95,101-500,2
CASH_OUT,Legitimate,95,"5,001-10,000",17
CASH_OUT,Legitimate,95,"50,001-100,000",245
CASH_OUT,Legitimate,95,"500,001-1,000,000",35
CASH_OUT,Legitimate,95,"501-1,000",1
DEBIT,Legitimate,95,"1,001-5,000",60
DEBIT,Legitimate,95,"10,001-50,000",1
DEBIT,Legitimate,95,101-500,3
DEBIT,Legitimate,95,"5,001-10,000",27
DEBIT,Legitimate,95,"501-1,000",7
PAYMENT,Legitimate,95,0-100,36
PAYMENT,Legitimate,95,"1,001-5,000",949
PAYMENT,Legitimate,95,"10,001-50,000",1516
PAYMENT,Legitimate,95,101-500,99
PAYMENT,Legitimate,95,"5,001-10,000",1020
PAYMENT,Legitimate,95,"50,001-100,000",28
PAYMENT,Legitimate,95,"501-1,000",111
TRANSFER,Fraud,95,"1,000,001+",2
TRANSFER,Fraud,95,"10,001-50,000",1
TRANSFER,Fraud,95,"50,001-100,000",3
TRANSFER,Fraud,95,"500,001-1,000,000",1
TRANSFER,Legitimate,95,"1,000,001+",116
TRANSFER,Legitimate,95,"1,001-5,000",5
TRANSFER,Legitimate,95,"10,001-50,000",28
TRANSFER,Legitimate,95,"100,001-500,000",306
TRANSFER,Legitimate,95,"5,001-10,000",4
TRANSFER,Legitimate,95,"50,001-100,000",50
TRANSFER,Legitimate,95,"500,001-1,000,000",117
CASH_IN,Legitimate,96,0-100,1
CASH_IN,Legitimate,96,"1,001-5,000",11
CASH_IN,Legitimate,96,"10,001-50,000",114
CASH_IN,Legitimate,96,"100,001-500,000",543
CASH_IN,Legitimate,96,101-500,2
CASH_IN,Legitimate,96,"5,001-10,000",6
CASH_IN,Legitimate,96,"50,001-100,000",177
CASH_IN,Legitimate,96,"500,001-1,000,000",11
CASH_IN,Legitimate,96,"501-1,000",1
CASH_OUT,Fraud,96,"1,000,001+",2
CASH_OUT,Legitimate,96,"1,001-5,000",15
CASH_OUT,Legitimate,96,"10,001-50,000",125
CASH_OUT,Legitimate,96,"100,001-500,000",756
CASH_OUT,Legitimate,96,101-500,2
CASH_OUT,Legitimate,96,"5,001-10,000",13
CASH_OUT,Legitimate,96,"50,001-100,000",176
CASH_OUT,Legitimate,96,"500,001-1,000,000",40
CASH_OUT,Legitimate,96,"501-1,000",3
DEBIT,Legitimate,96,0-100,3
DEBIT,Legitimate,96,"1,001-5,000",80
DEBIT,Legitimate,96,101-500,9
DEBIT,Legitimate,96,"5,001-10,000",16
DEBIT,Legitimate,96,"501-1,000",10
PAYMENT,Legitimate,96,0-100,36
PAYMENT,Legitimate,96,"1,001-5,000",1515
PAYMENT,Legitimate,96,"10,001-50,000",715
PAYMENT,Legitimate,96,101-500,180
PAYMENT,Legitimate,96,"5,001-10,000",1058
PAYMENT,Legitimate,96,"50,001-100,000",25
PAYMENT,Legitimate,96,"501-1,000",202
TRANSFER,Fraud,96,"1,000,001+",2
TRANSFER,Legitimate,96,"1,000,001+",110
TRANSFER,Legitimate,96,"1,001-5,000",3
TRANSFER,Legitimate,96,"10,001-50,000",52
TRANSFER,Legitimate,96,"100,001-500,000",209
TRANSFER,Legitimate,96,"5,001-10,000",1
TRANSFER,Legitimate,96,"50,001-100,000",46
TRANSFER,Legitimate,96,"500,001-1,000,000",80
CASH_IN,Legitimate,97,"1,001-5,000",4
CASH_IN,Legitimate,97,"10,001-50,000",25
CASH_IN,Legitimate,97,"100,001-500,000",123
CASH_IN,Legitimate,97,"5,001-10,000",4
CASH_IN,Legitimate,97,"50,001-100,000",34
CASH_IN,Legitimate,97,"500,001-1,000,000",4
CASH_OUT,Fraud,97,"1,000,001+",1
CASH_OUT,Fraud,97,"10,001-50,000",1
CASH_OUT,Fraud,97,"100,001-500,000",1
CASH_OUT,Fraud,97,"5,001-10,000",1
CASH_OUT,Fraud,97,"500,001-1,000,000",1
CASH_OUT,Legitimate,97,"10,001-50,000",15
CASH_OUT,Legitimate,97,"100,001-500,000",55
CASH_OUT,Legitimate,97,"5,001-10,000",2
CASH_OUT,Legitimate,97,"50,001-100,000",15
CASH_OUT,Legitimate,97,"500,001-1,000,000",1
DEBIT,Legitimate,97,0-100,1
DEBIT,Legitimate,97,"1,001-5,000",14
DEBIT,Legitimate,97,101-500,3
DEBIT,Legitimate,97,"501-1,000",4
PAYMENT,Legitimate,97,0-100,4
PAYMENT,Legitimate,97,"1,001-5,000",100
PAYMENT,Legitimate,97,"10,001-50,000",108
PAYMENT,Legitimate,97,101-500,9
PAYMENT,Legitimate,97,"5,001-10,000",105
PAYMENT,Legitimate,97,"50,001-100,000",5
PAYMENT,Legitimate,97,"501-1,000",8
TRANSFER,Fraud,97,"1,000,001+",1
TRANSFER,Fraud,97,"10,001-50,000",1
TRANSFER,Fraud,97,"100,001-500,000",1
TRANSFER,Fraud,97,"5,001-10,000",1
TRANSFER,Fraud,97,"500,001-1,000,000",1
TRANSFER,Legitimate,97,"1,000,001+",2
TRANSFER,Legitimate,97,"10,001-50,000",2
TRANSFER,Legitimate,97,"100,001-500,000",18
TRANSFER,Legitimate,97,"50,001-100,000",4
TRANSFER,Legitimate,97,"500,001-1,000,000",6
CASH_OUT,Fraud,98,"1,000,001+",4
CASH_OUT,Fraud,98,"100,001-500,000",1
CASH_OUT,Fraud,98,"5,001-10,000",1
CASH_OUT,Fraud,98,"50,001-100,000",1
TRANSFER,Fraud,98,"1,000,001+",4
TRANSFER,Fraud,98,"100,001-500,000",1
TRANSFER,Fraud,98,"5,001-10,000",1
TRANSFER,Fraud,98,"50,001-100,000",1
CASH_OUT,Fraud,99,"1,000,001+",2
CASH_OUT,Fraud,99,"100,001-500,000",2
TRANSFER,Fraud,99,"1,000,001+",2
TRANSFER,Fraud,99,"100,001-500,000",2
CASH_OUT,Fraud,100,"1,000,001+",1
CASH_OUT,Fraud,100,"10,001-50,000",1
CASH_OUT,Fraud,100,"50,001-100,000",1
TRANSFER,Fraud,100,"1,000,001+",1
TRANSFER,Fraud,100,"10,001-50,000",1
TRANSFER,Fraud,100,"50,001-100,000",1
CASH_OUT,Fraud,101,"1,000,001+",2
CASH_OUT,Fraud,101,"100,001-500,000",3
CASH_OUT,Fraud,101,"500,001-1,000,000",1
TRANSFER,Fraud,101,"1,000,001+",2
TRANSFER,Fraud,101,"100,001-500,000",3
TRANSFER,Fraud,101,"500,001-1,000,000",1
CASH_OUT,Fraud,102,"1,000,001+",1
CASH_OUT,Fraud,102,"10,001-50,000",2
CASH_OUT,Fraud,102,"500,001-1,000,000",3
TRANSFER,Fraud,102,"1,000,001+",1
TRANSFER,Fraud,102,"10,001-50,000",2
TRANSFER,Fraud,102,"500,001-1,000,000",3
CASH_OUT,Fraud,103,"1,000,001+",1
CASH_OUT,Fraud,103,"100,001-500,000",1
CASH_OUT,Fraud,103,"500,001-1,000,000",2
TRANSFER,Fraud,103,"1,000,001+",1
TRANSFER,Fraud,103,"100,001-500,000",1
TRANSFER,Fraud,103,"500,001-1,000,000",2
CASH_OUT,Fraud,104,"1,000,001+",1
CASH_OUT,Fraud,104,"100,001-500,000",3
CASH_OUT,Fraud,104,"50,001-100,000",1
CASH_OUT,Fraud,104,"500,001-1,000,000",2
TRANSFER,Fraud,104,"1,000,001+",1
TRANSFER,Fraud,104,"100,001-500,000",3
TRANSFER,Fraud,104,"50,001-100,000",1
TRANSFER,Fraud,104,"500,001-1,000,000",2
CASH_OUT,Fraud,105,"1,000,001+",3
CASH_OUT,Fraud,105,"10,001-50,000",2
CASH_OUT,Fraud,105,"100,001-500,000",2
CASH_OUT,Fraud,105,"500,001-1,000,000",2
TRANSFER,Fraud,105,"1,000,001+",3
TRANSFER,Fraud,105,"10,001-50,000",2
TRANSFER,Fraud,105,"100,001-500,000",2
TRANSFER,Fraud,105,"500,001-1,000,000",2
CASH_OUT,Fraud,106,"1,000,001+",3
CASH_OUT,Fraud,106,"1,001-5,000",1
CASH_OUT,Fraud,106,"100,001-500,000",3
CASH_OUT,Fraud,106,"5,001-10,000",1
CASH_OUT,Fraud,106,"50,001-100,000",1
TRANSFER,Fraud,106,"1,000,001+",3
TRANSFER,Fraud,106,"1,001-5,000",1
TRANSFER,Fraud,106,"100,001-500,000",3
TRANSFER,Fraud,106,"5,001-10,000",1
TRANSFER,Fraud,106,"50,001-100,000",1
CASH_OUT,Fraud,107,"1,000,001+",1
CASH_OUT,Fraud,107,"10,001-50,000",1
CASH_OUT,Fraud,107,"100,001-500,000",2
CASH_OUT,Fraud,107,"500,001-1,000,000",1
TRANSFER,Fraud,107,"1,000,001+",1
TRANSFER,Fraud,107,"10,001-50,000",1
TRANSFER,Fraud,107,"100,001-500,000",2
TRANSFER,Fraud,107,"500,001-1,000,000",1
CASH_OUT,Fraud,108,"1,000,001+",1
CASH_OUT,Fraud,108,"10,001-50,000",1
CASH_OUT,Fraud,108,"50,001-100,000",1
CASH_OUT,Fraud,108,"500,001-1,000,000",1
TRANSFER,Fraud,108,"1,000,001+",1
TRANSFER,Fraud,108,"10,001-50,000",1
TRANSFER,Fraud,108,"50,001-100,000",1
TRANSFER,Fraud,108,"500,001-1,000,000",1
CASH_OUT,Fraud,109,"1,000,001+",1
CASH_OUT,Fraud,109,"10,001-50,000",1
CASH_OUT,Fraud,109,"100,001-500,000",3
CASH_OUT,Fraud,109,"50,001-100,000",1
TRANSFER,Fraud,109,"1,000,001+",1
TRANSFER,Fraud,109,"10,001-50,000",1
TRANSFER,Fraud,109,"100,001-500,000",3
TRANSFER,Fraud,109,"50,001-100,000",1
CASH_OUT,Fraud,110,"1,000,001+",1
CASH_OUT,Fraud,110,"50,001-100,000",1
CASH_OUT,Fraud,110,"500,001-1,000,000",3
TRANSFER,Fraud,110,"1,000,001+",1
TRANSFER,Fraud,110,"50,001-100,000",1
TRANSFER,Fraud,110,"500,001-1,000,000",3
CASH_OUT,Fraud,111,"1,000,001+",2
CASH_OUT,Fraud,111,"50,001-100,000",1
CASH_OUT,Fraud,111,"500,001-1,000,000",2
TRANSFER,Fraud,111,"1,000,001+",2
TRANSFER,Fraud,111,"50,001-100,000",1
TRANSFER,Fraud,111,"500,001-1,000,000",2
CASH_OUT,Fraud,112,"10,001-50,000",1
TRANSFER,Fraud,112,"10,001-50,000",1
CASH_OUT,Fraud,113,"1,000,001+",1
CASH_OUT,Fraud,113,"10,001-50,000",1
CASH_OUT,Fraud,113,"100,001-500,000",1
TRANSFER,Fraud,113,"1,000,001+",1
TRANSFER,Fraud,113,"10,001-50,000",1
TRANSFER,Fraud,113,"100,001-500,000",1
CASH_OUT,Fraud,114,"1,000,001+",1
CASH_OUT,Fraud,114,"500,001-1,000,000",1
TRANSFER,Fraud,114,"1,000,001+",1
TRANSFER,Fraud,114,"500,001-1,000,000",1
CASH_OUT,Fraud,115,"1,000,001+",2
CASH_OUT,Fraud,115,"100,001-500,000",2
CASH_OUT,Fraud,115,"500,001-1,000,000",1
TRANSFER,Fraud,115,"1,000,001+",2
TRANSFER,Fraud,115,"100,001-500,000",2
TRANSFER,Fraud,115,"500,001-1,000,000",1
CASH_OUT,Fraud,116,"1,000,001+",4
CASH_OUT,Fraud,116,"10,001-50,000",1
CASH_OUT,Fraud,116,"50,001-100,000",1
CASH_OUT,Fraud,116,"500,001-1,000,000",1
TRANSFER,Fraud,116,"1,000,001+",4
TRANSFER,Fraud,116,"10,001-50,000",1
TRANSFER,Fraud,116,"50,001-100,000",1
TRANSFER,Fraud,116,"500,001-1,000,000",1
CASH_OUT,Fraud,117,"1,000,001+",2
CASH_OUT,Fraud,117,"10,001-50,000",1
CASH_OUT,Fraud,117,"100,001-500,000",3
TRANSFER,Fraud,117,"1,000,001+",2
TRANSFER,Fraud,117,"10,001-50,000",1
TRANSFER,Fraud,117,"100,001-500,000",3
CASH_OUT,Fraud,118,"1,000,001+",3
CASH_OUT,Fraud,118,"100,001-500,000",1
CASH_OUT,Fraud,118,"50,001-100,000",1
CASH_OUT,Fraud,118,"500,001-1,000,000",1
TRANSFER,Fraud,118,"1,000,001+",3
TRANSFER,Fraud,118,"100,001-500,000",1
TRANSFER,Fraud,118,"50,001-100,000",1
TRANSFER,Fraud,118,"500,001-1,000,000",1
CASH_IN,Legitimate,119,"1,001-5,000",8
CASH_IN,Legitimate,119,"10,001-50,000",107
CASH_IN,Legitimate,119,"100,001-500,000",400
CASH_IN,Legitimate,119,101-500,1
CASH_IN,Legitimate,119,"5,001-10,000",9
CASH_IN,Legitimate,119,"50,001-100,000",123
CASH_IN,Legitimate,119,"500,001-1,000,000",18
CASH_IN,Legitimate,119,"501-1,000",1
CASH_OUT,Fraud,119,"1,000,001+",2
CASH_OUT,Fraud,119,"10,001-50,000",1
CASH_OUT,Fraud,119,"100,001-500,000",2
CASH_OUT,Legitimate,119,"1,001-5,000",13
CASH_OUT,Legitimate,119,"10,001-50,000",145
CASH_OUT,Legitimate,119,"100,001-500,000",695
CASH_OUT,Legitimate,119,"5,001-10,000",14
CASH_OUT,Legitimate,119,"50,001-100,000",182
CASH_OUT,Legitimate,119,"500,001-1,000,000",44
CASH_OUT,Legitimate,119,"501-1,000",2
DEBIT,Legitimate,119,0-100,2
DEBIT,Legitimate,119,"1,001-5,000",59
DEBIT,Legitimate,119,101-500,13
DEBIT,Legitimate,119,"5,001-10,000",5
DEBIT,Legitimate,119,"501-1,000",15
PAYMENT,Legitimate,119,0-100,22
PAYMENT,Legitimate,119,"1,001-5,000",1023
PAYMENT,Legitimate,119,"10,001-50,000",1066
PAYMENT,Legitimate,119,101-500,114
PAYMENT,Legitimate,119,"5,001-10,000",989
PAYMENT,Legitimate,119,"50,001-100,000",28
PAYMENT,Legitimate,119,"501-1,000",136
TRANSFER,Fraud,119,"1,000,001+",2
TRANSFER,Fraud,119,"10,001-50,000",1
TRANSFER,Fraud,119,"100,001-500,000",2
TRANSFER,Legitimate,119,"1,000,001+",93
TRANSFER,Legitimate,119,"1,001-5,000",4
TRANSFER,Legitimate,119,"10,001-50,000",28
TRANSFER,Legitimate,119,"100,001-500,000",210
TRANSFER,Legitimate,119,"5,001-10,000",4
TRANSFER,Legitimate,119,"50,001-100,000",39
TRANSFER,Legitimate,119,"500,001-1,000,000",118
CASH_IN,Legitimate,120,"1,001-5,000",8
CASH_IN,Legitimate,120,"10,001-50,000",75
CASH_IN,Legitimate,120,"100,001-500,000",351
CASH_IN,Legitimate,120,101-500,2
CASH_IN,Legitimate,120,"5,001-10,000",9
CASH_IN,Legitimate,120,"50,001-100,000",135
CASH_IN,Legitimate,120,"500,001-1,000,000",8
CASH_IN,Legitimate,120,"501-1,000",1
CASH_OUT,Fraud,120,"1,000,001+",1
CASH_OUT,Fraud,120,"10,001-50,000",1
CASH_OUT,Fraud,120,"100,001-500,000",3
CASH_OUT,Fraud,120,"500,001-1,000,000",1
CASH_OUT,Legitimate,120,"1,001-5,000",4
CASH_OUT,Legitimate,120,"10,001-50,000",65
CASH_OUT,Legitimate,120,"100,001-500,000",291
CASH_OUT,Legitimate,120,101-500,1
CASH_OUT,Legitimate,120,"5,001-10,000",7
CASH_OUT,Legitimate,120,"50,001-100,000",81
CASH_OUT,Legitimate,120,"500,001-1,000,000",11
DEBIT,Legitimate,120,"1,001-5,000",22
DEBIT,Legitimate,120,"10,001-50,000",31
DEBIT,Legitimate,120,101-500,1
DEBIT,Legitimate,120,"5,001-10,000",18
DEBIT,Legitimate,120,"501-1,000",6
PAYMENT,Legitimate,120,0-100,12
PAYMENT,Legitimate,120,"1,001-5,000",541
PAYMENT,Legitimate,120,"10,001-50,000",576
PAYMENT,Legitimate,120,101-500,48
PAYMENT,Legitimate,120,"5,001-10,000",491
PAYMENT,Legitimate,120,"50,001-100,000",11
PAYMENT,Legitimate,120,"501-1,000",74
TRANSFER,Fraud,120,"1,000,001+",1
TRANSFER,Fraud,120,"10,001-50,000",1
TRANSFER,Fraud,120,"100,001-500,000",3
TRANSFER,Fraud,120,"500,001-1,000,000",1
TRANSFER,Legitimate,120,"1,000,001+",59
TRANSFER,Legitimate,120,"1,001-5,000",1
TRANSFER,Legitimate,120,"10,001-50,000",8
TRANSFER,Legitimate,120,"100,001-500,000",102
TRANSFER,Legitimate,120,"5,001-10,000",3
TRANSFER,Legitimate,120,"50,001-100,000",8
TRANSFER,Legitimate,120,"500,001-1,000,000",71
CASH_IN,Legitimate,121,"1,001-5,000",2
CASH_IN,Legitimate,121,"10,001-50,000",25
CASH_IN,Legitimate,121,"100,001-500,000",127
CASH_IN,Legitimate,121,101-500,1
CASH_IN,Legitimate,121,"5,001-10,000",3
CASH_IN,Legitimate,121,"50,001-100,000",23
CASH_IN,Legitimate,121,"500,001-1,000,000",6
CASH_IN,Legitimate,121,"501-1,000",1
CASH_OUT,Fraud,121,"1,000,001+",2
CASH_OUT,Fraud,121,"10,001-50,000",1
CASH_OUT,Fraud,121,"100,001-500,000",3
CASH_OUT,Fraud,121,"500,001-1,000,000",1
CASH_OUT,Legitimate,121,"1,001-5,000",1
CASH_OUT,Legitimate,121,"10,001-50,000",18
CASH_OUT,Legitimate,121,"100,001-500,000",75
CASH_OUT,Legitimate,121,"5,001-10,000",2
CASH_OUT,Legitimate,121,"50,001-100,000",26
DEBIT,Legitimate,121,"1,001-5,000",28
DEBIT,Legitimate,121,101-500,7
DEBIT,Legitimate,121,"5,001-10,000",2
DEBIT,Legitimate,121,"501-1,000",6
PAYMENT,Legitimate,121,0-100,3
PAYMENT,Legitimate,121,"1,001-5,000",113
PAYMENT,Legitimate,121,"10,001-50,000",321
PAYMENT,Legitimate,121,101-500,20
PAYMENT,Legitimate,121,"5,001-10,000",151
PAYMENT,Legitimate,121,"50,001-100,000",8
PAYMENT,Legitimate,121,"501-1,000",14
TRANSFER,Fraud,121,"1,000,001+",2
TRANSFER,Fraud,121,"10,001-50,000",1
TRANSFER,Fraud,121,"100,001-500,000",3
TRANSFER,Fraud,121,"500,001-1,000,000",1
TRANSFER,Legitimate,121,"1,000,001+",17
TRANSFER,Legitimate,121,"1,001-5,000",1
TRANSFER,Legitimate,121,"10,001-50,000",10
TRANSFER,Legitimate,121,"100,001-500,000",21
TRANSFER,Legitimate,121,"5,001-10,000",3
TRANSFER,Legitimate,121,"50,001-100,000",13
TRANSFER,Legitimate,121,"500,001-1,000,000",12
CASH_IN,Legitimate,122,"1,001-5,000",2
CASH_IN,Legitimate,122,"10,001-50,000",21
CASH_IN,Legitimate,122,"100,001-500,000",78
CASH_IN,Legitimate,122,"5,001-10,000",5
CASH_IN,Legitimate,122,"50,001-100,000",36
CASH_IN,Legitimate,122,"500,001-1,000,000",3
CASH_OUT,Fraud,122,"1,000,001+",2
CASH_OUT,Fraud,122,"100,001-500,000",2
CASH_OUT,Fraud,122,"50,001-100,000",1
CASH_OUT,Fraud,122,"500,001-1,000,000",2
CASH_OUT,Legitimate,122,"1,001-5,000",1
CASH_OUT,Legitimate,122,"10,001-50,000",11
CASH_OUT,Legitimate,122,"100,001-500,000",29
CASH_OUT,Legitimate,122,"5,001-10,000",1
CASH_OUT,Legitimate,122,"50,001-100,000",5
CASH_OUT,Legitimate,122,"500,001-1,000,000",1
DEBIT,Legitimate,122,"1,001-5,000",8
DEBIT,Legitimate,122,"501-1,000",7
PAYMENT,Legitimate,122,0-100,1
PAYMENT,Legitimate,122,"1,001-5,000",79
PAYMENT,Legitimate,122,"10,001-50,000",19
PAYMENT,Legitimate,122,101-500,10
PAYMENT,Legitimate,122,"5,001-10,000",42
PAYMENT,Legitimate,122,"50,001-100,000",1
PAYMENT,Legitimate,122,"501-1,000",10
TRANSFER,Fraud,122,"1,000,001+",2
TRANSFER,Fraud,122,"100,001-500,000",2
TRANSFER,Fraud,122,"50,001-100,000",1
TRANSFER,Fraud,122,"500,001-1,000,000",2
TRANSFER,Legitimate,122,"1,000,001+",7
TRANSFER,Legitimate,122,"1,001-5,000",1
TRANSFER,Legitimate,122,"10,001-50,000",1
TRANSFER,Legitimate,122,"100,001-500,000",12
TRANSFER,Legitimate,122,"50,001-100,000",3
TRANSFER,Legitimate,122,"500,001-1,000,000",6
CASH_OUT,Fraud,123,"1,000,001+",1
CASH_OUT,Fraud,123,"1,001-5,000",1
CASH_OUT,Fraud,123,"500,001-1,000,000",1
CASH_OUT,Legitimate,123,"10,001-50,000",4
CASH_OUT,Legitimate,123,"100,001-500,000",13
CASH_OUT,Legitimate,123,"50,001-100,000",5
CASH_OUT,Legitimate,123,"500,001-1,000,000",1
DEBIT,Legitimate,123,"1,001-5,000",1
PAYMENT,Legitimate,123,"1,001-5,000",7
PAYMENT,Legitimate,123,"10,001-50,000",1
PAYMENT,Legitimate,123,101-500,2
PAYMENT,Legitimate,123,"5,001-10,000",5
PAYMENT,Legitimate,123,"501-1,000",1
TRANSFER,Fraud,123,"1,000,001+",1
TRANSFER,Fraud,123,"1,001-5,000",1
TRANSFER,Fraud,123,"500,001-1,000,000",1
TRANSFER,Legitimate,123,"1,000,001+",1
TRANSFER,Legitimate,123,"100,001-500,000",3
TRANSFER,Legitimate,123,"500,001-1,000,000",2
CASH_OUT,Fraud,124,"1,000,001+",2
TRANSFER,Fraud,124,"1,000,001+",2
CASH_OUT,Fraud,125,"1,000,001+",1
CASH_OUT,Fraud,125,"100,001-500,000",2
CASH_OUT,Fraud,125,"50,001-100,000",1
CASH_OUT,Fraud,125,"500,001-1,000,000",1
TRANSFER,Fraud,125,"1,000,001+",1
TRANSFER,Fraud,125,"100,001-500,000",2
TRANSFER,Fraud,125,"50,001-100,000",1
TRANSFER,Fraud,125,"500,001-1,000,000",1
CASH_OUT,Fraud,126,"1,000,001+",2
CASH_OUT,Fraud,126,"500,001-1,000,000",1
TRANSFER,Fraud,126,"1,000,001+",2
TRANSFER,Fraud,126,"500,001-1,000,000",1
CASH_OUT,Fraud,127,"1,000,001+",2
CASH_OUT,Fraud,127,"100,001-500,000",2
CASH_OUT,Fraud,127,"5,001-10,000",1
CASH_OUT,Fraud,127,"500,001-1,000,000",2
TRANSFER,Fraud,127,"1,000,001+",2
TRANSFER,Fraud,127,"100,001-500,000",2
TRANSFER,Fraud,127,"5,001-10,000",1
TRANSFER,Fraud,127,"500,001-1,000,000",2
CASH_OUT,Fraud,128,"1,000,001+",2
CASH_OUT,Fraud,128,"100,001-500,000",2
TRANSFER,Fraud,128,"1,000,001+",2
TRANSFER,Fraud,128,"100,001-500,000",2
CASH_IN,Legitimate,129,0-100,3
CASH_IN,Legitimate,129,"1,000,001+",1
CASH_IN,Legitimate,129,"1,001-5,000",65
CASH_IN,Legitimate,129,"10,001-50,000",682
CASH_IN,Legitimate,129,"100,001-500,000",3412
CASH_IN,Legitimate,129,101-500,7
CASH_IN,Legitimate,129,"5,001-10,000",98
CASH_IN,Legitimate,129,"50,001-100,000",906
CASH_IN,Legitimate,129,"500,001-1,000,000",97
CASH_IN,Legitimate,129,"501-1,000",5
CASH_OUT,Fraud,129,"1,000,001+",1
CASH_OUT,Fraud,129,"100,001-500,000",1
CASH_OUT,Fraud,129,"500,001-1,000,000",1
CASH_OUT,Legitimate,129,0-100,4
CASH_OUT,Legitimate,129,"1,001-5,000",88
CASH_OUT,Legitimate,129,"10,001-50,000",877
CASH_OUT,Legitimate,129,"100,001-500,000",5124
CASH_OUT,Legitimate,129,101-500,9
CASH_OUT,Legitimate,129,"5,001-10,000",100
CASH_OUT,Legitimate,129,"50,001-100,000",1077
CASH_OUT,Legitimate,129,"500,001-1,000,000",303
CASH_OUT,Legitimate,129,"501-1,000",11
DEBIT,Legitimate,129,0-100,3
DEBIT,Legitimate,129,"1,001-5,000",68
DEBIT,Legitimate,129,"10,001-50,000",3
DEBIT,Legitimate,129,101-500,7
DEBIT,Legitimate,129,"5,001-10,000",18
DEBIT,Legitimate,129,"501-1,000",10
PAYMENT,Legitimate,129,0-100,37
PAYMENT,Legitimate,129,"1,001-5,000",1431
PAYMENT,Legitimate,129,"10,001-50,000",3545
PAYMENT,Legitimate,129,"100,001-500,000",1
PAYMENT,Legitimate,129,101-500,144
PAYMENT,Legitimate,129,"5,001-10,000",1646
PAYMENT,Legitimate,129,"50,001-100,000",183
PAYMENT,Legitimate,129,"501-1,000",183
TRANSFER,Fraud,129,"1,000,001+",1
TRANSFER,Fraud,129,"100,001-500,000",1
TRANSFER,Fraud,129,"500,001-1,000,000",1
TRANSFER,Legitimate,129,"1,000,001+",718
TRANSFER,Legitimate,129,"1,001-5,000",11
TRANSFER,Legitimate,129,"10,001-50,000",59
TRANSFER,Legitimate,129,"100,001-500,000",532
TRANSFER,Legitimate,129,101-500,1
TRANSFER,Legitimate,129,"5,001-10,000",9
TRANSFER,Legitimate,129,"50,001-100,000",61
TRANSFER,Legitimate,129,"500,001-1,000,000",440
TRANSFER,Legitimate,129,"501-1,000",1
CASH_IN,Legitimate,130,0-100,1
CASH_IN,Legitimate,130,"1,000,001+",1
CASH_IN,Legitimate,130,"1,001-5,000",95
CASH_IN,Legitimate,130,"10,001-50,000",1000
CASH_IN,Legitimate,130,"100,001-500,000",4956
CASH_IN,Legitimate,130,101-500,10
CASH_IN,Legitimate,130,"5,001-10,000",134
CASH_IN,Legitimate,130,"50,001-100,000",1261
CASH_IN,Legitimate,130,"500,001-1,000,000",209
CASH_IN,Legitimate,130,"501-1,000",11
CASH_OUT,Fraud,130,"1,000,001+",1
CASH_OUT,Fraud,130,"10,001-50,000",1
CASH_OUT,Fraud,130,"100,001-500,000",1
CASH_OUT,Legitimate,130,0-100,1
CASH_OUT,Legitimate,130,"1,000,001+",3
CASH_OUT,Legitimate,130,"1,001-5,000",126
CASH_OUT,Legitimate,130,"10,001-50,000",1413
CASH_OUT,Legitimate,130,"100,001-500,000",8298
CASH_OUT,Legitimate,130,101-500,13
CASH_OUT,Legitimate,130,"5,001-10,000",170
CASH_OUT,Legitimate,130,"50,001-100,000",1736
CASH_OUT,Legitimate,130,"500,001-1,000,000",576
CASH_OUT,Legitimate,130,"501-1,000",15
DEBIT,Legitimate,130,0-100,2
DEBIT,Legitimate,130,"1,001-5,000",78
DEBIT,Legitimate,130,"10,001-50,000",13
DEBIT,Legitimate,130,101-500,9
DEBIT,Legitimate,130,"5,001-10,000",24
DEBIT,Legitimate,130,"501-1,000",13
PAYMENT,Legitimate,130,0-100,37
PAYMENT,Legitimate,130,"1,001-5,000",1554
PAYMENT,Legitimate,130,"10,001-50,000",5903
PAYMENT,Legitimate,130,"100,001-500,000",3
PAYMENT,Legitimate,130,101-500,162
PAYMENT,Legitimate,130,"5,001-10,000",1838
PAYMENT,Legitimate,130,"50,001-100,000",395
PAYMENT,Legitimate,130,"501-1,000",180
TRANSFER,Fraud,130,"1,000,001+",1
TRANSFER,Fraud,130,"10,001-50,000",1
TRANSFER,Fraud,130,"100,001-500,000",1
TRANSFER,Legitimate,130,"1,000,001+",1011
TRANSFER,Legitimate,130,"1,001-5,000",6
TRANSFER,Legitimate,130,"10,001-50,000",64
TRANSFER,Legitimate,130,"100,001-500,000",761
TRANSFER,Legitimate,130,101-500,3
TRANSFER,Legitimate,130,"5,001-10,000",9
TRANSFER,Legitimate,130,"50,001-100,000",112
TRANSFER,Legitimate,130,"500,001-1,000,000",678
CASH_IN,Legitimate,131,0-100,4
CASH_IN,Legitimate,131,"1,000,001+",3
CASH_IN,Legitimate,131,"1,001-5,000",120
CASH_IN,Legitimate,131,"10,001-50,000",1093
CASH_IN,Legitimate,131,"100,001-500,000",5550
CASH_IN,Legitimate,131,101-500,7
CASH_IN,Legitimate,131,"5,001-10,000",141
CASH_IN,Legitimate,131,"50,001-100,000",1470
CASH_IN,Legitimate,131,"500,001-1,000,000",291
CASH_IN,Legitimate,131,"501-1,000",13
CASH_OUT,Fraud,131,"1,000,001+",5
CASH_OUT,Fraud,131,"100,001-500,000",1
CASH_OUT,Fraud,131,"50,001-100,000",1
CASH_OUT,Fraud,131,"500,001-1,000,000",1
CASH_OUT,Legitimate,131,0-100,3
CASH_OUT,Legitimate,131,"1,000,001+",1
CASH_OUT,Legitimate,131,"1,001-5,000",140
CASH_OUT,Legitimate,131,"10,001-50,000",1528
CASH_OUT,Legitimate,131,"100,001-500,000",8939
CASH_OUT,Legitimate,131,101-500,16
CASH_OUT,Legitimate,131,"5,001-10,000",197
CASH_OUT,Legitimate,131,"50,001-100,000",1949
CASH_OUT,Legitimate,131,"500,001-1,000,000",593
CASH_OUT,Legitimate,131,"501-1,000",17
DEBIT,Legitimate,131,0-100,1
DEBIT,Legitimate,131,"1,001-5,000",64
DEBIT,Legitimate,131,"10,001-50,000",77
DEBIT,Legitimate,131,101-500,7
DEBIT,Legitimate,131,"5,001-10,000",39
DEBIT,Legitimate,131,"501-1,000",13
PAYMENT,Legitimate,131,0-100,52
PAYMENT,Legitimate,131,"1,001-5,000",1953
PAYMENT,Legitimate,131,"10,001-50,000",6143
PAYMENT,Legitimate,131,101-500,231
PAYMENT,Legitimate,131,"5,001-10,000",2340
PAYMENT,Legitimate,131,"50,001-100,000",125
PAYMENT,Legitimate,131,"501-1,000",232
TRANSFER,Fraud,131,"1,000,001+",5
TRANSFER,Fraud,131,"100,001-500,000",1
TRANSFER,Fraud,131,"50,001-100,000",1
TRANSFER,Fraud,131,"500,001-1,000,000",1
TRANSFER,Legitimate,131,"1,000,001+",845
TRANSFER,Legitimate,131,"1,001-5,000",5
TRANSFER,Legitimate,131,"10,001-50,000",89
TRANSFER,Legitimate,131,"100,001-500,000",1082
TRANSFER,Legitimate,131,101-500,1
TRANSFER,Legitimate,131,"5,001-10,000",21
TRANSFER,Legitimate,131,"50,001-100,000",156
TRANSFER,Legitimate,131,"500,001-1,000,000",807
TRANSFER,Legitimate,131,"501-1,000",1
CASH_IN,Legitimate,132,0-100,3
CASH_IN,Legitimate,132,"1,000,001+",3
CASH_IN,Legitimate,132,"1,001-5,000",108
CASH_IN,Legitimate,132,"10,001-50,000",1030
CASH_IN,Legitimate,132,"100,001-500,000",5286
CASH_IN,Legitimate,132,101-500,6
CASH_IN,Legitimate,132,"5,001-10,000",128
CASH_IN,Legitimate,132,"50,001-100,000",1357
CASH_IN,Legitimate,132,"500,001-1,000,000",251
CASH_IN,Legitimate,132,"501-1,000",11
CASH_OUT,Fraud,132,"1,000,001+",3
CASH_OUT,Fraud,132,"100,001-500,000",1
CASH_OUT,Fraud,132,"500,001-1,000,000",1
CASH_OUT,Legitimate,132,0-100,2
CASH_OUT,Legitimate,132,"1,000,001+",3
CASH_OUT,Legitimate,132,"1,001-5,000",150
CASH_OUT,Legitimate,132,"10,001-50,000",1517
CASH_OUT,Legitimate,132,"100,001-500,000",9158
CASH_OUT,Legitimate,132,101-500,14
CASH_OUT,Legitimate,132,"5,001-10,000",185
CASH_OUT,Legitimate,132,"50,001-100,000",1949
CASH_OUT,Legitimate,132,"500,001-1,000,000",621
CASH_OUT,Legitimate,132,"501-1,000",18
DEBIT,Legitimate,132,0-100,2
DEBIT,Legitimate,132,"1,001-5,000",48
DEBIT,Legitimate,132,"10,001-50,000",80
DEBIT,Legitimate,132,101-500,1
DEBIT,Legitimate,132,"5,001-10,000",26
DEBIT,Legitimate,132,"50,001-100,000",1
DEBIT,Legitimate,132,"501-1,000",7
PAYMENT,Legitimate,132,0-100,47
PAYMENT,Legitimate,132,"1,001-5,000",1725
PAYMENT,Legitimate,132,"10,001-50,000",6462
PAYMENT,Legitimate,132,"100,001-500,000",1
PAYMENT,Legitimate,132,101-500,175
PAYMENT,Legitimate,132,"5,001-10,000",2097
PAYMENT,Legitimate,132,"50,001-100,000",239
PAYMENT,Legitimate,132,"501-1,000",231
TRANSFER,Fraud,132,"1,000,001+",3
TRANSFER,Fraud,132,"100,001-500,000",1
TRANSFER,Fraud,132,"500,001-1,000,000",1
TRANSFER,Legitimate,132,"1,000,001+",755
TRANSFER,Legitimate,132,"1,001-5,000",4
TRANSFER,Legitimate,132,"10,001-50,000",112
TRANSFER,Legitimate,132,"100,001-500,000",1071
TRANSFER,Legitimate,132,101-500,1
TRANSFER,Legitimate,132,"5,001-10,000",19
TRANSFER,Legitimate,132,"50,001-100,000",133
TRANSFER,Legitimate,132,"500,001-1,000,000",887
TRANSFER,Legitimate,132,"501-1,000",2
CASH_IN,Legitimate,133,0-100,6
CASH_IN,Legitimate,133,"1,000,001+",2
CASH_IN,Legitimate,133,"1,001-5,000",104
CASH_IN,Legitimate,133,"10,001-50,000",1057
CASH_IN,Legitimate,133,"100,001-500,000",5119
CASH_IN,Legitimate,133,101-500,8
CASH_IN,Legitimate,133,"5,001-10,000",139
CASH_IN,Legitimate,133,"50,001-100,000",1259
CASH_IN,Legitimate,133,"500,001-1,000,000",267
CASH_IN,Legitimate,133,"501-1,000",10
CASH_OUT,Fraud,133,"1,000,001+",1
CASH_OUT,Fraud,133,"10,001-50,000",1
CASH_OUT,Fraud,133,"100,001-500,000",1
CASH_OUT,Fraud,133,"50,001-100,000",1
CASH_OUT,Fraud,133,"500,001-1,000,000",1
CASH_OUT,Legitimate,133,0-100,3
CASH_OUT,Legitimate,133,"1,000,001+",5
CASH_OUT,Legitimate,133,"1,001-5,000",144
CASH_OUT,Legitimate,133,"10,001-50,000",1533
CASH_OUT,Legitimate,133,"100,001-500,000",8848
CASH_OUT,Legitimate,133,101-500,14
CASH_OUT,Legitimate,133,"5,001-10,000",173
CASH_OUT,Legitimate,133,"50,001-100,000",1876
CASH_OUT,Legitimate,133,"500,001-1,000,000",674
CASH_OUT,Legitimate,133,"501-1,000",25
DEBIT,Legitimate,133,0-100,3
DEBIT,Legitimate,133,"1,001-5,000",121
DEBIT,Legitimate,133,"10,001-50,000",2
DEBIT,Legitimate,133,101-500,16
DEBIT,Legitimate,133,"5,001-10,000",20
DEBIT,Legitimate,133,"501-1,000",17
PAYMENT,Legitimate,133,0-100,33
PAYMENT,Legitimate,133,"1,001-5,000",1646
PAYMENT,Legitimate,133,"10,001-50,000",6382
PAYMENT,Legitimate,133,"100,001-500,000",3
PAYMENT,Legitimate,133,101-500,157
PAYMENT,Legitimate,133,"5,001-10,000",1939
PAYMENT,Legitimate,133,"50,001-100,000",449
PAYMENT,Legitimate,133,"501-1,000",188
TRANSFER,Fraud,133,"1,000,001+",1
TRANSFER,Fraud,133,"10,001-50,000",1
TRANSFER,Fraud,133,"100,001-500,000",1
TRANSFER,Fraud,133,"50,001-100,000",1
TRANSFER,Fraud,133,"500,001-1,000,000",1
TRANSFER,Legitimate,133,"1,000,001+",706
TRANSFER,Legitimate,133,"1,001-5,000",6
TRANSFER,Legitimate,133,"10,001-50,000",120
TRANSFER,Legitimate,133,"100,001-500,000",1065
TRANSFER,Legitimate,133,"5,001-10,000",13
TRANSFER,Legitimate,133,"50,001-100,000",135
TRANSFER,Legitimate,133,"500,001-1,000,000",850
CASH_IN,Legitimate,134,0-100,1
CASH_IN,Legitimate,134,"1,001-5,000",114
CASH_IN,Legitimate,134,"10,001-50,000",982
CASH_IN,Legitimate,134,"100,001-500,000",4895
CASH_IN,Legitimate,134,101-500,12
CASH_IN,Legitimate,134,"5,001-10,000",128
CASH_IN,Legitimate,134,"50,001-100,000",1288
CASH_IN,Legitimate,134,"500,001-1,000,000",195
CASH_IN,Legitimate,134,"501-1,000",12
CASH_OUT,Fraud,134,"1,000,001+",4
CASH_OUT,Fraud,134,"100,001-500,000",1
CASH_OUT,Legitimate,134,0-100,3
CASH_OUT,Legitimate,134,"1,000,001+",2
CASH_OUT,Legitimate,134,"1,001-5,000",127
CASH_OUT,Legitimate,134,"10,001-50,000",1368
CASH_OUT,Legitimate,134,"100,001-500,000",8177
CASH_OUT,Legitimate,134,101-500,15
CASH_OUT,Legitimate,134,"5,001-10,000",164
CASH_OUT,Legitimate,134,"50,001-100,000",1810
CASH_OUT,Legitimate,134,"500,001-1,000,000",475
CASH_OUT,Legitimate,134,"501-1,000",9
DEBIT,Legitimate,134,0-100,1
DEBIT,Legitimate,134,"1,001-5,000",90
DEBIT,Legitimate,134,"10,001-50,000",3
DEBIT,Legitimate,134,101-500,15
DEBIT,Legitimate,134,"5,001-10,000",27
DEBIT,Legitimate,134,"501-1,000",9
PAYMENT,Legitimate,134,0-100,32
PAYMENT,Legitimate,134,"1,001-5,000",1501
PAYMENT,Legitimate,134,"10,001-50,000",5655
PAYMENT,Legitimate,134,"100,001-500,000",3
PAYMENT,Legitimate,134,101-500,131
PAYMENT,Legitimate,134,"5,001-10,000",1729
PAYMENT,Legitimate,134,"50,001-100,000",511
PAYMENT,Legitimate,134,"501-1,000",178
TRANSFER,Fraud,134,"1,000,001+",4
TRANSFER,Fraud,134,"100,001-500,000",1
TRANSFER,Legitimate,134,0-100,1
TRANSFER,Legitimate,134,"1,000,001+",452
TRANSFER,Legitimate,134,"1,001-5,000",12
TRANSFER,Legitimate,134,"10,001-50,000",125
TRANSFER,Legitimate,134,"100,001-500,000",1111
TRANSFER,Legitimate,134,101-500,2
TRANSFER,Legitimate,134,"5,001-10,000",11
TRANSFER,Legitimate,134,"50,001-100,000",165
TRANSFER,Legitimate,134,"500,001-1,000,000",839
TRANSFER,Legitimate,134,"501-1,000",1
CASH_IN,Legitimate,135,0-100,2
CASH_IN,Legitimate,135,"1,001-5,000",87
CASH_IN,Legitimate,135,"10,001-50,000",794
CASH_IN,Legitimate,135,"100,001-500,000",4114
CASH_IN,Legitimate,135,101-500,12
CASH_IN,Legitimate,135,"5,001-10,000",90
CASH_IN,Legitimate,135,"50,001-100,000",959
CASH_IN,Legitimate,135,"500,001-1,000,000",201
CASH_IN,Legitimate,135,"501-1,000",6
CASH_OUT,Fraud,135,"100,001-500,000",1
CASH_OUT,Fraud,135,"5,001-10,000",1
CASH_OUT,Fraud,135,"50,001-100,000",1
CASH_OUT,Fraud,135,"500,001-1,000,000",1
CASH_OUT,Legitimate,135,0-100,2
CASH_OUT,Legitimate,135,"1,000,001+",2
CASH_OUT,Legitimate,135,"1,001-5,000",95
CASH_OUT,Legitimate,135,"10,001-50,000",1194
CASH_OUT,Legitimate,135,"100,001-500,000",6584
CASH_OUT,Legitimate,135,101-500,10
CASH_OUT,Legitimate,135,"5,001-10,000",131
CASH_OUT,Legitimate,135,"50,001-100,000",1498
CASH_OUT,Legitimate,135,"500,001-1,000,000",450
CASH_OUT,Legitimate,135,"501-1,000",13
DEBIT,Legitimate,135,0-100,2
DEBIT,Legitimate,135,"1,001-5,000",82
DEBIT,Legitimate,135,"10,001-50,000",28
DEBIT,Legitimate,135,101-500,4
DEBIT,Legitimate,135,"5,001-10,000",45
DEBIT,Legitimate,135,"501-1,000",8
PAYMENT,Legitimate,135,0-100,38
PAYMENT,Legitimate,135,"1,001-5,000",1595
PAYMENT,Legitimate,135,"10,001-50,000",4710
PAYMENT,Legitimate,135,101-500,156
PAYMENT,Legitimate,135,"5,001-10,000",1817
PAYMENT,Legitimate,135,"50,001-100,000",125
PAYMENT,Legitimate,135,"501-1,000",222
TRANSFER,Fraud,135,"100,001-500,000",1
TRANSFER,Fraud,135,"5,001-10,000",1
TRANSFER,Fraud,135,"50,001-100,000",1
TRANSFER,Fraud,135,"500,001-1,000,000",1
TRANSFER,Legitimate,135,"1,000,001+",458
TRANSFER,Legitimate,135,"1,001-5,000",14
TRANSFER,Legitimate,135,"10,001-50,000",106
TRANSFER,Legitimate,135,"100,001-500,000",1005
TRANSFER,Legitimate,135,101-500,2
TRANSFER,Legitimate,135,"5,001-10,000",11
TRANSFER,Legitimate,135,"50,001-100,000",131
TRANSFER,Legitimate,135,"500,001-1,000,000",744
TRANSFER,Legitimate,135,"501-1,000",1
CASH_IN,Legitimate,136,0-100,2
CASH_IN,Legitimate,136,"1,000,001+",1
CASH_IN,Legitimate,136,"1,001-5,000",85
CASH_IN,Legitimate,136,"10,001-50,000",903
CASH_IN,Legitimate,136,"100,001-500,000",4588
CASH_IN,Legitimate,136,101-500,11
CASH_IN,Legitimate,136,"5,001-10,000",100
CASH_IN,Legitimate,136,"50,001-100,000",1188
CASH_IN,Legitimate,136,"500,001-1,000,000",206
CASH_IN,Legitimate,136,"501-1,000",16
CASH_OUT,Fraud,136,"1,000,001+",3
CASH_OUT,Fraud,136,"100,001-500,000",1
CASH_OUT,Fraud,136,"50,001-100,000",1
CASH_OUT,Legitimate,136,0-100,6
CASH_OUT,Legitimate,136,"1,000,001+",2
CASH_OUT,Legitimate,136,"1,001-5,000",119
CASH_OUT,Legitimate,136,"10,001-50,000",1377
CASH_OUT,Legitimate,136,"100,001-500,000",7458
CASH_OUT,Legitimate,136,101-500,7
CASH_OUT,Legitimate,136,"5,001-10,000",164
CASH_OUT,Legitimate,136,"50,001-100,000",1788
CASH_OUT,Legitimate,136,"500,001-1,000,000",407
CASH_OUT,Legitimate,136,"501-1,000",20
DEBIT,Legitimate,136,0-100,1
DEBIT,Legitimate,136,"1,001-5,000",95
DEBIT,Legitimate,136,"10,001-50,000",5
DEBIT,Legitimate,136,101-500,9
DEBIT,Legitimate,136,"5,001-10,000",43
DEBIT,Legitimate,136,"501-1,000",14
PAYMENT,Legitimate,136,0-100,42
PAYMENT,Legitimate,136,"1,001-5,000",1910
PAYMENT,Legitimate,136,"10,001-50,000",4736
PAYMENT,Legitimate,136,"100,001-500,000",1
PAYMENT,Legitimate,136,101-500,166
PAYMENT,Legitimate,136,"5,001-10,000",2054
PAYMENT,Legitimate,136,"50,001-100,000",78
PAYMENT,Legitimate,136,"501-1,000",214
TRANSFER,Fraud,136,"1,000,001+",3
TRANSFER,Fraud,136,"100,001-500,000",1
TRANSFER,Fraud,136,"50,001-100,000",1
TRANSFER,Legitimate,136,"1,000,001+",597
TRANSFER,Legitimate,136,"1,001-5,000",6
TRANSFER,Legitimate,136,"10,001-50,000",113
TRANSFER,Legitimate,136,"100,001-500,000",911
TRANSFER,Legitimate,136,101-500,1
TRANSFER,Legitimate,136,"5,001-10,000",11
TRANSFER,Legitimate,136,"50,001-100,000",122
TRANSFER,Legitimate,136,"500,001-1,000,000",752
TRANSFER,Legitimate,136,"501-1,000",1
CASH_IN,Legitimate,137,0-100,5
CASH_IN,Legitimate,137,"1,001-5,000",82
CASH_IN,Legitimate,137,"10,001-50,000",1024
CASH_IN,Legitimate,137,"100,001-500,000",4556
CASH_IN,Legitimate,137,101-500,4
CASH_IN,Legitimate,137,"5,001-10,000",115
CASH_IN,Legitimate,137,"50,001-100,000",1205
CASH_IN,Legitimate,137,"500,001-1,000,000",132
CASH_IN,Legitimate,137,"501-1,000",9
CASH_OUT,Fraud,137,"1,000,001+",4
CASH_OUT,Fraud,137,"100,001-500,000",2
CASH_OUT,Legitimate,137,0-100,5
CASH_OUT,Legitimate,137,"1,000,001+",5
CASH_OUT,Legitimate,137,"1,001-5,000",158
CASH_OUT,Legitimate,137,"10,001-50,000",1698
CASH_OUT,Legitimate,137,"100,001-500,000",8257
CASH_OUT,Legitimate,137,101-500,23
CASH_OUT,Legitimate,137,"5,001-10,000",197
CASH_OUT,Legitimate,137,"50,001-100,000",2130
CASH_OUT,Legitimate,137,"500,001-1,000,000",276
CASH_OUT,Legitimate,137,"501-1,000",15
DEBIT,Legitimate,137,0-100,3
DEBIT,Legitimate,137,"1,001-5,000",66
DEBIT,Legitimate,137,"10,001-50,000",8
DEBIT,Legitimate,137,101-500,4
DEBIT,Legitimate,137,"5,001-10,000",50
DEBIT,Legitimate,137,"501-1,000",7
PAYMENT,Legitimate,137,0-100,42
PAYMENT,Legitimate,137,"1,001-5,000",1654
PAYMENT,Legitimate,137,"10,001-50,000",5613
PAYMENT,Legitimate,137,101-500,161
PAYMENT,Legitimate,137,"5,001-10,000",1875
PAYMENT,Legitimate,137,"50,001-100,000",187
PAYMENT,Legitimate,137,"501-1,000",217
TRANSFER,Fraud,137,"1,000,001+",4
TRANSFER,Fraud,137,"100,001-500,000",2
TRANSFER,Legitimate,137,"1,000,001+",346
TRANSFER,Legitimate,137,"1,001-5,000",12
TRANSFER,Legitimate,137,"10,001-50,000",138
TRANSFER,Legitimate,137,"100,001-500,000",1290
TRANSFER,Legitimate,137,101-500,2
TRANSFER,Legitimate,137,"5,001-10,000",16
TRANSFER,Legitimate,137,"50,001-100,000",166
TRANSFER,Legitimate,137,"500,001-1,000,000",794
CASH_IN,Legitimate,138,0-100,2
CASH_IN,Legitimate,138,"1,001-5,000",92
CASH_IN,Legitimate,138,"10,001-50,000",1123
CASH_IN,Legitimate,138,"100,001-500,000",4522
CASH_IN,Legitimate,138,101-500,14
CASH_IN,Legitimate,138,"5,001-10,000",150
CASH_IN,Legitimate,138,"50,001-100,000",1392
CASH_IN,Legitimate,138,"500,001-1,000,000",81
CASH_IN,Legitimate,138,"501-1,000",15
CASH_OUT,Fraud,138,"100,001-500,000",2
CASH_OUT,Legitimate,138,0-100,4
CASH_OUT,Legitimate,138,"1,000,001+",1
CASH_OUT,Legitimate,138,"1,001-5,000",158
CASH_OUT,Legitimate,138,"10,001-50,000",1632
CASH_OUT,Legitimate,138,"100,001-500,000",7341
CASH_OUT,Legitimate,138,101-500,14
CASH_OUT,Legitimate,138,"5,001-10,000",194
CASH_OUT,Legitimate,138,"50,001-100,000",2206
CASH_OUT,Legitimate,138,"500,001-1,000,000",151
CASH_OUT,Legitimate,138,"501-1,000",23
DEBIT,Legitimate,138,0-100,2
DEBIT,Legitimate,138,"1,001-5,000",95
DEBIT,Legitimate,138,"10,001-50,000",1
DEBIT,Legitimate,138,101-500,10
DEBIT,Legitimate,138,"5,001-10,000",23
DEBIT,Legitimate,138,"501-1,000",13
PAYMENT,Legitimate,138,0-100,37
PAYMENT,Legitimate,138,"1,001-5,000",1668
PAYMENT,Legitimate,138,"10,001-50,000",5479
PAYMENT,Legitimate,138,101-500,173
PAYMENT,Legitimate,138,"5,001-10,000",1949
PAYMENT,Legitimate,138,"50,001-100,000",164
PAYMENT,Legitimate,138,"501-1,000",214
TRANSFER,Fraud,138,"100,001-500,000",2
TRANSFER,Legitimate,138,"1,000,001+",281
TRANSFER,Legitimate,138,"1,001-5,000",14
TRANSFER,Legitimate,138,"10,001-50,000",142
TRANSFER,Legitimate,138,"100,001-500,000",1250
TRANSFER,Legitimate,138,101-500,2
TRANSFER,Legitimate,138,"5,001-10,000",14
TRANSFER,Legitimate,138,"50,001-100,000",192
TRANSFER,Legitimate,138,"500,001-1,000,000",578
TRANSFER,Legitimate,138,"501-1,000",2
CASH_IN,Legitimate,139,0-100,7
CASH_IN,Legitimate,139,"1,000,001+",1
CASH_IN,Legitimate,139,"1,001-5,000",139
CASH_IN,Legitimate,139,"10,001-50,000",1577
CASH_IN,Legitimate,139,"100,001-500,000",6466
CASH_IN,Legitimate,139,101-500,12
CASH_IN,Legitimate,139,"5,001-10,000",196
CASH_IN,Legitimate,139,"50,001-100,000",1925
CASH_IN,Legitimate,139,"500,001-1,000,000",132
CASH_IN,Legitimate,139,"501-1,000",15
CASH_OUT,Fraud,139,"10,001-50,000",1
CASH_OUT,Fraud,139,"100,001-500,000",1
CASH_OUT,Legitimate,139,0-100,7
CASH_OUT,Legitimate,139,"1,000,001+",4
CASH_OUT,Legitimate,139,"1,001-5,000",231
CASH_OUT,Legitimate,139,"10,001-50,000",2717
CASH_OUT,Legitimate,139,"100,001-500,000",10967
CASH_OUT,Legitimate,139,101-500,26
CASH_OUT,Legitimate,139,"5,001-10,000",367
CASH_OUT,Legitimate,139,"50,001-100,000",3402
CASH_OUT,Legitimate,139,"500,001-1,000,000",219
CASH_OUT,Legitimate,139,"501-1,000",38
DEBIT,Legitimate,139,"1,001-5,000",121
DEBIT,Legitimate,139,"10,001-50,000",19
DEBIT,Legitimate,139,101-500,10
DEBIT,Legitimate,139,"5,001-10,000",63
DEBIT,Legitimate,139,"501-1,000",19
PAYMENT,Legitimate,139,0-100,82
PAYMENT,Legitimate,139,"1,001-5,000",2972
PAYMENT,Legitimate,139,"10,001-50,000",6719
PAYMENT,Legitimate,139,101-500,286
PAYMENT,Legitimate,139,"5,001-10,000",3243
PAYMENT,Legitimate,139,"50,001-100,000",119
PAYMENT,Legitimate,139,"501-1,000",372
TRANSFER,Fraud,139,"10,001-50,000",1
TRANSFER,Fraud,139,"100,001-500,000",1
TRANSFER,Legitimate,139,"1,000,001+",628
TRANSFER,Legitimate,139,"1,001-5,000",22
TRANSFER,Legitimate,139,"10,001-50,000",162
TRANSFER,Legitimate,139,"100,001-500,000",1439
TRANSFER,Legitimate,139,"5,001-10,000",18
TRANSFER,Legitimate,139,"50,001-100,000",212
TRANSFER,Legitimate,139,"500,001-1,000,000",1095
TRANSFER,Legitimate,139,"501-1,000",1
CASH_IN,Legitimate,140,0-100,1
CASH_IN,Legitimate,140,"1,001-5,000",99
CASH_IN,Legitimate,140,"10,001-50,000",1280
CASH_IN,Legitimate,140,"100,001-500,000",4783
CASH_IN,Legitimate,140,101-500,11
CASH_IN,Legitimate,140,"5,001-10,000",170
CASH_IN,Legitimate,140,"50,001-100,000",1590
CASH_IN,Legitimate,140,"500,001-1,000,000",86
CASH_IN,Legitimate,140,"501-1,000",16
CASH_OUT,Fraud,140,"1,000,001+",2
CASH_OUT,Fraud,140,"100,001-500,000",1
CASH_OUT,Fraud,140,"5,001-10,000",1
CASH_OUT,Fraud,140,"50,001-100,000",2
CASH_OUT,Fraud,140,"500,001-1,000,000",1
CASH_OUT,Legitimate,140,0-100,4
CASH_OUT,Legitimate,140,"1,000,001+",1
CASH_OUT,Legitimate,140,"1,001-5,000",202
CASH_OUT,Legitimate,140,"10,001-50,000",2187
CASH_OUT,Legitimate,140,"100,001-500,000",7865
CASH_OUT,Legitimate,140,101-500,23
CASH_OUT,Legitimate,140,"5,001-10,000",262
CASH_OUT,Legitimate,140,"50,001-100,000",2678
CASH_OUT,Legitimate,140,"500,001-1,000,000",171
CASH_OUT,Legitimate,140,"501-1,000",27
DEBIT,Legitimate,140,0-100,5
DEBIT,Legitimate,140,"1,001-5,000",155
DEBIT,Legitimate,140,"10,001-50,000",4
DEBIT,Legitimate,140,101-500,23
DEBIT,Legitimate,140,"5,001-10,000",21
DEBIT,Legitimate,140,"501-1,000",25
PAYMENT,Legitimate,140,0-100,73
PAYMENT,Legitimate,140,"1,001-5,000",3336
PAYMENT,Legitimate,140,"10,001-50,000",4795
PAYMENT,Legitimate,140,101-500,309
PAYMENT,Legitimate,140,"5,001-10,000",3502
PAYMENT,Legitimate,140,"50,001-100,000",5
PAYMENT,Legitimate,140,"501-1,000",458
TRANSFER,Fraud,140,"1,000,001+",2
TRANSFER,Fraud,140,"100,001-500,000",1
TRANSFER,Fraud,140,"5,001-10,000",1
TRANSFER,Fraud,140,"50,001-100,000",2
TRANSFER,Fraud,140,"500,001-1,000,000",1
TRANSFER,Legitimate,140,0-100,1
TRANSFER,Legitimate,140,"1,000,001+",436
TRANSFER,Legitimate,140,"1,001-5,000",18
TRANSFER,Legitimate,140,"10,001-50,000",152
TRANSFER,Legitimate,140,"100,001-500,000",1259
TRANSFER,Legitimate,140,101-500,3
TRANSFER,Legitimate,140,"5,001-10,000",15
TRANSFER,Legitimate,140,"50,001-100,000",186
TRANSFER,Legitimate,140,"500,001-1,000,000",758
TRANSFER,Legitimate,140,"501-1,000",3
CASH_IN,Legitimate,141,0-100,1
CASH_IN,Legitimate,141,"1,001-5,000",58
CASH_IN,Legitimate,141,"10,001-50,000",608
CASH_IN,Legitimate,141,"100,001-500,000",2164
CASH_IN,Legitimate,141,101-500,2
CASH_IN,Legitimate,141,"5,001-10,000",56
CASH_IN,Legitimate,141,"50,001-100,000",766
CASH_IN,Legitimate,141,"500,001-1,000,000",39
CASH_IN,Legitimate,141,"501-1,000",4
CASH_OUT,Fraud,141,"1,000,001+",1
CASH_OUT,Fraud,141,"100,001-500,000",3
CASH_OUT,Legitimate,141,0-100,1
CASH_OUT,Legitimate,141,"1,001-5,000",62
CASH_OUT,Legitimate,141,"10,001-50,000",705
CASH_OUT,Legitimate,141,"100,001-500,000",2937
CASH_OUT,Legitimate,141,101-500,13
CASH_OUT,Legitimate,141,"5,001-10,000",96
CASH_OUT,Legitimate,141,"50,001-100,000",943
CASH_OUT,Legitimate,141,"500,001-1,000,000",75
CASH_OUT,Legitimate,141,"501-1,000",4
DEBIT,Legitimate,141,0-100,2
DEBIT,Legitimate,141,"1,001-5,000",101
DEBIT,Legitimate,141,"10,001-50,000",4
DEBIT,Legitimate,141,101-500,18
DEBIT,Legitimate,141,"5,001-10,000",20
DEBIT,Legitimate,141,"501-1,000",17
PAYMENT,Legitimate,141,0-100,34
PAYMENT,Legitimate,141,"1,001-5,000",1768
PAYMENT,Legitimate,141,"10,001-50,000",2397
PAYMENT,Legitimate,141,101-500,193
PAYMENT,Legitimate,141,"5,001-10,000",1804
PAYMENT,Legitimate,141,"50,001-100,000",4
PAYMENT,Legitimate,141,"501-1,000",238
TRANSFER,Fraud,141,"1,000,001+",1
TRANSFER,Fraud,141,"100,001-500,000",3
TRANSFER,Legitimate,141,"1,000,001+",194
TRANSFER,Legitimate,141,"1,001-5,000",8
TRANSFER,Legitimate,141,"10,001-50,000",70
TRANSFER,Legitimate,141,"100,001-500,000",618
TRANSFER,Legitimate,141,101-500,3
TRANSFER,Legitimate,141,"5,001-10,000",6
TRANSFER,Legitimate,141,"50,001-100,000",98
TRANSFER,Legitimate,141,"500,001-1,000,000",292
TRANSFER,Legitimate,141,"501-1,000",3
CASH_IN,Legitimate,142,"1,001-5,000",45
CASH_IN,Legitimate,142,"10,001-50,000",364
CASH_IN,Legitimate,142,"100,001-500,000",1388
CASH_IN,Legitimate,142,101-500,1
CASH_IN,Legitimate,142,"5,001-10,000",36
CASH_IN,Legitimate,142,"50,001-100,000",447
CASH_IN,Legitimate,142,"500,001-1,000,000",21
CASH_IN,Legitimate,142,"501-1,000",3
CASH_OUT,Fraud,142,"1,000,001+",1
CASH_OUT,Fraud,142,"100,001-500,000",1
CASH_OUT,Fraud,142,"50,001-100,000",2
CASH_OUT,Legitimate,142,0-100,3
CASH_OUT,Legitimate,142,"1,001-5,000",47
CASH_OUT,Legitimate,142,"10,001-50,000",418
CASH_OUT,Legitimate,142,"100,001-500,000",1808
CASH_OUT,Legitimate,142,101-500,4
CASH_OUT,Legitimate,142,"5,001-10,000",53
CASH_OUT,Legitimate,142,"50,001-100,000",503
CASH_OUT,Legitimate,142,"500,001-1,000,000",55
CASH_OUT,Legitimate,142,"501-1,000",2
DEBIT,Legitimate,142,0-100,2
DEBIT,Legitimate,142,"1,001-5,000",108
DEBIT,Legitimate,142,"10,001-50,000",7
DEBIT,Legitimate,142,101-500,22
DEBIT,Legitimate,142,"5,001-10,000",20
DEBIT,Legitimate,142,"501-1,000",19
PAYMENT,Legitimate,142,0-100,30
PAYMENT,Legitimate,142,"1,001-5,000",1369
PAYMENT,Legitimate,142,"10,001-50,000",2484
PAYMENT,Legitimate,142,101-500,139
PAYMENT,Legitimate,142,"5,001-10,000",1517
PAYMENT,Legitimate,142,"50,001-100,000",6
PAYMENT,Legitimate,142,"501-1,000",182
TRANSFER,Fraud,142,"1,000,001+",1
TRANSFER,Fraud,142,"100,001-500,000",1
TRANSFER,Fraud,142,"50,001-100,000",2
TRANSFER,Legitimate,142,"1,000,001+",193
TRANSFER,Legitimate,142,"1,001-5,000",7
TRANSFER,Legitimate,142,"10,001-50,000",72
TRANSFER,Legitimate,142,"100,001-500,000",492
TRANSFER,Legitimate,142,"5,001-10,000",8
TRANSFER,Legitimate,142,"50,001-100,000",70
TRANSFER,Legitimate,142,"500,001-1,000,000",235
TRANSFER,Legitimate,142,"501-1,000",1
CASH_IN,Legitimate,143,"1,001-5,000",16
CASH_IN,Legitimate,143,"10,001-50,000",215
CASH_IN,Legitimate,143,"100,001-500,000",808
CASH_IN,Legitimate,143,101-500,1
CASH_IN,Legitimate,143,"5,001-10,000",25
CASH_IN,Legitimate,143,"50,001-100,000",252
CASH_IN,Legitimate,143,"500,001-1,000,000",24
CASH_IN,Legitimate,143,"501-1,000",1
CASH_OUT,Fraud,143,"1,000,001+",4
CASH_OUT,Fraud,143,"10,001-50,000",1
CASH_OUT,Fraud,143,"100,001-500,000",2
CASH_OUT,Fraud,143,"500,001-1,000,000",1
CASH_OUT,Legitimate,143,0-100,1
CASH_OUT,Legitimate,143,"1,001-5,000",17
CASH_OUT,Legitimate,143,"10,001-50,000",178
CASH_OUT,Legitimate,143,"100,001-500,000",879
CASH_OUT,Legitimate,143,101-500,1
CASH_OUT,Legitimate,143,"5,001-10,000",23
CASH_OUT,Legitimate,143,"50,001-100,000",228
CASH_OUT,Legitimate,143,"500,001-1,000,000",34
CASH_OUT,Legitimate,143,"501-1,000",2
DEBIT,Legitimate,143,0-100,3
DEBIT,Legitimate,143,"1,001-5,000",87
DEBIT,Legitimate,143,"10,001-50,000",3
DEBIT,Legitimate,143,101-500,12
DEBIT,Legitimate,143,"5,001-10,000",32
DEBIT,Legitimate,143,"501-1,000",11
PAYMENT,Legitimate,143,0-100,35
PAYMENT,Legitimate,143,"1,001-5,000",1233
PAYMENT,Legitimate,143,"10,001-50,000",1229
PAYMENT,Legitimate,143,101-500,127
PAYMENT,Legitimate,143,"5,001-10,000",1235
PAYMENT,Legitimate,143,"50,001-100,000",2
PAYMENT,Legitimate,143,"501-1,000",176
TRANSFER,Fraud,143,"1,000,001+",4
TRANSFER,Fraud,143,"10,001-50,000",1
TRANSFER,Fraud,143,"100,001-500,000",2
TRANSFER,Fraud,143,"500,001-1,000,000",1
TRANSFER,Legitimate,143,"1,000,001+",122
TRANSFER,Legitimate,143,"1,001-5,000",3
TRANSFER,Legitimate,143,"10,001-50,000",53
TRANSFER,Legitimate,143,"100,001-500,000",315
TRANSFER,Legitimate,143,101-500,1
TRANSFER,Legitimate,143,"5,001-10,000",3
TRANSFER,Legitimate,143,"50,001-100,000",52
TRANSFER,Legitimate,143,"500,001-1,000,000",153
TRANSFER,Legitimate,143,"501-1,000",1
CASH_IN,Legitimate,144,0-100,1
CASH_IN,Legitimate,144,"1,001-5,000",5
CASH_IN,Legitimate,144,"10,001-50,000",68
CASH_IN,Legitimate,144,"100,001-500,000",304
CASH_IN,Legitimate,144,"5,001-10,000",10
CASH_IN,Legitimate,144,"50,001-100,000",80
CASH_IN,Legitimate,144,"500,001-1,000,000",5
CASH_OUT,Fraud,144,"1,000,001+",1
CASH_OUT,Fraud,144,"100,001-500,000",3
CASH_OUT,Fraud,144,"500,001-1,000,000",1
CASH_OUT,Legitimate,144,"1,001-5,000",10
CASH_OUT,Legitimate,144,"10,001-50,000",68
CASH_OUT,Legitimate,144,"100,001-500,000",384
CASH_OUT,Legitimate,144,"5,001-10,000",13
CASH_OUT,Legitimate,144,"50,001-100,000",101
CASH_OUT,Legitimate,144,"500,001-1,000,000",19
DEBIT,Legitimate,144,0-100,1
DEBIT,Legitimate,144,"1,001-5,000",55
DEBIT,Legitimate,144,"10,001-50,000",2
DEBIT,Legitimate,144,101-500,12
DEBIT,Legitimate,144,"5,001-10,000",22
DEBIT,Legitimate,144,"501-1,000",3
PAYMENT,Legitimate,144,0-100,15
PAYMENT,Legitimate,144,"1,001-5,000",486
PAYMENT,Legitimate,144,"10,001-50,000",905
PAYMENT,Legitimate,144,101-500,48
PAYMENT,Legitimate,144,"5,001-10,000",533
PAYMENT,Legitimate,144,"50,001-100,000",1
PAYMENT,Legitimate,144,"501-1,000",62
TRANSFER,Fraud,144,"1,000,001+",1
TRANSFER,Fraud,144,"100,001-500,000",3
TRANSFER,Fraud,144,"500,001-1,000,000",1
TRANSFER,Legitimate,144,"1,000,001+",53
TRANSFER,Legitimate,144,"1,001-5,000",1
TRANSFER,Legitimate,144,"10,001-50,000",22
TRANSFER,Legitimate,144,"100,001-500,000",133
TRANSFER,Legitimate,144,"5,001-10,000",1
TRANSFER,Legitimate,144,"50,001-100,000",23
TRANSFER,Legitimate,144,"500,001-1,000,000",67
CASH_IN,Legitimate,145,"1,001-5,000",9
CASH_IN,Legitimate,145,"10,001-50,000",30
CASH_IN,Legitimate,145,"100,001-500,000",124
CASH_IN,Legitimate,145,"5,001-10,000",10
CASH_IN,Legitimate,145,"50,001-100,000",48
CASH_IN,Legitimate,145,"500,001-1,000,000",3
CASH_OUT,Fraud,145,"1,000,001+",3
CASH_OUT,Fraud,145,"10,001-50,000",1
CASH_OUT,Fraud,145,"100,001-500,000",1
CASH_OUT,Fraud,145,"5,001-10,000",1
CASH_OUT,Fraud,145,"50,001-100,000",1
CASH_OUT,Legitimate,145,"1,001-5,000",1
CASH_OUT,Legitimate,145,"10,001-50,000",11
CASH_OUT,Legitimate,145,"100,001-500,000",83
CASH_OUT,Legitimate,145,101-500,1
CASH_OUT,Legitimate,145,"50,001-100,000",17
CASH_OUT,Legitimate,145,"500,001-1,000,000",3
DEBIT,Legitimate,145,"1,001-5,000",26
DEBIT,Legitimate,145,"10,001-50,000",2
DEBIT,Legitimate,145,101-500,6
DEBIT,Legitimate,145,"5,001-10,000",17
DEBIT,Legitimate,145,"501-1,000",5
PAYMENT,Legitimate,145,0-100,4
PAYMENT,Legitimate,145,"1,001-5,000",216
PAYMENT,Legitimate,145,"10,001-50,000",171
PAYMENT,Legitimate,145,101-500,24
PAYMENT,Legitimate,145,"5,001-10,000",190
PAYMENT,Legitimate,145,"501-1,000",26
TRANSFER,Fraud,145,"1,000,001+",3
TRANSFER,Fraud,145,"10,001-50,000",1
TRANSFER,Fraud,145,"100,001-500,000",1
TRANSFER,Fraud,145,"5,001-10,000",1
TRANSFER,Fraud,145,"50,001-100,000",1
TRANSFER,Legitimate,145,"1,000,001+",10
TRANSFER,Legitimate,145,"10,001-50,000",6
TRANSFER,Legitimate,145,"100,001-500,000",37
TRANSFER,Legitimate,145,"5,001-10,000",2
TRANSFER,Legitimate,145,"50,001-100,000",10
TRANSFER,Legitimate,145,"500,001-1,000,000",11
CASH_IN,Legitimate,146,"1,001-5,000",1
CASH_IN,Legitimate,146,"10,001-50,000",19
CASH_IN,Legitimate,146,"100,001-500,000",98
CASH_IN,Legitimate,146,"5,001-10,000",5
CASH_IN,Legitimate,146,"50,001-100,000",27
CASH_IN,Legitimate,146,"500,001-1,000,000",1
CASH_OUT,Fraud,146,"1,000,001+",1
CASH_OUT,Fraud,146,"100,001-500,000",2
CASH_OUT,Fraud,146,"50,001-100,000",1
CASH_OUT,Fraud,146,"500,001-1,000,000",1
CASH_OUT,Legitimate,146,"1,001-5,000",2
CASH_OUT,Legitimate,146,"10,001-50,000",11
CASH_OUT,Legitimate,146,"100,001-500,000",34
CASH_OUT,Legitimate,146,"5,001-10,000",2
CASH_OUT,Legitimate,146,"50,001-100,000",8
CASH_OUT,Legitimate,146,"500,001-1,000,000",1
DEBIT,Legitimate,146,"1,001-5,000",15
DEBIT,Legitimate,146,"10,001-50,000",3
DEBIT,Legitimate,146,101-500,3
DEBIT,Legitimate,146,"5,001-10,000",5
DEBIT,Legitimate,146,"501-1,000",3
PAYMENT,Legitimate,146,0-100,2
PAYMENT,Legitimate,146,"1,001-5,000",81
PAYMENT,Legitimate,146,"10,001-50,000",65
PAYMENT,Legitimate,146,101-500,6
PAYMENT,Legitimate,146,"5,001-10,000",80
PAYMENT,Legitimate,146,"501-1,000",8
TRANSFER,Fraud,146,"1,000,001+",1
TRANSFER,Fraud,146,"100,001-500,000",2
TRANSFER,Fraud,146,"50,001-100,000",1
TRANSFER,Fraud,146,"500,001-1,000,000",1
TRANSFER,Legitimate,146,"1,000,001+",4
TRANSFER,Legitimate,146,"1,001-5,000",1
TRANSFER,Legitimate,146,"10,001-50,000",4
TRANSFER,Legitimate,146,"100,001-500,000",16
TRANSFER,Legitimate,146,"5,001-10,000",1
TRANSFER,Legitimate,146,"50,001-100,000",3
TRANSFER,Legitimate,146,"500,001-1,000,000",3
CASH_OUT,Fraud,147,"1,000,001+",1
CASH_OUT,Fraud,147,"100,001-500,000",1
CASH_OUT,Fraud,147,"500,001-1,000,000",1
CASH_OUT,Legitimate,147,"100,001-500,000",7
CASH_OUT,Legitimate,147,"50,001-100,000",2
DEBIT,Legitimate,147,"1,001-5,000",5
PAYMENT,Legitimate,147,"1,001-5,000",17
PAYMENT,Legitimate,147,"10,001-50,000",14
PAYMENT,Legitimate,147,"5,001-10,000",6
PAYMENT,Legitimate,147,"501-1,000",2
TRANSFER,Fraud,147,"1,000,001+",1
TRANSFER,Fraud,147,"100,001-500,000",1
TRANSFER,Fraud,147,"500,001-1,000,000",1
TRANSFER,Legitimate,147,"1,000,001+",4
TRANSFER,Legitimate,147,"10,001-50,000",1
TRANSFER,Legitimate,147,"100,001-500,000",9
TRANSFER,Legitimate,147,"50,001-100,000",3
TRANSFER,Legitimate,147,"500,001-1,000,000",8
CASH_OUT,Fraud,148,"1,000,001+",1
CASH_OUT,Fraud,148,"100,001-500,000",3
CASH_OUT,Fraud,148,"50,001-100,000",1
CASH_OUT,Fraud,148,"500,001-1,000,000",1
TRANSFER,Fraud,148,"1,000,001+",1
TRANSFER,Fraud,148,"100,001-500,000",3
TRANSFER,Fraud,148,"50,001-100,000",1
TRANSFER,Fraud,148,"500,001-1,000,000",1
CASH_OUT,Fraud,149,"1,000,001+",4
CASH_OUT,Fraud,149,"10,001-50,000",3
CASH_OUT,Fraud,149,"100,001-500,000",2
CASH_OUT,Fraud,149,"500,001-1,000,000",2
TRANSFER,Fraud,149,"1,000,001+",4
TRANSFER,Fraud,149,"10,001-50,000",3
TRANSFER,Fraud,149,"100,001-500,000",2
TRANSFER,Fraud,149,"500,001-1,000,000",2
CASH_OUT,Fraud,150,"1,000,001+",3
CASH_OUT,Fraud,150,"100,001-500,000",3
CASH_OUT,Fraud,150,"50,001-100,000",1
TRANSFER,Fraud,150,"1,000,001+",3
TRANSFER,Fraud,150,"100,001-500,000",3
TRANSFER,Fraud,150,"50,001-100,000",1
CASH_OUT,Fraud,151,"1,000,001+",2
CASH_OUT,Fraud,151,"100,001-500,000",7
TRANSFER,Fraud,151,"1,000,001+",2
TRANSFER,Fraud,151,"100,001-500,000",7
CASH_OUT,Fraud,152,"1,000,001+",1
CASH_OUT,Fraud,152,"100,001-500,000",2
TRANSFER,Fraud,152,"1,000,001+",1
TRANSFER,Fraud,152,"100,001-500,000",2
CASH_IN,Legitimate,153,0-100,1
CASH_IN,Legitimate,153,"1,000,001+",1
CASH_IN,Legitimate,153,"1,001-5,000",58
CASH_IN,Legitimate,153,"10,001-50,000",636
CASH_IN,Legitimate,153,"100,001-500,000",2680
CASH_IN,Legitimate,153,101-500,12
CASH_IN,Legitimate,153,"5,001-10,000",55
CASH_IN,Legitimate,153,"50,001-100,000",788
CASH_IN,Legitimate,153,"500,001-1,000,000",66
CASH_IN,Legitimate,153,"501-1,000",6
CASH_OUT,Fraud,153,"1,000,001+",1
CASH_OUT,Fraud,153,"100,001-500,000",4
CASH_OUT,Legitimate,153,0-100,3
CASH_OUT,Legitimate,153,"1,000,001+",1
CASH_OUT,Legitimate,153,"1,001-5,000",70
CASH_OUT,Legitimate,153,"10,001-50,000",777
CASH_OUT,Legitimate,153,"100,001-500,000",4326
CASH_OUT,Legitimate,153,101-500,4
CASH_OUT,Legitimate,153,"5,001-10,000",99
CASH_OUT,Legitimate,153,"50,001-100,000",1025
CASH_OUT,Legitimate,153,"500,001-1,000,000",244
CASH_OUT,Legitimate,153,"501-1,000",9
DEBIT,Legitimate,153,0-100,2
DEBIT,Legitimate,153,"1,001-5,000",41
DEBIT,Legitimate,153,"10,001-50,000",4
DEBIT,Legitimate,153,101-500,5
DEBIT,Legitimate,153,"5,001-10,000",40
DEBIT,Legitimate,153,"501-1,000",13
PAYMENT,Legitimate,153,0-100,32
PAYMENT,Legitimate,153,"1,001-5,000",1457
PAYMENT,Legitimate,153,"10,001-50,000",3236
PAYMENT,Legitimate,153,101-500,145
PAYMENT,Legitimate,153,"5,001-10,000",1619
PAYMENT,Legitimate,153,"50,001-100,000",13
PAYMENT,Legitimate,153,"501-1,000",202
TRANSFER,Fraud,153,"1,000,001+",1
TRANSFER,Fraud,153,"100,001-500,000",4
TRANSFER,Legitimate,153,"1,000,001+",626
TRANSFER,Legitimate,153,"1,001-5,000",6
TRANSFER,Legitimate,153,"10,001-50,000",61
TRANSFER,Legitimate,153,"100,001-500,000",532
TRANSFER,Legitimate,153,"5,001-10,000",12
TRANSFER,Legitimate,153,"50,001-100,000",83
TRANSFER,Legitimate,153,"500,001-1,000,000",475
CASH_IN,Legitimate,154,0-100,4
CASH_IN,Legitimate,154,"1,000,001+",1
CASH_IN,Legitimate,154,"1,001-5,000",73
CASH_IN,Legitimate,154,"10,001-50,000",957
CASH_IN,Legitimate,154,"100,001-500,000",4331
CASH_IN,Legitimate,154,101-500,11
CASH_IN,Legitimate,154,"5,001-10,000",124
CASH_IN,Legitimate,154,"50,001-100,000",1186
CASH_IN,Legitimate,154,"500,001-1,000,000",127
CASH_IN,Legitimate,154,"501-1,000",11
CASH_OUT,Fraud,154,"1,000,001+",2
CASH_OUT,Fraud,154,"1,001-5,000",1
CASH_OUT,Fraud,154,"100,001-500,000",2
CASH_OUT,Legitimate,154,0-100,3
CASH_OUT,Legitimate,154,"1,000,001+",3
CASH_OUT,Legitimate,154,"1,001-5,000",123
CASH_OUT,Legitimate,154,"10,001-50,000",1219
CASH_OUT,Legitimate,154,"100,001-500,000",6920
CASH_OUT,Legitimate,154,101-500,10
CASH_OUT,Legitimate,154,"5,001-10,000",155
CASH_OUT,Legitimate,154,"50,001-100,000",1684
CASH_OUT,Legitimate,154,"500,001-1,000,000",409
CASH_OUT,Legitimate,154,"501-1,000",17
DEBIT,Legitimate,154,0-100,3
DEBIT,Legitimate,154,"1,001-5,000",121
DEBIT,Legitimate,154,"10,001-50,000",10
DEBIT,Legitimate,154,101-500,11
DEBIT,Legitimate,154,"5,001-10,000",64
DEBIT,Legitimate,154,"501-1,000",13
PAYMENT,Legitimate,154,0-100,38
PAYMENT,Legitimate,154,"1,001-5,000",1843
PAYMENT,Legitimate,154,"10,001-50,000",4838
PAYMENT,Legitimate,154,101-500,198
PAYMENT,Legitimate,154,"5,001-10,000",2060
PAYMENT,Legitimate,154,"50,001-100,000",19
PAYMENT,Legitimate,154,"501-1,000",214
TRANSFER,Fraud,154,"1,000,001+",2
TRANSFER,Fraud,154,"1,001-5,000",1
TRANSFER,Fraud,154,"100,001-500,000",2
TRANSFER,Legitimate,154,"1,000,001+",778
TRANSFER,Legitimate,154,"1,001-5,000",6
TRANSFER,Legitimate,154,"10,001-50,000",71
TRANSFER,Legitimate,154,"100,001-500,000",786
TRANSFER,Legitimate,154,"5,001-10,000",13
TRANSFER,Legitimate,154,"50,001-100,000",105
TRANSFER,Legitimate,154,"500,001-1,000,000",671
TRANSFER,Legitimate,154,"501-1,000",1
CASH_IN,Legitimate,155,0-100,2
CASH_IN,Legitimate,155,"1,001-5,000",90
CASH_IN,Legitimate,155,"10,001-50,000",908
CASH_IN,Legitimate,155,"100,001-500,000",4388
CASH_IN,Legitimate,155,101-500,8
CASH_IN,Legitimate,155,"5,001-10,000",112
CASH_IN,Legitimate,155,"50,001-100,000",1115
CASH_IN,Legitimate,155,"500,001-1,000,000",165
CASH_IN,Legitimate,155,"501-1,000",8
CASH_OUT,Fraud,155,"1,000,001+",1
CASH_OUT,Fraud,155,"10,001-50,000",1
CASH_OUT,Fraud,155,"100,001-500,000",1
CASH_OUT,Fraud,155,"500,001-1,000,000",1
CASH_OUT,Legitimate,155,0-100,3
CASH_OUT,Legitimate,155,"1,001-5,000",115
CASH_OUT,Legitimate,155,"10,001-50,000",1215
CASH_OUT,Legitimate,155,"100,001-500,000",7249
CASH_OUT,Legitimate,155,101-500,12
CASH_OUT,Legitimate,155,"5,001-10,000",158
CASH_OUT,Legitimate,155,"50,001-100,000",1640
CASH_OUT,Legitimate,155,"500,001-1,000,000",539
CASH_OUT,Legitimate,155,"501-1,000",15
DEBIT,Legitimate,155,0-100,1
DEBIT,Legitimate,155,"1,001-5,000",111
DEBIT,Legitimate,155,"10,001-50,000",6
DEBIT,Legitimate,155,101-500,10
DEBIT,Legitimate,155,"5,001-10,000",47
DEBIT,Legitimate,155,"501-1,000",20
PAYMENT,Legitimate,155,0-100,42
PAYMENT,Legitimate,155,"1,001-5,000",1786
PAYMENT,Legitimate,155,"10,001-50,000",5123
PAYMENT,Legitimate,155,101-500,173
PAYMENT,Legitimate,155,"5,001-10,000",2035
PAYMENT,Legitimate,155,"50,001-100,000",35
PAYMENT,Legitimate,155,"501-1,000",220
TRANSFER,Fraud,155,"1,000,001+",1
TRANSFER,Fraud,155,"10,001-50,000",1
TRANSFER,Fraud,155,"100,001-500,000",1
TRANSFER,Fraud,155,"500,001-1,000,000",1
TRANSFER,Legitimate,155,"1,000,001+",745
TRANSFER,Legitimate,155,"1,001-5,000",5
TRANSFER,Legitimate,155,"10,001-50,000",101
TRANSFER,Legitimate,155,"100,001-500,000",850
TRANSFER,Legitimate,155,101-500,1
TRANSFER,Legitimate,155,"5,001-10,000",6
TRANSFER,Legitimate,155,"50,001-100,000",130
TRANSFER,Legitimate,155,"500,001-1,000,000",730
CASH_IN,Legitimate,156,"1,000,001+",2
CASH_IN,Legitimate,156,"1,001-5,000",81
CASH_IN,Legitimate,156,"10,001-50,000",859
CASH_IN,Legitimate,156,"100,001-500,000",4133
CASH_IN,Legitimate,156,101-500,8
CASH_IN,Legitimate,156,"5,001-10,000",106
CASH_IN,Legitimate,156,"50,001-100,000",1044
CASH_IN,Legitimate,156,"500,001-1,000,000",169
CASH_IN,Legitimate,156,"501-1,000",1
CASH_OUT,Fraud,156,"100,001-500,000",3
CASH_OUT,Fraud,156,"50,001-100,000",2
CASH_OUT,Fraud,156,"500,001-1,000,000",4
CASH_OUT,Legitimate,156,0-100,2
CASH_OUT,Legitimate,156,"1,000,001+",2
CASH_OUT,Legitimate,156,"1,001-5,000",99
CASH_OUT,Legitimate,156,"10,001-50,000",1167
CASH_OUT,Legitimate,156,"100,001-500,000",6553
CASH_OUT,Legitimate,156,101-500,10
CASH_OUT,Legitimate,156,"5,001-10,000",134
CASH_OUT,Legitimate,156,"50,001-100,000",1425
CASH_OUT,Legitimate,156,"500,001-1,000,000",443
CASH_OUT,Legitimate,156,"501-1,000",10
DEBIT,Legitimate,156,"1,001-5,000",108
DEBIT,Legitimate,156,"10,001-50,000",15
DEBIT,Legitimate,156,101-500,8
DEBIT,Legitimate,156,"5,001-10,000",63
DEBIT,Legitimate,156,"501-1,000",12
PAYMENT,Legitimate,156,0-100,57
PAYMENT,Legitimate,156,"1,001-5,000",1685
PAYMENT,Legitimate,156,"10,001-50,000",4720
PAYMENT,Legitimate,156,101-500,167
PAYMENT,Legitimate,156,"5,001-10,000",1922
PAYMENT,Legitimate,156,"50,001-100,000",34
PAYMENT,Legitimate,156,"501-1,000",215
TRANSFER,Fraud,156,"100,001-500,000",3
TRANSFER,Fraud,156,"50,001-100,000",2
TRANSFER,Fraud,156,"500,001-1,000,000",4
TRANSFER,Legitimate,156,"1,000,001+",560
TRANSFER,Legitimate,156,"1,001-5,000",10
TRANSFER,Legitimate,156,"10,001-50,000",90
TRANSFER,Legitimate,156,"100,001-500,000",879
TRANSFER,Legitimate,156,101-500,1
TRANSFER,Legitimate,156,"5,001-10,000",14
TRANSFER,Legitimate,156,"50,001-100,000",101
TRANSFER,Legitimate,156,"500,001-1,000,000",676
CASH_IN,Legitimate,157,0-100,4
CASH_IN,Legitimate,157,"1,001-5,000",86
CASH_IN,Legitimate,157,"10,001-50,000",906
CASH_IN,Legitimate,157,"100,001-500,000",4351
CASH_IN,Legitimate,157,101-500,8
CASH_IN,Legitimate,157,"5,001-10,000",103
CASH_IN,Legitimate,157,"50,001-100,000",1174
CASH_IN,Legitimate,157,"500,001-1,000,000",202
CASH_IN,Legitimate,157,"501-1,000",17
CASH_OUT,Fraud,157,"1,000,001+",4
CASH_OUT,Fraud,157,"100,001-500,000",1
CASH_OUT,Fraud,157,"50,001-100,000",1
CASH_OUT,Fraud,157,"500,001-1,000,000",2
CASH_OUT,Legitimate,157,0-100,6
CASH_OUT,Legitimate,157,"1,000,001+",2
CASH_OUT,Legitimate,157,"1,001-5,000",141
CASH_OUT,Legitimate,157,"10,001-50,000",1350
CASH_OUT,Legitimate,157,"100,001-500,000",7270
CASH_OUT,Legitimate,157,101-500,7
CASH_OUT,Legitimate,157,"5,001-10,000",173
CASH_OUT,Legitimate,157,"50,001-100,000",1681
CASH_OUT,Legitimate,157,"500,001-1,000,000",461
CASH_OUT,Legitimate,157,"501-1,000",10
DEBIT,Legitimate,157,"1,001-5,000",70
DEBIT,Legitimate,157,"10,001-50,000",47
DEBIT,Legitimate,157,101-500,3
DEBIT,Legitimate,157,"5,001-10,000",53
DEBIT,Legitimate,157,"501-1,000",16
PAYMENT,Legitimate,157,0-100,45
PAYMENT,Legitimate,157,"1,001-5,000",1868
PAYMENT,Legitimate,157,"10,001-50,000",4543
PAYMENT,Legitimate,157,101-500,198
PAYMENT,Legitimate,157,"5,001-10,000",2135
PAYMENT,Legitimate,157,"50,001-100,000",20
PAYMENT,Legitimate,157,"501-1,000",256
TRANSFER,Fraud,157,"1,000,001+",4
TRANSFER,Fraud,157,"100,001-500,000",1
TRANSFER,Fraud,157,"50,001-100,000",1
TRANSFER,Fraud,157,"500,001-1,000,000",2
TRANSFER,Legitimate,157,0-100,1
TRANSFER,Legitimate,157,"1,000,001+",395
TRANSFER,Legitimate,157,"1,001-5,000",18
TRANSFER,Legitimate,157,"10,001-50,000",105
TRANSFER,Legitimate,157,"100,001-500,000",1045
TRANSFER,Legitimate,157,101-500,1
TRANSFER,Legitimate,157,"5,001-10,000",20
TRANSFER,Legitimate,157,"50,001-100,000",147
TRANSFER,Legitimate,157,"500,001-1,000,000",810
CASH_IN,Legitimate,158,0-100,1
CASH_IN,Legitimate,158,"1,001-5,000",80
CASH_IN,Legitimate,158,"10,001-50,000",789
CASH_IN,Legitimate,158,"100,001-500,000",3942
CASH_IN,Legitimate,158,101-500,9
CASH_IN,Legitimate,158,"5,001-10,000",103
CASH_IN,Legitimate,158,"50,001-100,000",1023
CASH_IN,Legitimate,158,"500,001-1,000,000",165
CASH_IN,Legitimate,158,"501-1,000",8
CASH_OUT,Fraud,158,"1,000,001+",2
CASH_OUT,Fraud,158,"10,001-50,000",1
CASH_OUT,Fraud,158,"100,001-500,000",1
CASH_OUT,Legitimate,158,0-100,2
CASH_OUT,Legitimate,158,"1,000,001+",4
CASH_OUT,Legitimate,158,"1,001-5,000",130
CASH_OUT,Legitimate,158,"10,001-50,000",1345
CASH_OUT,Legitimate,158,"100,001-500,000",6884
CASH_OUT,Legitimate,158,101-500,4
CASH_OUT,Legitimate,158,"5,001-10,000",144
CASH_OUT,Legitimate,158,"50,001-100,000",1650
CASH_OUT,Legitimate,158,"500,001-1,000,000",332
CASH_OUT,Legitimate,158,"501-1,000",18
DEBIT,Legitimate,158,0-100,4
DEBIT,Legitimate,158,"1,001-5,000",68
DEBIT,Legitimate,158,"10,001-50,000",6
DEBIT,Legitimate,158,101-500,6
DEBIT,Legitimate,158,"5,001-10,000",13
DEBIT,Legitimate,158,"501-1,000",13
PAYMENT,Legitimate,158,0-100,55
PAYMENT,Legitimate,158,"1,001-5,000",1822
PAYMENT,Legitimate,158,"10,001-50,000",4198
PAYMENT,Legitimate,158,101-500,206
PAYMENT,Legitimate,158,"5,001-10,000",2127
PAYMENT,Legitimate,158,"50,001-100,000",13
PAYMENT,Legitimate,158,"501-1,000",202
TRANSFER,Fraud,158,"1,000,001+",2
TRANSFER,Fraud,158,"10,001-50,000",1
TRANSFER,Fraud,158,"100,001-500,000",1
TRANSFER,Legitimate,158,0-100,1
TRANSFER,Legitimate,158,"1,000,001+",503
TRANSFER,Legitimate,158,"1,001-5,000",10
TRANSFER,Legitimate,158,"10,001-50,000",114
TRANSFER,Legitimate,158,"100,001-500,000",968
TRANSFER,Legitimate,158,101-500,1
TRANSFER,Legitimate,158,"5,001-10,000",15
TRANSFER,Legitimate,158,"50,001-100,000",107
TRANSFER,Legitimate,158,"500,001-1,000,000",745
TRANSFER,Legitimate,158,"501-1,000",1
CASH_IN,Legitimate,159,0-100,2
CASH_IN,Legitimate,159,"1,001-5,000",95
CASH_IN,Legitimate,159,"10,001-50,000",851
CASH_IN,Legitimate,159,"100,001-500,000",4040
CASH_IN,Legitimate,159,101-500,12
CASH_IN,Legitimate,159,"5,001-10,000",114
CASH_IN,Legitimate,159,"50,001-100,000",1057
CASH_IN,Legitimate,159,"500,001-1,000,000",117
CASH_IN,Legitimate,159,"501-1,000",4
CASH_OUT,Fraud,159,"10,001-50,000",1
CASH_OUT,Fraud,159,"100,001-500,000",4
CASH_OUT,Legitimate,159,0-100,3
CASH_OUT,Legitimate,159,"1,000,001+",1
CASH_OUT,Legitimate,159,"1,001-5,000",116
CASH_OUT,Legitimate,159,"10,001-50,000",1281
CASH_OUT,Legitimate,159,"100,001-500,000",6532
CASH_OUT,Legitimate,159,101-500,9
CASH_OUT,Legitimate,159,"5,001-10,000",154
CASH_OUT,Legitimate,159,"50,001-100,000",1659
CASH_OUT,Legitimate,159,"500,001-1,000,000",300
CASH_OUT,Legitimate,159,"501-1,000",14
DEBIT,Legitimate,159,0-100,1
DEBIT,Legitimate,159,"1,001-5,000",50
DEBIT,Legitimate,159,"10,001-50,000",10
DEBIT,Legitimate,159,101-500,7
DEBIT,Legitimate,159,"5,001-10,000",30
DEBIT,Legitimate,159,"501-1,000",7
PAYMENT,Legitimate,159,0-100,38
PAYMENT,Legitimate,159,"1,001-5,000",1746
PAYMENT,Legitimate,159,"10,001-50,000",4377
PAYMENT,Legitimate,159,101-500,149
PAYMENT,Legitimate,159,"5,001-10,000",2080
PAYMENT,Legitimate,159,"50,001-100,000",18
PAYMENT,Legitimate,159,"501-1,000",233
TRANSFER,Fraud,159,"10,001-50,000",1
TRANSFER,Fraud,159,"100,001-500,000",4
TRANSFER,Legitimate,159,"1,000,001+",436
TRANSFER,Legitimate,159,"1,001-5,000",9
TRANSFER,Legitimate,159,"10,001-50,000",111
TRANSFER,Legitimate,159,"100,001-500,000",1002
TRANSFER,Legitimate,159,101-500,2
TRANSFER,Legitimate,159,"5,001-10,000",12
TRANSFER,Legitimate,159,"50,001-100,000",122
TRANSFER,Legitimate,159,"500,001-1,000,000",750
CASH_IN,Legitimate,160,0-100,3
CASH_IN,Legitimate,160,"1,001-5,000",79
CASH_IN,Legitimate,160,"10,001-50,000",787
CASH_IN,Legitimate,160,"100,001-500,000",3963
CASH_IN,Legitimate,160,101-500,5
CASH_IN,Legitimate,160,"5,001-10,000",94
CASH_IN,Legitimate,160,"50,001-100,000",1029
CASH_IN,Legitimate,160,"500,001-1,000,000",152
CASH_IN,Legitimate,160,"501-1,000",9
CASH_OUT,Fraud,160,"1,000,001+",7
CASH_OUT,Fraud,160,"10,001-50,000",2
CASH_OUT,Fraud,160,"100,001-500,000",3
CASH_OUT,Fraud,160,"500,001-1,000,000",1
CASH_OUT,Legitimate,160,0-100,3
CASH_OUT,Legitimate,160,"1,000,001+",2
CASH_OUT,Legitimate,160,"1,001-5,000",135
CASH_OUT,Legitimate,160,"10,001-50,000",1316
CASH_OUT,Legitimate,160,"100,001-500,000",6847
CASH_OUT,Legitimate,160,101-500,20
CASH_OUT,Legitimate,160,"5,001-10,000",156
CASH_OUT,Legitimate,160,"50,001-100,000",1637
CASH_OUT,Legitimate,160,"500,001-1,000,000",304
CASH_OUT,Legitimate,160,"501-1,000",14
DEBIT,Legitimate,160,0-100,3
DEBIT,Legitimate,160,"1,001-5,000",70
DEBIT,Legitimate,160,"10,001-50,000",12
DEBIT,Legitimate,160,101-500,8
DEBIT,Legitimate,160,"5,001-10,000",17
DEBIT,Legitimate,160,"501-1,000",14
PAYMENT,Legitimate,160,0-100,46
PAYMENT,Legitimate,160,"1,001-5,000",1624
PAYMENT,Legitimate,160,"10,001-50,000",4620
PAYMENT,Legitimate,160,101-500,169
PAYMENT,Legitimate,160,"5,001-10,000",1937
PAYMENT,Legitimate,160,"50,001-100,000",57
PAYMENT,Legitimate,160,"501-1,000",200
TRANSFER,Fraud,160,"1,000,001+",7
TRANSFER,Fraud,160,"10,001-50,000",2
TRANSFER,Fraud,160,"100,001-500,000",3
TRANSFER,Fraud,160,"500,001-1,000,000",1
TRANSFER,Legitimate,160,"1,000,001+",398
TRANSFER,Legitimate,160,"1,001-5,000",6
TRANSFER,Legitimate,160,"10,001-50,000",106
TRANSFER,Legitimate,160,"100,001-500,000",992
TRANSFER,Legitimate,160,101-500,2
TRANSFER,Legitimate,160,"5,001-10,000",11
TRANSFER,Legitimate,160,"50,001-100,000",150
TRANSFER,Legitimate,160,"500,001-1,000,000",741
TRANSFER,Legitimate,160,"501-1,000",1
CASH_IN,Legitimate,161,0-100,2
CASH_IN,Legitimate,161,"1,000,001+",1
CASH_IN,Legitimate,161,"1,001-5,000",125
CASH_IN,Legitimate,161,"10,001-50,000",1053
CASH_IN,Legitimate,161,"100,001-500,000",4824
CASH_IN,Legitimate,161,101-500,12
CASH_IN,Legitimate,161,"5,001-10,000",111
CASH_IN,Legitimate,161,"50,001-100,000",1283
CASH_IN,Legitimate,161,"500,001-1,000,000",142
CASH_IN,Legitimate,161,"501-1,000",8
CASH_OUT,Fraud,161,"1,000,001+",4
CASH_OUT,Fraud,161,"100,001-500,000",2
CASH_OUT,Fraud,161,"500,001-1,000,000",1
CASH_OUT,Legitimate,161,0-100,9
CASH_OUT,Legitimate,161,"1,000,001+",4
CASH_OUT,Legitimate,161,"1,001-5,000",166
CASH_OUT,Legitimate,161,"10,001-50,000",1642
CASH_OUT,Legitimate,161,"100,001-500,000",8358
CASH_OUT,Legitimate,161,101-500,14
CASH_OUT,Legitimate,161,"5,001-10,000",200
CASH_OUT,Legitimate,161,"50,001-100,000",2119
CASH_OUT,Legitimate,161,"500,001-1,000,000",301
CASH_OUT,Legitimate,161,"501-1,000",13
DEBIT,Legitimate,161,0-100,1
DEBIT,Legitimate,161,"1,001-5,000",50
DEBIT,Legitimate,161,"10,001-50,000",83
DEBIT,Legitimate,161,101-500,2
DEBIT,Legitimate,161,"5,001-10,000",43
DEBIT,Legitimate,161,"501-1,000",8
PAYMENT,Legitimate,161,0-100,39
PAYMENT,Legitimate,161,"1,001-5,000",1850
PAYMENT,Legitimate,161,"10,001-50,000",5246
PAYMENT,Legitimate,161,101-500,188
PAYMENT,Legitimate,161,"5,001-10,000",2246
PAYMENT,Legitimate,161,"50,001-100,000",60
PAYMENT,Legitimate,161,"501-1,000",272
TRANSFER,Fraud,161,"1,000,001+",4
TRANSFER,Fraud,161,"100,001-500,000",2
TRANSFER,Fraud,161,"500,001-1,000,000",1
TRANSFER,Legitimate,161,"1,000,001+",473
TRANSFER,Legitimate,161,"1,001-5,000",13
TRANSFER,Legitimate,161,"10,001-50,000",116
TRANSFER,Legitimate,161,"100,001-500,000",1021
TRANSFER,Legitimate,161,"5,001-10,000",9
TRANSFER,Legitimate,161,"50,001-100,000",142
TRANSFER,Legitimate,161,"500,001-1,000,000",785
TRANSFER,Legitimate,161,"501-1,000",1
CASH_IN,Legitimate,162,0-100,1
CASH_IN,Legitimate,162,"1,000,001+",2
CASH_IN,Legitimate,162,"1,001-5,000",125
CASH_IN,Legitimate,162,"10,001-50,000",1248
CASH_IN,Legitimate,162,"100,001-500,000",5473
CASH_IN,Legitimate,162,101-500,8
CASH_IN,Legitimate,162,"5,001-10,000",161
CASH_IN,Legitimate,162,"50,001-100,000",1582
CASH_IN,Legitimate,162,"500,001-1,000,000",140
CASH_IN,Legitimate,162,"501-1,000",17
CASH_OUT,Fraud,162,"1,000,001+",3
CASH_OUT,Fraud,162,"100,001-500,000",1
CASH_OUT,Fraud,162,101-500,1
CASH_OUT,Legitimate,162,0-100,4
CASH_OUT,Legitimate,162,"1,000,001+",3
CASH_OUT,Legitimate,162,"1,001-5,000",182
CASH_OUT,Legitimate,162,"10,001-50,000",2144
CASH_OUT,Legitimate,162,"100,001-500,000",10275
CASH_OUT,Legitimate,162,101-500,21
CASH_OUT,Legitimate,162,"5,001-10,000",233
CASH_OUT,Legitimate,162,"50,001-100,000",2810
CASH_OUT,Legitimate,162,"500,001-1,000,000",255
CASH_OUT,Legitimate,162,"501-1,000",25
DEBIT,Legitimate,162,0-100,3
DEBIT,Legitimate,162,"1,001-5,000",88
DEBIT,Legitimate,162,"10,001-50,000",14
DEBIT,Legitimate,162,101-500,12
DEBIT,Legitimate,162,"5,001-10,000",42
DEBIT,Legitimate,162,"501-1,000",2
PAYMENT,Legitimate,162,0-100,66
PAYMENT,Legitimate,162,"1,001-5,000",2611
PAYMENT,Legitimate,162,"10,001-50,000",6137
PAYMENT,Legitimate,162,101-500,273
PAYMENT,Legitimate,162,"5,001-10,000",2971
PAYMENT,Legitimate,162,"50,001-100,000",102
PAYMENT,Legitimate,162,"501-1,000",345
TRANSFER,Fraud,162,"1,000,001+",3
TRANSFER,Fraud,162,"100,001-500,000",1
TRANSFER,Fraud,162,101-500,1
TRANSFER,Legitimate,162,0-100,1
TRANSFER,Legitimate,162,"1,000,001+",464
TRANSFER,Legitimate,162,"1,001-5,000",11
TRANSFER,Legitimate,162,"10,001-50,000",157
TRANSFER,Legitimate,162,"100,001-500,000",1464
TRANSFER,Legitimate,162,101-500,3
TRANSFER,Legitimate,162,"5,001-10,000",14
TRANSFER,Legitimate,162,"50,001-100,000",197
TRANSFER,Legitimate,162,"500,001-1,000,000",925
TRANSFER,Legitimate,162,"501-1,000",1
CASH_IN,Legitimate,163,0-100,2
CASH_IN,Legitimate,163,"1,000,001+",1
CASH_IN,Legitimate,163,"1,001-5,000",175
CASH_IN,Legitimate,163,"10,001-50,000",1683
CASH_IN,Legitimate,163,"100,001-500,000",6633
CASH_IN,Legitimate,163,101-500,12
CASH_IN,Legitimate,163,"5,001-10,000",218
CASH_IN,Legitimate,163,"50,001-100,000",1986
CASH_IN,Legitimate,163,"500,001-1,000,000",118
CASH_IN,Legitimate,163,"501-1,000",22
CASH_OUT,Fraud,163,"1,000,001+",1
CASH_OUT,Fraud,163,"100,001-500,000",2
CASH_OUT,Fraud,163,"500,001-1,000,000",1
CASH_OUT,Legitimate,163,0-100,5
CASH_OUT,Legitimate,163,"1,000,001+",4
CASH_OUT,Legitimate,163,"1,001-5,000",229
CASH_OUT,Legitimate,163,"10,001-50,000",2646
CASH_OUT,Legitimate,163,"100,001-500,000",10938
CASH_OUT,Legitimate,163,101-500,25
CASH_OUT,Legitimate,163,"5,001-10,000",328
CASH_OUT,Legitimate,163,"50,001-100,000",3484
CASH_OUT,Legitimate,163,"500,001-1,000,000",204
CASH_OUT,Legitimate,163,"501-1,000",46
DEBIT,Legitimate,163,0-100,1
DEBIT,Legitimate,163,"1,001-5,000",62
DEBIT,Legitimate,163,"10,001-50,000",67
DEBIT,Legitimate,163,101-500,7
DEBIT,Legitimate,163,"5,001-10,000",35
DEBIT,Legitimate,163,"501-1,000",15
PAYMENT,Legitimate,163,0-100,79
PAYMENT,Legitimate,163,"1,001-5,000",3326
PAYMENT,Legitimate,163,"10,001-50,000",6060
PAYMENT,Legitimate,163,101-500,319
PAYMENT,Legitimate,163,"5,001-10,000",3612
PAYMENT,Legitimate,163,"50,001-100,000",36
PAYMENT,Legitimate,163,"501-1,000",390
TRANSFER,Fraud,163,"1,000,001+",1
TRANSFER,Fraud,163,"100,001-500,000",2
TRANSFER,Fraud,163,"500,001-1,000,000",1
TRANSFER,Legitimate,163,"1,000,001+",535
TRANSFER,Legitimate,163,"1,001-5,000",20
TRANSFER,Legitimate,163,"10,001-50,000",186
TRANSFER,Legitimate,163,"100,001-500,000",1563
TRANSFER,Legitimate,163,101-500,2
TRANSFER,Legitimate,163,"5,001-10,000",18
TRANSFER,Legitimate,163,"50,001-100,000",216
TRANSFER,Legitimate,163,"500,001-1,000,000",1036
CASH_IN,Legitimate,164,0-100,5
CASH_IN,Legitimate,164,"1,000,001+",1
CASH_IN,Legitimate,164,"1,001-5,000",135
CASH_IN,Legitimate,164,"10,001-50,000",1379
CASH_IN,Legitimate,164,"100,001-500,000",4925
CASH_IN,Legitimate,164,101-500,10
CASH_IN,Legitimate,164,"5,001-10,000",162
CASH_IN,Legitimate,164,"50,001-100,000",1801
CASH_IN,Legitimate,164,"500,001-1,000,000",74
CASH_IN,Legitimate,164,"501-1,000",24
CASH_OUT,Fraud,164,"1,000,001+",3
CASH_OUT,Fraud,164,"100,001-500,000",4
CASH_OUT,Legitimate,164,0-100,1
CASH_OUT,Legitimate,164,"1,000,001+",3
CASH_OUT,Legitimate,164,"1,001-5,000",210
CASH_OUT,Legitimate,164,"10,001-50,000",2321
CASH_OUT,Legitimate,164,"100,001-500,000",8271
CASH_OUT,Legitimate,164,101-500,24
CASH_OUT,Legitimate,164,"5,001-10,000",291
CASH_OUT,Legitimate,164,"50,001-100,000",2975
CASH_OUT,Legitimate,164,"500,001-1,000,000",141
CASH_OUT,Legitimate,164,"501-1,000",25
DEBIT,Legitimate,164,0-100,4
DEBIT,Legitimate,164,"1,001-5,000",147
DEBIT,Legitimate,164,"10,001-50,000",4
DEBIT,Legitimate,164,101-500,22
DEBIT,Legitimate,164,"5,001-10,000",29
DEBIT,Legitimate,164,"501-1,000",35
PAYMENT,Legitimate,164,0-100,72
PAYMENT,Legitimate,164,"1,001-5,000",3041
PAYMENT,Legitimate,164,"10,001-50,000",5938
PAYMENT,Legitimate,164,"100,001-500,000",1
PAYMENT,Legitimate,164,101-500,318
PAYMENT,Legitimate,164,"5,001-10,000",3354
PAYMENT,Legitimate,164,"50,001-100,000",41
PAYMENT,Legitimate,164,"501-1,000",402
TRANSFER,Fraud,164,"1,000,001+",3
TRANSFER,Fraud,164,"100,001-500,000",4
TRANSFER,Legitimate,164,"1,000,001+",361
TRANSFER,Legitimate,164,"1,001-5,000",15
TRANSFER,Legitimate,164,"10,001-50,000",172
TRANSFER,Legitimate,164,"100,001-500,000",1386
TRANSFER,Legitimate,164,101-500,3
TRANSFER,Legitimate,164,"5,001-10,000",14
TRANSFER,Legitimate,164,"50,001-100,000",228
TRANSFER,Legitimate,164,"500,001-1,000,000",715
TRANSFER,Legitimate,164,"501-1,000",8
CASH_IN,Legitimate,165,"1,001-5,000",62
CASH_IN,Legitimate,165,"10,001-50,000",605
CASH_IN,Legitimate,165,"100,001-500,000",2097
CASH_IN,Legitimate,165,101-500,4
CASH_IN,Legitimate,165,"5,001-10,000",64
CASH_IN,Legitimate,165,"50,001-100,000",764
CASH_IN,Legitimate,165,"500,001-1,000,000",29
CASH_IN,Legitimate,165,"501-1,000",4
CASH_OUT,Fraud,165,"1,000,001+",1
CASH_OUT,Fraud,165,"500,001-1,000,000",1
CASH_OUT,Legitimate,165,0-100,4
CASH_OUT,Legitimate,165,"1,001-5,000",73
CASH_OUT,Legitimate,165,"10,001-50,000",824
CASH_OUT,Legitimate,165,"100,001-500,000",2909
CASH_OUT,Legitimate,165,101-500,4
CASH_OUT,Legitimate,165,"5,001-10,000",88
CASH_OUT,Legitimate,165,"50,001-100,000",983
CASH_OUT,Legitimate,165,"500,001-1,000,000",68
CASH_OUT,Legitimate,165,"501-1,000",9
DEBIT,Legitimate,165,0-100,1
DEBIT,Legitimate,165,"1,001-5,000",73
DEBIT,Legitimate,165,"10,001-50,000",11
DEBIT,Legitimate,165,101-500,16
DEBIT,Legitimate,165,"5,001-10,000",32
DEBIT,Legitimate,165,"501-1,000",5
PAYMENT,Legitimate,165,0-100,41
PAYMENT,Legitimate,165,"1,001-5,000",1661
PAYMENT,Legitimate,165,"10,001-50,000",2756
PAYMENT,Legitimate,165,101-500,180
PAYMENT,Legitimate,165,"5,001-10,000",1703
PAYMENT,Legitimate,165,"50,001-100,000",16
PAYMENT,Legitimate,165,"501-1,000",192
TRANSFER,Fraud,165,"1,000,001+",1
TRANSFER,Fraud,165,"500,001-1,000,000",1
TRANSFER,Legitimate,165,"1,000,001+",183
TRANSFER,Legitimate,165,"1,001-5,000",10
TRANSFER,Legitimate,165,"10,001-50,000",73
TRANSFER,Legitimate,165,"100,001-500,000",622
TRANSFER,Legitimate,165,101-500,1
TRANSFER,Legitimate,165,"5,001-10,000",8
TRANSFER,Legitimate,165,"50,001-100,000",89
TRANSFER,Legitimate,165,"500,001-1,000,000",271
TRANSFER,Legitimate,165,"501-1,000",3
CASH_IN,Legitimate,166,0-100,2
CASH_IN,Legitimate,166,"1,001-5,000",39
CASH_IN,Legitimate,166,"10,001-50,000",388
CASH_IN,Legitimate,166,"100,001-500,000",1394
CASH_IN,Legitimate,166,101-500,3
CASH_IN,Legitimate,166,"5,001-10,000",41
CASH_IN,Legitimate,166,"50,001-100,000",469
CASH_IN,Legitimate,166,"500,001-1,000,000",28
CASH_IN,Legitimate,166,"501-1,000",3
CASH_OUT,Fraud,166,"1,000,001+",1
CASH_OUT,Fraud,166,"10,001-50,000",1
CASH_OUT,Fraud,166,"100,001-500,000",1
CASH_OUT,Legitimate,166,0-100,1
CASH_OUT,Legitimate,166,"1,000,001+",1
CASH_OUT,Legitimate,166,"1,001-5,000",38
CASH_OUT,Legitimate,166,"10,001-50,000",425
CASH_OUT,Legitimate,166,"100,001-500,000",1794
CASH_OUT,Legitimate,166,101-500,3
CASH_OUT,Legitimate,166,"5,001-10,000",25
CASH_OUT,Legitimate,166,"50,001-100,000",543
CASH_OUT,Legitimate,166,"500,001-1,000,000",51
CASH_OUT,Legitimate,166,"501-1,000",6
DEBIT,Legitimate,166,"1,001-5,000",65
DEBIT,Legitimate,166,"10,001-50,000",10
DEBIT,Legitimate,166,101-500,14
DEBIT,Legitimate,166,"5,001-10,000",35
DEBIT,Legitimate,166,"501-1,000",4
PAYMENT,Legitimate,166,0-100,43
PAYMENT,Legitimate,166,"1,001-5,000",1614
PAYMENT,Legitimate,166,"10,001-50,000",2084
PAYMENT,Legitimate,166,101-500,205
PAYMENT,Legitimate,166,"5,001-10,000",1652
PAYMENT,Legitimate,166,"50,001-100,000",16
PAYMENT,Legitimate,166,"501-1,000",229
TRANSFER,Fraud,166,"1,000,001+",1
TRANSFER,Fraud,166,"10,001-50,000",1
TRANSFER,Fraud,166,"100,001-500,000",1
TRANSFER,Legitimate,166,"1,000,001+",139
TRANSFER,Legitimate,166,"1,001-5,000",7
TRANSFER,Legitimate,166,"10,001-50,000",71
TRANSFER,Legitimate,166,"100,001-500,000",464
TRANSFER,Legitimate,166,"5,001-10,000",11
TRANSFER,Legitimate,166,"50,001-100,000",86
TRANSFER,Legitimate,166,"500,001-1,000,000",165
TRANSFER,Legitimate,166,"501-1,000",2
CASH_IN,Legitimate,167,0-100,2
CASH_IN,Legitimate,167,"1,001-5,000",22
CASH_IN,Legitimate,167,"10,001-50,000",241
CASH_IN,Legitimate,167,"100,001-500,000",823
CASH_IN,Legitimate,167,101-500,1
CASH_IN,Legitimate,167,"5,001-10,000",29
CASH_IN,Legitimate,167,"50,001-100,000",260
CASH_IN,Legitimate,167,"500,001-1,000,000",13
CASH_IN,Legitimate,167,"501-1,000",3
CASH_OUT,Fraud,167,"1,000,001+",1
CASH_OUT,Fraud,167,"100,001-500,000",2
CASH_OUT,Legitimate,167,"1,001-5,000",21
CASH_OUT,Legitimate,167,"10,001-50,000",207
CASH_OUT,Legitimate,167,"100,001-500,000",979
CASH_OUT,Legitimate,167,101-500,2
CASH_OUT,Legitimate,167,"5,001-10,000",26
CASH_OUT,Legitimate,167,"50,001-100,000",265
CASH_OUT,Legitimate,167,"500,001-1,000,000",30
CASH_OUT,Legitimate,167,"501-1,000",3
DEBIT,Legitimate,167,0-100,2
DEBIT,Legitimate,167,"1,001-5,000",35
DEBIT,Legitimate,167,"10,001-50,000",15
DEBIT,Legitimate,167,101-500,5
DEBIT,Legitimate,167,"5,001-10,000",27
DEBIT,Legitimate,167,"501-1,000",1
PAYMENT,Legitimate,167,0-100,36
PAYMENT,Legitimate,167,"1,001-5,000",1338
PAYMENT,Legitimate,167,"10,001-50,000",1242
PAYMENT,Legitimate,167,101-500,132
PAYMENT,Legitimate,167,"5,001-10,000",1324
PAYMENT,Legitimate,167,"50,001-100,000",9
PAYMENT,Legitimate,167,"501-1,000",181
TRANSFER,Fraud,167,"1,000,001+",1
TRANSFER,Fraud,167,"100,001-500,000",2
TRANSFER,Legitimate,167,"1,000,001+",122
TRANSFER,Legitimate,167,"1,001-5,000",2
TRANSFER,Legitimate,167,"10,001-50,000",31
TRANSFER,Legitimate,167,"100,001-500,000",310
TRANSFER,Legitimate,167,101-500,1
TRANSFER,Legitimate,167,"5,001-10,000",3
TRANSFER,Legitimate,167,"50,001-100,000",41
TRANSFER,Legitimate,167,"500,001-1,000,000",156
CASH_IN,Legitimate,168,"1,001-5,000",7
CASH_IN,Legitimate,168,"10,001-50,000",81
CASH_IN,Legitimate,168,"100,001-500,000",351
CASH_IN,Legitimate,168,"5,001-10,000",13
CASH_IN,Legitimate,168,"50,001-100,000",100
CASH_IN,Legitimate,168,"500,001-1,000,000",21
CASH_IN,Legitimate,168,"501-1,000",2
CASH_OUT,Fraud,168,"1,000,001+",1
CASH_OUT,Legitimate,168,"1,001-5,000",10
CASH_OUT,Legitimate,168,"10,001-50,000",80
CASH_OUT,Legitimate,168,"100,001-500,000",450
CASH_OUT,Legitimate,168,"5,001-10,000",4
CASH_OUT,Legitimate,168,"50,001-100,000",103
CASH_OUT,Legitimate,168,"500,001-1,000,000",31
CASH_OUT,Legitimate,168,"501-1,000",1
DEBIT,Legitimate,168,0-100,1
DEBIT,Legitimate,168,"1,001-5,000",45
DEBIT,Legitimate,168,"10,001-50,000",1
DEBIT,Legitimate,168,101-500,4
DEBIT,Legitimate,168,"5,001-10,000",11
DEBIT,Legitimate,168,"501-1,000",4
PAYMENT,Legitimate,168,0-100,20
PAYMENT,Legitimate,168,"1,001-5,000",770
PAYMENT,Legitimate,168,"10,001-50,000",536
PAYMENT,Legitimate,168,101-500,75
PAYMENT,Legitimate,168,"5,001-10,000",673
PAYMENT,Legitimate,168,"50,001-100,000",5
PAYMENT,Legitimate,168,"501-1,000",100
TRANSFER,Fraud,168,"1,000,001+",1
TRANSFER,Legitimate,168,"1,000,001+",54
TRANSFER,Legitimate,168,"1,001-5,000",2
TRANSFER,Legitimate,168,"10,001-50,000",35
TRANSFER,Legitimate,168,"100,001-500,000",138
TRANSFER,Legitimate,168,"5,001-10,000",1
TRANSFER,Legitimate,168,"50,001-100,000",38
TRANSFER,Legitimate,168,"500,001-1,000,000",55
CASH_IN,Legitimate,169,"1,001-5,000",3
CASH_IN,Legitimate,169,"10,001-50,000",28
CASH_IN,Legitimate,169,"100,001-500,000",130
CASH_IN,Legitimate,169,101-500,1
CASH_IN,Legitimate,169,"5,001-10,000",3
CASH_IN,Legitimate,169,"50,001-100,000",36
CASH_IN,Legitimate,169,"500,001-1,000,000",7
CASH_OUT,Fraud,169,"1,000,001+",1
CASH_OUT,Fraud,169,"10,001-50,000",1
CASH_OUT,Fraud,169,"100,001-500,000",2
CASH_OUT,Fraud,169,"500,001-1,000,000",1
CASH_OUT,Legitimate,169,"1,001-5,000",2
CASH_OUT,Legitimate,169,"10,001-50,000",24
CASH_OUT,Legitimate,169,"100,001-500,000",133
CASH_OUT,Legitimate,169,"5,001-10,000",3
CASH_OUT,Legitimate,169,"50,001-100,000",28
CASH_OUT,Legitimate,169,"500,001-1,000,000",9
CASH_OUT,Legitimate,169,"501-1,000",1
DEBIT,Legitimate,169,0-100,1
DEBIT,Legitimate,169,"1,001-5,000",49
DEBIT,Legitimate,169,101-500,11
DEBIT,Legitimate,169,"5,001-10,000",1
DEBIT,Legitimate,169,"501-1,000",7
PAYMENT,Legitimate,169,0-100,4
PAYMENT,Legitimate,169,"1,001-5,000",239
PAYMENT,Legitimate,169,"10,001-50,000",323
PAYMENT,Legitimate,169,101-500,28
PAYMENT,Legitimate,169,"5,001-10,000",255
PAYMENT,Legitimate,169,"501-1,000",23
TRANSFER,Fraud,169,"1,000,001+",1
TRANSFER,Fraud,169,"10,001-50,000",1
TRANSFER,Fraud,169,"100,001-500,000",2
TRANSFER,Fraud,169,"500,001-1,000,000",1
TRANSFER,Legitimate,169,"1,000,001+",13
TRANSFER,Legitimate,169,"1,001-5,000",2
TRANSFER,Legitimate,169,"10,001-50,000",6
TRANSFER,Legitimate,169,"100,001-500,000",55
TRANSFER,Legitimate,169,"5,001-10,000",2
TRANSFER,Legitimate,169,"50,001-100,000",7
TRANSFER,Legitimate,169,"500,001-1,000,000",20
CASH_IN,Legitimate,170,"1,001-5,000",1
CASH_IN,Legitimate,170,"10,001-50,000",13
CASH_IN,Legitimate,170,"100,001-500,000",77
CASH_IN,Legitimate,170,"50,001-100,000",24
CASH_IN,Legitimate,170,"500,001-1,000,000",2
CASH_OUT,Fraud,170,"1,000,001+",3
CASH_OUT,Fraud,170,"100,001-500,000",3
CASH_OUT,Fraud,170,"500,001-1,000,000",2
CASH_OUT,Legitimate,170,"1,001-5,000",1
CASH_OUT,Legitimate,170,"10,001-50,000",7
CASH_OUT,Legitimate,170,"100,001-500,000",31
CASH_OUT,Legitimate,170,"50,001-100,000",12
CASH_OUT,Legitimate,170,"500,001-1,000,000",4
DEBIT,Legitimate,170,0-100,2
DEBIT,Legitimate,170,"1,001-5,000",24
DEBIT,Legitimate,170,101-500,7
DEBIT,Legitimate,170,"501-1,000",9
PAYMENT,Legitimate,170,0-100,2
PAYMENT,Legitimate,170,"1,001-5,000",78
PAYMENT,Legitimate,170,"10,001-50,000",74
PAYMENT,Legitimate,170,101-500,13
PAYMENT,Legitimate,170,"5,001-10,000",87
PAYMENT,Legitimate,170,"50,001-100,000",1
PAYMENT,Legitimate,170,"501-1,000",17
TRANSFER,Fraud,170,"1,000,001+",3
TRANSFER,Fraud,170,"100,001-500,000",3
TRANSFER,Fraud,170,"500,001-1,000,000",2
TRANSFER,Legitimate,170,"1,000,001+",5
TRANSFER,Legitimate,170,"1,001-5,000",1
TRANSFER,Legitimate,170,"10,001-50,000",3
TRANSFER,Legitimate,170,"100,001-500,000",14
TRANSFER,Legitimate,170,"50,001-100,000",3
TRANSFER,Legitimate,170,"500,001-1,000,000",1
CASH_OUT,Fraud,171,"1,000,001+",5
CASH_OUT,Fraud,171,"100,001-500,000",1
CASH_OUT,Fraud,171,"500,001-1,000,000",1
TRANSFER,Fraud,171,"1,000,001+",5
TRANSFER,Fraud,171,"100,001-500,000",1
TRANSFER,Fraud,171,"500,001-1,000,000",1
CASH_OUT,Fraud,172,"1,000,001+",1
CASH_OUT,Fraud,172,"50,001-100,000",1
CASH_OUT,Fraud,172,"500,001-1,000,000",3
TRANSFER,Fraud,172,"1,000,001+",1
TRANSFER,Fraud,172,"50,001-100,000",1
TRANSFER,Fraud,172,"500,001-1,000,000",3
CASH_OUT,Fraud,173,"1,000,001+",3
CASH_OUT,Fraud,173,"10,001-50,000",1
CASH_OUT,Fraud,173,"100,001-500,000",2
CASH_OUT,Fraud,173,"50,001-100,000",1
TRANSFER,Fraud,173,"1,000,001+",3
TRANSFER,Fraud,173,"10,001-50,000",1
TRANSFER,Fraud,173,"100,001-500,000",2
TRANSFER,Fraud,173,"50,001-100,000",1
CASH_OUT,Fraud,174,"1,000,001+",2
CASH_OUT,Fraud,174,"10,001-50,000",2
CASH_OUT,Fraud,174,"100,001-500,000",1
TRANSFER,Fraud,174,"1,000,001+",2
TRANSFER,Fraud,174,"10,001-50,000",2
TRANSFER,Fraud,174,"100,001-500,000",1
CASH_OUT,Fraud,175,"10,001-50,000",1
CASH_OUT,Fraud,175,"100,001-500,000",1
CASH_OUT,Fraud,175,"50,001-100,000",1
CASH_OUT,Fraud,175,"500,001-1,000,000",1
TRANSFER,Fraud,175,"10,001-50,000",1
TRANSFER,Fraud,175,"100,001-500,000",1
TRANSFER,Fraud,175,"50,001-100,000",1
TRANSFER,Fraud,175,"500,001-1,000,000",1
CASH_OUT,Fraud,176,"100,001-500,000",4
CASH_OUT,Fraud,176,"500,001-1,000,000",1
TRANSFER,Fraud,176,"100,001-500,000",4
TRANSFER,Fraud,176,"500,001-1,000,000",1
CASH_IN,Legitimate,177,"1,001-5,000",54
CASH_IN,Legitimate,177,"10,001-50,000",607
CASH_IN,Legitimate,177,"100,001-500,000",2524
CASH_IN,Legitimate,177,101-500,3
CASH_IN,Legitimate,177,"5,001-10,000",78
CASH_IN,Legitimate,177,"50,001-100,000",717
CASH_IN,Legitimate,177,"500,001-1,000,000",55
CASH_IN,Legitimate,177,"501-1,000",10
CASH_OUT,Fraud,177,"1,000,001+",1
CASH_OUT,Fraud,177,"100,001-500,000",5
CASH_OUT,Fraud,177,"50,001-100,000",2
CASH_OUT,Fraud,177,"500,001-1,000,000",1
CASH_OUT,Legitimate,177,0-100,3
CASH_OUT,Legitimate,177,"1,000,001+",2
CASH_OUT,Legitimate,177,"1,001-5,000",52
CASH_OUT,Legitimate,177,"10,001-50,000",689
CASH_OUT,Legitimate,177,"100,001-500,000",3677
CASH_OUT,Legitimate,177,101-500,5
CASH_OUT,Legitimate,177,"5,001-10,000",86
CASH_OUT,Legitimate,177,"50,001-100,000",866
CASH_OUT,Legitimate,177,"500,001-1,000,000",172
CASH_OUT,Legitimate,177,"501-1,000",11
DEBIT,Legitimate,177,0-100,1
DEBIT,Legitimate,177,"1,001-5,000",69
DEBIT,Legitimate,177,"10,001-50,000",7
DEBIT,Legitimate,177,101-500,9
DEBIT,Legitimate,177,"5,001-10,000",41
DEBIT,Legitimate,177,"501-1,000",11
PAYMENT,Legitimate,177,0-100,39
PAYMENT,Legitimate,177,"1,001-5,000",1574
PAYMENT,Legitimate,177,"10,001-50,000",2415
PAYMENT,Legitimate,177,101-500,158
PAYMENT,Legitimate,177,"5,001-10,000",1608
PAYMENT,Legitimate,177,"50,001-100,000",13
PAYMENT,Legitimate,177,"501-1,000",200
TRANSFER,Fraud,177,"1,000,001+",1
TRANSFER,Fraud,177,"100,001-500,000",5
TRANSFER,Fraud,177,"50,001-100,000",2
TRANSFER,Fraud,177,"500,001-1,000,000",1
TRANSFER,Legitimate,177,"1,000,001+",406
TRANSFER,Legitimate,177,"1,001-5,000",7
TRANSFER,Legitimate,177,"10,001-50,000",74
TRANSFER,Legitimate,177,"100,001-500,000",551
TRANSFER,Legitimate,177,"5,001-10,000",8
TRANSFER,Legitimate,177,"50,001-100,000",62
TRANSFER,Legitimate,177,"500,001-1,000,000",453
TRANSFER,Legitimate,177,"501-1,000",1
CASH_IN,Legitimate,178,0-100,3
CASH_IN,Legitimate,178,"1,000,001+",4
CASH_IN,Legitimate,178,"1,001-5,000",77
CASH_IN,Legitimate,178,"10,001-50,000",909
CASH_IN,Legitimate,178,"100,001-500,000",4280
CASH_IN,Legitimate,178,101-500,12
CASH_IN,Legitimate,178,"5,001-10,000",114
CASH_IN,Legitimate,178,"50,001-100,000",1226
CASH_IN,Legitimate,178,"500,001-1,000,000",124
CASH_IN,Legitimate,178,"501-1,000",11
CASH_OUT,Fraud,178,"1,000,001+",3
CASH_OUT,Fraud,178,"100,001-500,000",1
CASH_OUT,Fraud,178,"50,001-100,000",1
CASH_OUT,Fraud,178,"500,001-1,000,000",2
CASH_OUT,Legitimate,178,0-100,2
CASH_OUT,Legitimate,178,"1,000,001+",2
CASH_OUT,Legitimate,178,"1,001-5,000",92
CASH_OUT,Legitimate,178,"10,001-50,000",1125
CASH_OUT,Legitimate,178,"100,001-500,000",6457
CASH_OUT,Legitimate,178,101-500,12
CASH_OUT,Legitimate,178,"5,001-10,000",135
CASH_OUT,Legitimate,178,"50,001-100,000",1478
CASH_OUT,Legitimate,178,"500,001-1,000,000",416
CASH_OUT,Legitimate,178,"501-1,000",13
DEBIT,Legitimate,178,0-100,2
DEBIT,Legitimate,178,"1,001-5,000",87
DEBIT,Legitimate,178,"10,001-50,000",19
DEBIT,Legitimate,178,101-500,8
DEBIT,Legitimate,178,"5,001-10,000",53
DEBIT,Legitimate,178,"501-1,000",12
PAYMENT,Legitimate,178,0-100,57
PAYMENT,Legitimate,178,"1,001-5,000",2011
PAYMENT,Legitimate,178,"10,001-50,000",4327
PAYMENT,Legitimate,178,101-500,209
PAYMENT,Legitimate,178,"5,001-10,000",2242
PAYMENT,Legitimate,178,"50,001-100,000",40
PAYMENT,Legitimate,178,"501-1,000",250
TRANSFER,Fraud,178,"1,000,001+",3
TRANSFER,Fraud,178,"100,001-500,000",1
TRANSFER,Fraud,178,"50,001-100,000",1
TRANSFER,Fraud,178,"500,001-1,000,000",2
TRANSFER,Legitimate,178,"1,000,001+",925
TRANSFER,Legitimate,178,"1,001-5,000",6
TRANSFER,Legitimate,178,"10,001-50,000",80
TRANSFER,Legitimate,178,"100,001-500,000",726
TRANSFER,Legitimate,178,"5,001-10,000",11
TRANSFER,Legitimate,178,"50,001-100,000",84
TRANSFER,Legitimate,178,"500,001-1,000,000",549
CASH_IN,Legitimate,179,0-100,4
CASH_IN,Legitimate,179,"1,000,001+",1
CASH_IN,Legitimate,179,"1,001-5,000",100
CASH_IN,Legitimate,179,"10,001-50,000",977
CASH_IN,Legitimate,179,"100,001-500,000",4460
CASH_IN,Legitimate,179,101-500,10
CASH_IN,Legitimate,179,"5,001-10,000",104
CASH_IN,Legitimate,179,"50,001-100,000",1173
CASH_IN,Legitimate,179,"500,001-1,000,000",137
CASH_IN,Legitimate,179,"501-1,000",11
CASH_OUT,Fraud,179,"1,000,001+",1
CASH_OUT,Fraud,179,"100,001-500,000",3
CASH_OUT,Legitimate,179,0-100,4
CASH_OUT,Legitimate,179,"1,000,001+",3
CASH_OUT,Legitimate,179,"1,001-5,000",150
CASH_OUT,Legitimate,179,"10,001-50,000",1353
CASH_OUT,Legitimate,179,"100,001-500,000",7257
CASH_OUT,Legitimate,179,101-500,8
CASH_OUT,Legitimate,179,"5,001-10,000",170
CASH_OUT,Legitimate,179,"50,001-100,000",1764
CASH_OUT,Legitimate,179,"500,001-1,000,000",376
CASH_OUT,Legitimate,179,"501-1,000",12
DEBIT,Legitimate,179,0-100,7
DEBIT,Legitimate,179,"1,001-5,000",103
DEBIT,Legitimate,179,"10,001-50,000",4
DEBIT,Legitimate,179,101-500,15
DEBIT,Legitimate,179,"5,001-10,000",14
DEBIT,Legitimate,179,"501-1,000",26
PAYMENT,Legitimate,179,0-100,55
PAYMENT,Legitimate,179,"1,001-5,000",2210
PAYMENT,Legitimate,179,"10,001-50,000",4357
PAYMENT,Legitimate,179,101-500,211
PAYMENT,Legitimate,179,"5,001-10,000",2442
PAYMENT,Legitimate,179,"50,001-100,000",77
PAYMENT,Legitimate,179,"501-1,000",301
TRANSFER,Fraud,179,"1,000,001+",1
TRANSFER,Fraud,179,"100,001-500,000",3
TRANSFER,Legitimate,179,"1,000,001+",530
TRANSFER,Legitimate,179,"1,001-5,000",12
TRANSFER,Legitimate,179,"10,001-50,000",130
TRANSFER,Legitimate,179,"100,001-500,000",992
TRANSFER,Legitimate,179,101-500,1
TRANSFER,Legitimate,179,"5,001-10,000",13
TRANSFER,Legitimate,179,"50,001-100,000",142
TRANSFER,Legitimate,179,"500,001-1,000,000",810
CASH_IN,Legitimate,180,0-100,3
CASH_IN,Legitimate,180,"1,001-5,000",81
CASH_IN,Legitimate,180,"10,001-50,000",911
CASH_IN,Legitimate,180,"100,001-500,000",4480
CASH_IN,Legitimate,180,101-500,8
CASH_IN,Legitimate,180,"5,001-10,000",135
CASH_IN,Legitimate,180,"50,001-100,000",1177
CASH_IN,Legitimate,180,"500,001-1,000,000",170
CASH_IN,Legitimate,180,"501-1,000",12
CASH_OUT,Fraud,180,"1,000,001+",3
CASH_OUT,Fraud,180,"100,001-500,000",1
CASH_OUT,Fraud,180,"500,001-1,000,000",1
CASH_OUT,Legitimate,180,0-100,5
CASH_OUT,Legitimate,180,"1,000,001+",3
CASH_OUT,Legitimate,180,"1,001-5,000",131
CASH_OUT,Legitimate,180,"10,001-50,000",1411
CASH_OUT,Legitimate,180,"100,001-500,000",7718
CASH_OUT,Legitimate,180,101-500,9
CASH_OUT,Legitimate,180,"5,001-10,000",167
CASH_OUT,Legitimate,180,"50,001-100,000",1911
CASH_OUT,Legitimate,180,"500,001-1,000,000",392
CASH_OUT,Legitimate,180,"501-1,000",19
DEBIT,Legitimate,180,0-100,6
DEBIT,Legitimate,180,"1,001-5,000",149
DEBIT,Legitimate,180,"10,001-50,000",4
DEBIT,Legitimate,180,101-500,22
DEBIT,Legitimate,180,"5,001-10,000",8
DEBIT,Legitimate,180,"501-1,000",11
PAYMENT,Legitimate,180,0-100,58
PAYMENT,Legitimate,180,"1,001-5,000",2126
PAYMENT,Legitimate,180,"10,001-50,000",4733
PAYMENT,Legitimate,180,101-500,210
PAYMENT,Legitimate,180,"5,001-10,000",2332
PAYMENT,Legitimate,180,"50,001-100,000",208
PAYMENT,Legitimate,180,"501-1,000",243
TRANSFER,Fraud,180,"1,000,001+",3
TRANSFER,Fraud,180,"100,001-500,000",1
TRANSFER,Fraud,180,"500,001-1,000,000",1
TRANSFER,Legitimate,180,0-100,1
TRANSFER,Legitimate,180,"1,000,001+",724
TRANSFER,Legitimate,180,"1,001-5,000",3
TRANSFER,Legitimate,180,"10,001-50,000",105
TRANSFER,Legitimate,180,"100,001-500,000",910
TRANSFER,Legitimate,180,"5,001-10,000",11
TRANSFER,Legitimate,180,"50,001-100,000",131
TRANSFER,Legitimate,180,"500,001-1,000,000",732
TRANSFER,Legitimate,180,"501-1,000",1
CASH_IN,Legitimate,181,0-100,1
CASH_IN,Legitimate,181,"1,000,001+",2
CASH_IN,Legitimate,181,"1,001-5,000",87
CASH_IN,Legitimate,181,"10,001-50,000",969
CASH_IN,Legitimate,181,"100,001-500,000",4546
CASH_IN,Legitimate,181,101-500,9
CASH_IN,Legitimate,181,"5,001-10,000",130
CASH_IN,Legitimate,181,"50,001-100,000",1250
CASH_IN,Legitimate,181,"500,001-1,000,000",119
CASH_IN,Legitimate,181,"501-1,000",16
CASH_OUT,Fraud,181,"1,000,001+",1
CASH_OUT,Fraud,181,"10,001-50,000",1
CASH_OUT,Fraud,181,"100,001-500,000",3
CASH_OUT,Fraud,181,"500,001-1,000,000",1
CASH_OUT,Legitimate,181,0-100,7
CASH_OUT,Legitimate,181,"1,000,001+",1
CASH_OUT,Legitimate,181,"1,001-5,000",138
CASH_OUT,Legitimate,181,"10,001-50,000",1517
CASH_OUT,Legitimate,181,"100,001-500,000",7688
CASH_OUT,Legitimate,181,101-500,16
CASH_OUT,Legitimate,181,"5,001-10,000",195
CASH_OUT,Legitimate,181,"50,001-100,000",1870
CASH_OUT,Legitimate,181,"500,001-1,000,000",401
CASH_OUT,Legitimate,181,"501-1,000",21
DEBIT,Legitimate,181,0-100,1
DEBIT,Legitimate,181,"1,001-5,000",100
DEBIT,Legitimate,181,"10,001-50,000",9
DEBIT,Legitimate,181,101-500,10
DEBIT,Legitimate,181,"5,001-10,000",53
DEBIT,Legitimate,181,"501-1,000",18
PAYMENT,Legitimate,181,0-100,51
PAYMENT,Legitimate,181,"1,001-5,000",1792
PAYMENT,Legitimate,181,"10,001-50,000",5232
PAYMENT,Legitimate,181,"100,001-500,000",2
PAYMENT,Legitimate,181,101-500,195
PAYMENT,Legitimate,181,"5,001-10,000",2049
PAYMENT,Legitimate,181,"50,001-100,000",332
PAYMENT,Legitimate,181,"501-1,000",234
TRANSFER,Fraud,181,"1,000,001+",1
TRANSFER,Fraud,181,"10,001-50,000",1
TRANSFER,Fraud,181,"100,001-500,000",2
TRANSFER,Fraud,181,"500,001-1,000,000",1
TRANSFER,Legitimate,181,"1,000,001+",739
TRANSFER,Legitimate,181,"1,001-5,000",8
TRANSFER,Legitimate,181,"10,001-50,000",85
TRANSFER,Legitimate,181,"100,001-500,000",984
TRANSFER,Legitimate,181,101-500,1
TRANSFER,Legitimate,181,"5,001-10,000",6
TRANSFER,Legitimate,181,"50,001-100,000",120
TRANSFER,Legitimate,181,"500,001-1,000,000",734
CASH_IN,Legitimate,182,0-100,2
CASH_IN,Legitimate,182,"1,000,001+",2
CASH_IN,Legitimate,182,"1,001-5,000",87
CASH_IN,Legitimate,182,"10,001-50,000",898
CASH_IN,Legitimate,182,"100,001-500,000",4518
CASH_IN,Legitimate,182,101-500,7
CASH_IN,Legitimate,182,"5,001-10,000",104
CASH_IN,Legitimate,182,"50,001-100,000",1180
CASH_IN,Legitimate,182,"500,001-1,000,000",162
CASH_IN,Legitimate,182,"501-1,000",7
CASH_OUT,Fraud,182,"1,000,001+",1
CASH_OUT,Fraud,182,"100,001-500,000",2
CASH_OUT,Fraud,182,"500,001-1,000,000",1
CASH_OUT,Legitimate,182,0-100,5
CASH_OUT,Legitimate,182,"1,000,001+",2
CASH_OUT,Legitimate,182,"1,001-5,000",157
CASH_OUT,Legitimate,182,"10,001-50,000",1486
CASH_OUT,Legitimate,182,"100,001-500,000",7614
CASH_OUT,Legitimate,182,101-500,17
CASH_OUT,Legitimate,182,"5,001-10,000",178
CASH_OUT,Legitimate,182,"50,001-100,000",1892
CASH_OUT,Legitimate,182,"500,001-1,000,000",333
CASH_OUT,Legitimate,182,"501-1,000",21
DEBIT,Legitimate,182,0-100,4
DEBIT,Legitimate,182,"1,001-5,000",89
DEBIT,Legitimate,182,"10,001-50,000",8
DEBIT,Legitimate,182,101-500,9
DEBIT,Legitimate,182,"5,001-10,000",54
DEBIT,Legitimate,182,"501-1,000",14
PAYMENT,Legitimate,182,0-100,56
PAYMENT,Legitimate,182,"1,001-5,000",2238
PAYMENT,Legitimate,182,"10,001-50,000",4927
PAYMENT,Legitimate,182,101-500,241
PAYMENT,Legitimate,182,"5,001-10,000",2446
PAYMENT,Legitimate,182,"50,001-100,000",29
PAYMENT,Legitimate,182,"501-1,000",274
TRANSFER,Fraud,182,"1,000,001+",1
TRANSFER,Fraud,182,"100,001-500,000",2
TRANSFER,Fraud,182,"500,001-1,000,000",1
TRANSFER,Legitimate,182,0-100,2
TRANSFER,Legitimate,182,"1,000,001+",494
TRANSFER,Legitimate,182,"1,001-5,000",11
TRANSFER,Legitimate,182,"10,001-50,000",125
TRANSFER,Legitimate,182,"100,001-500,000",1155
TRANSFER,Legitimate,182,"5,001-10,000",11
TRANSFER,Legitimate,182,"50,001-100,000",184
TRANSFER,Legitimate,182,"500,001-1,000,000",848
TRANSFER,Legitimate,182,"501-1,000",1
CASH_IN,Legitimate,183,0-100,4
CASH_IN,Legitimate,183,"1,001-5,000",74
CASH_IN,Legitimate,183,"10,001-50,000",966
CASH_IN,Legitimate,183,"100,001-500,000",4429
CASH_IN,Legitimate,183,101-500,6
CASH_IN,Legitimate,183,"5,001-10,000",110
CASH_IN,Legitimate,183,"50,001-100,000",1170
CASH_IN,Legitimate,183,"500,001-1,000,000",124
CASH_IN,Legitimate,183,"501-1,000",13
CASH_OUT,Fraud,183,"1,000,001+",3
CASH_OUT,Fraud,183,"100,001-500,000",3
CASH_OUT,Fraud,183,"5,001-10,000",1
CASH_OUT,Fraud,183,"500,001-1,000,000",1
CASH_OUT,Legitimate,183,0-100,3
CASH_OUT,Legitimate,183,"1,000,001+",2
CASH_OUT,Legitimate,183,"1,001-5,000",166
CASH_OUT,Legitimate,183,"10,001-50,000",1472
CASH_OUT,Legitimate,183,"100,001-500,000",7508
CASH_OUT,Legitimate,183,101-500,16
CASH_OUT,Legitimate,183,"5,001-10,000",175
CASH_OUT,Legitimate,183,"50,001-100,000",1968
CASH_OUT,Legitimate,183,"500,001-1,000,000",236
CASH_OUT,Legitimate,183,"501-1,000",15
DEBIT,Legitimate,183,0-100,4
DEBIT,Legitimate,183,"1,001-5,000",103
DEBIT,Legitimate,183,"10,001-50,000",16
DEBIT,Legitimate,183,101-500,16
DEBIT,Legitimate,183,"5,001-10,000",33
DEBIT,Legitimate,183,"501-1,000",13
PAYMENT,Legitimate,183,0-100,55
PAYMENT,Legitimate,183,"1,001-5,000",2243
PAYMENT,Legitimate,183,"10,001-50,000",4742
PAYMENT,Legitimate,183,101-500,228
PAYMENT,Legitimate,183,"5,001-10,000",2407
PAYMENT,Legitimate,183,"50,001-100,000",36
PAYMENT,Legitimate,183,"501-1,000",285
TRANSFER,Fraud,183,"1,000,001+",3
TRANSFER,Fraud,183,"100,001-500,000",3
TRANSFER,Fraud,183,"5,001-10,000",1
TRANSFER,Fraud,183,"500,001-1,000,000",1
TRANSFER,Legitimate,183,"1,000,001+",264
TRANSFER,Legitimate,183,"1,001-5,000",15
TRANSFER,Legitimate,183,"10,001-50,000",124
TRANSFER,Legitimate,183,"100,001-500,000",1179
TRANSFER,Legitimate,183,101-500,1
TRANSFER,Legitimate,183,"5,001-10,000",14
TRANSFER,Legitimate,183,"50,001-100,000",177
TRANSFER,Legitimate,183,"500,001-1,000,000",769
TRANSFER,Legitimate,183,"501-1,000",2
CASH_IN,Legitimate,184,0-100,4
CASH_IN,Legitimate,184,"1,000,001+",1
CASH_IN,Legitimate,184,"1,001-5,000",101
CASH_IN,Legitimate,184,"10,001-50,000",1038
CASH_IN,Legitimate,184,"100,001-500,000",4748
CASH_IN,Legitimate,184,101-500,7
CASH_IN,Legitimate,184,"5,001-10,000",110
CASH_IN,Legitimate,184,"50,001-100,000",1274
CASH_IN,Legitimate,184,"500,001-1,000,000",138
CASH_IN,Legitimate,184,"501-1,000",9
CASH_OUT,Fraud,184,"50,001-100,000",4
CASH_OUT,Legitimate,184,0-100,1
CASH_OUT,Legitimate,184,"1,001-5,000",127
CASH_OUT,Legitimate,184,"10,001-50,000",1632
CASH_OUT,Legitimate,184,"100,001-500,000",7519
CASH_OUT,Legitimate,184,101-500,14
CASH_OUT,Legitimate,184,"5,001-10,000",171
CASH_OUT,Legitimate,184,"50,001-100,000",1912
CASH_OUT,Legitimate,184,"500,001-1,000,000",263
CASH_OUT,Legitimate,184,"501-1,000",14
DEBIT,Legitimate,184,0-100,2
DEBIT,Legitimate,184,"1,001-5,000",41
DEBIT,Legitimate,184,"10,001-50,000",110
DEBIT,Legitimate,184,101-500,9
DEBIT,Legitimate,184,"5,001-10,000",26
DEBIT,Legitimate,184,"50,001-100,000",8
DEBIT,Legitimate,184,"501-1,000",5
PAYMENT,Legitimate,184,0-100,55
PAYMENT,Legitimate,184,"1,001-5,000",2191
PAYMENT,Legitimate,184,"10,001-50,000",4963
PAYMENT,Legitimate,184,"100,001-500,000",1
PAYMENT,Legitimate,184,101-500,206
PAYMENT,Legitimate,184,"5,001-10,000",2259
PAYMENT,Legitimate,184,"50,001-100,000",87
PAYMENT,Legitimate,184,"501-1,000",287
TRANSFER,Fraud,184,"50,001-100,000",4
TRANSFER,Legitimate,184,0-100,1
TRANSFER,Legitimate,184,"1,000,001+",421
TRANSFER,Legitimate,184,"1,001-5,000",13
TRANSFER,Legitimate,184,"10,001-50,000",135
TRANSFER,Legitimate,184,"100,001-500,000",1259
TRANSFER,Legitimate,184,101-500,1
TRANSFER,Legitimate,184,"5,001-10,000",19
TRANSFER,Legitimate,184,"50,001-100,000",184
TRANSFER,Legitimate,184,"500,001-1,000,000",798
TRANSFER,Legitimate,184,"501-1,000",3
CASH_IN,Legitimate,185,0-100,2
CASH_IN,Legitimate,185,"1,000,001+",5
CASH_IN,Legitimate,185,"1,001-5,000",116
CASH_IN,Legitimate,185,"10,001-50,000",1199
CASH_IN,Legitimate,185,"100,001-500,000",5352
CASH_IN,Legitimate,185,101-500,9
CASH_IN,Legitimate,185,"5,001-10,000",149
CASH_IN,Legitimate,185,"50,001-100,000",1524
CASH_IN,Legitimate,185,"500,001-1,000,000",211
CASH_IN,Legitimate,185,"501-1,000",11
CASH_OUT,Fraud,185,"100,001-500,000",6
CASH_OUT,Fraud,185,"50,001-100,000",1
CASH_OUT,Fraud,185,"500,001-1,000,000",1
CASH_OUT,Legitimate,185,0-100,1
CASH_OUT,Legitimate,185,"1,000,001+",6
CASH_OUT,Legitimate,185,"1,001-5,000",170
CASH_OUT,Legitimate,185,"10,001-50,000",1864
CASH_OUT,Legitimate,185,"100,001-500,000",9044
CASH_OUT,Legitimate,185,101-500,17
CASH_OUT,Legitimate,185,"5,001-10,000",239
CASH_OUT,Legitimate,185,"50,001-100,000",2361
CASH_OUT,Legitimate,185,"500,001-1,000,000",272
CASH_OUT,Legitimate,185,"501-1,000",15
DEBIT,Legitimate,185,0-100,1
DEBIT,Legitimate,185,"1,001-5,000",51
DEBIT,Legitimate,185,"10,001-50,000",100
DEBIT,Legitimate,185,101-500,10
DEBIT,Legitimate,185,"5,001-10,000",25
DEBIT,Legitimate,185,"50,001-100,000",8
DEBIT,Legitimate,185,"501-1,000",13
PAYMENT,Legitimate,185,0-100,68
PAYMENT,Legitimate,185,"1,001-5,000",2530
PAYMENT,Legitimate,185,"10,001-50,000",5651
PAYMENT,Legitimate,185,"100,001-500,000",1
PAYMENT,Legitimate,185,101-500,254
PAYMENT,Legitimate,185,"5,001-10,000",2579
PAYMENT,Legitimate,185,"50,001-100,000",179
PAYMENT,Legitimate,185,"501-1,000",331
TRANSFER,Fraud,185,"100,001-500,000",6
TRANSFER,Fraud,185,"50,001-100,000",1
TRANSFER,Fraud,185,"500,001-1,000,000",1
TRANSFER,Legitimate,185,"1,000,001+",673
TRANSFER,Legitimate,185,"1,001-5,000",14
TRANSFER,Legitimate,185,"10,001-50,000",138
TRANSFER,Legitimate,185,"100,001-500,000",1142
TRANSFER,Legitimate,185,101-500,2
TRANSFER,Legitimate,185,"5,001-10,000",16
TRANSFER,Legitimate,185,"50,001-100,000",151
TRANSFER,Legitimate,185,"500,001-1,000,000",799
TRANSFER,Legitimate,185,"501-1,000",4
CASH_IN,Legitimate,186,0-100,2
CASH_IN,Legitimate,186,"1,000,001+",2
CASH_IN,Legitimate,186,"1,001-5,000",164
CASH_IN,Legitimate,186,"10,001-50,000",1336
CASH_IN,Legitimate,186,"100,001-500,000",6151
CASH_IN,Legitimate,186,101-500,13
CASH_IN,Legitimate,186,"5,001-10,000",179
CASH_IN,Legitimate,186,"50,001-100,000",1814
CASH_IN,Legitimate,186,"500,001-1,000,000",152
CASH_IN,Legitimate,186,"501-1,000",17
CASH_OUT,Fraud,186,"1,000,001+",2
CASH_OUT,Fraud,186,"10,001-50,000",1
CASH_OUT,Fraud,186,"100,001-500,000",5
CASH_OUT,Fraud,186,"500,001-1,000,000",1
CASH_OUT,Legitimate,186,0-100,3
CASH_OUT,Legitimate,186,"1,000,001+",5
CASH_OUT,Legitimate,186,"1,001-5,000",257
CASH_OUT,Legitimate,186,"10,001-50,000",2365
CASH_OUT,Legitimate,186,"100,001-500,000",10777
CASH_OUT,Legitimate,186,101-500,39
CASH_OUT,Legitimate,186,"5,001-10,000",295
CASH_OUT,Legitimate,186,"50,001-100,000",3122
CASH_OUT,Legitimate,186,"500,001-1,000,000",195
CASH_OUT,Legitimate,186,"501-1,000",34
DEBIT,Legitimate,186,0-100,4
DEBIT,Legitimate,186,"1,001-5,000",133
DEBIT,Legitimate,186,"10,001-50,000",3
DEBIT,Legitimate,186,101-500,18
DEBIT,Legitimate,186,"5,001-10,000",15
DEBIT,Legitimate,186,"501-1,000",31
PAYMENT,Legitimate,186,0-100,88
PAYMENT,Legitimate,186,"1,001-5,000",3207
PAYMENT,Legitimate,186,"10,001-50,000",5571
PAYMENT,Legitimate,186,101-500,320
PAYMENT,Legitimate,186,"5,001-10,000",3223
PAYMENT,Legitimate,186,"50,001-100,000",227
PAYMENT,Legitimate,186,"501-1,000",424
TRANSFER,Fraud,186,"1,000,001+",2
TRANSFER,Fraud,186,"10,001-50,000",1
TRANSFER,Fraud,186,"100,001-500,000",4
TRANSFER,Fraud,186,"500,001-1,000,000",1
TRANSFER,Legitimate,186,"1,000,001+",475
TRANSFER,Legitimate,186,"1,001-5,000",29
TRANSFER,Legitimate,186,"10,001-50,000",198
TRANSFER,Legitimate,186,"100,001-500,000",1572
TRANSFER,Legitimate,186,101-500,2
TRANSFER,Legitimate,186,"5,001-10,000",29
TRANSFER,Legitimate,186,"50,001-100,000",222
TRANSFER,Legitimate,186,"500,001-1,000,000",1015
TRANSFER,Legitimate,186,"501-1,000",2
CASH_IN,Legitimate,187,0-100,4
CASH_IN,Legitimate,187,"1,000,001+",5
CASH_IN,Legitimate,187,"1,001-5,000",161
CASH_IN,Legitimate,187,"10,001-50,000",1646
CASH_IN,Legitimate,187,"100,001-500,000",6839
CASH_IN,Legitimate,187,101-500,21
CASH_IN,Legitimate,187,"5,001-10,000",208
CASH_IN,Legitimate,187,"50,001-100,000",2118
CASH_IN,Legitimate,187,"500,001-1,000,000",100
CASH_IN,Legitimate,187,"501-1,000",18
CASH_OUT,Fraud,187,"1,000,001+",3
CASH_OUT,Fraud,187,"10,001-50,000",1
CASH_OUT,Fraud,187,"500,001-1,000,000",1
CASH_OUT,Legitimate,187,0-100,5
CASH_OUT,Legitimate,187,"1,000,001+",4
CASH_OUT,Legitimate,187,"1,001-5,000",255
CASH_OUT,Legitimate,187,"10,001-50,000",2817
CASH_OUT,Legitimate,187,"100,001-500,000",11316
CASH_OUT,Legitimate,187,101-500,23
CASH_OUT,Legitimate,187,"5,001-10,000",329
CASH_OUT,Legitimate,187,"50,001-100,000",3720
CASH_OUT,Legitimate,187,"500,001-1,000,000",140
CASH_OUT,Legitimate,187,"501-1,000",32
DEBIT,Legitimate,187,0-100,3
DEBIT,Legitimate,187,"1,001-5,000",151
DEBIT,Legitimate,187,"10,001-50,000",4
DEBIT,Legitimate,187,101-500,17
DEBIT,Legitimate,187,"5,001-10,000",38
DEBIT,Legitimate,187,"501-1,000",28
PAYMENT,Legitimate,187,0-100,121
PAYMENT,Legitimate,187,"1,001-5,000",4808
PAYMENT,Legitimate,187,"10,001-50,000",4316
PAYMENT,Legitimate,187,101-500,494
PAYMENT,Legitimate,187,"5,001-10,000",4811
PAYMENT,Legitimate,187,"50,001-100,000",12
PAYMENT,Legitimate,187,"501-1,000",614
TRANSFER,Fraud,187,"1,000,001+",3
TRANSFER,Fraud,187,"10,001-50,000",1
TRANSFER,Fraud,187,"500,001-1,000,000",1
TRANSFER,Legitimate,187,"1,000,001+",914
TRANSFER,Legitimate,187,"1,001-5,000",13
TRANSFER,Legitimate,187,"10,001-50,000",171
TRANSFER,Legitimate,187,"100,001-500,000",1593
TRANSFER,Legitimate,187,101-500,1
TRANSFER,Legitimate,187,"5,001-10,000",23
TRANSFER,Legitimate,187,"50,001-100,000",261
TRANSFER,Legitimate,187,"500,001-1,000,000",918
TRANSFER,Legitimate,187,"501-1,000",1
CASH_IN,Legitimate,188,0-100,5
CASH_IN,Legitimate,188,"1,000,001+",2
CASH_IN,Legitimate,188,"1,001-5,000",142
CASH_IN,Legitimate,188,"10,001-50,000",1358
CASH_IN,Legitimate,188,"100,001-500,000",4962
CASH_IN,Legitimate,188,101-500,8
CASH_IN,Legitimate,188,"5,001-10,000",184
CASH_IN,Legitimate,188,"50,001-100,000",1820
CASH_IN,Legitimate,188,"500,001-1,000,000",85
CASH_IN,Legitimate,188,"501-1,000",16
CASH_OUT,Fraud,188,"1,000,001+",2
CASH_OUT,Fraud,188,"100,001-500,000",3
CASH_OUT,Legitimate,188,0-100,5
CASH_OUT,Legitimate,188,"1,000,001+",3
CASH_OUT,Legitimate,188,"1,001-5,000",203
CASH_OUT,Legitimate,188,"10,001-50,000",2288
CASH_OUT,Legitimate,188,"100,001-500,000",7950
CASH_OUT,Legitimate,188,101-500,13
CASH_OUT,Legitimate,188,"5,001-10,000",286
CASH_OUT,Legitimate,188,"50,001-100,000",2888
CASH_OUT,Legitimate,188,"500,001-1,000,000",99
CASH_OUT,Legitimate,188,"501-1,000",30
DEBIT,Legitimate,188,0-100,3
DEBIT,Legitimate,188,"1,001-5,000",155
DEBIT,Legitimate,188,"10,001-50,000",3
DEBIT,Legitimate,188,101-500,15
DEBIT,Legitimate,188,"5,001-10,000",19
DEBIT,Legitimate,188,"501-1,000",14
PAYMENT,Legitimate,188,0-100,97
PAYMENT,Legitimate,188,"1,001-5,000",4561
PAYMENT,Legitimate,188,"10,001-50,000",3408
PAYMENT,Legitimate,188,"100,001-500,000",1
PAYMENT,Legitimate,188,101-500,471
PAYMENT,Legitimate,188,"5,001-10,000",4288
PAYMENT,Legitimate,188,"50,001-100,000",22
PAYMENT,Legitimate,188,"501-1,000",569
TRANSFER,Fraud,188,"1,000,001+",2
TRANSFER,Fraud,188,"100,001-500,000",3
TRANSFER,Legitimate,188,"1,000,001+",199
TRANSFER,Legitimate,188,"1,001-5,000",16
TRANSFER,Legitimate,188,"10,001-50,000",171
TRANSFER,Legitimate,188,"100,001-500,000",1623
TRANSFER,Legitimate,188,101-500,3
TRANSFER,Legitimate,188,"5,001-10,000",19
TRANSFER,Legitimate,188,"50,001-100,000",274
TRANSFER,Legitimate,188,"500,001-1,000,000",789
TRANSFER,Legitimate,188,"501-1,000",2
CASH_IN,Legitimate,189,0-100,1
CASH_IN,Legitimate,189,"1,001-5,000",55
CASH_IN,Legitimate,189,"10,001-50,000",589
CASH_IN,Legitimate,189,"100,001-500,000",2057
CASH_IN,Legitimate,189,101-500,4
CASH_IN,Legitimate,189,"5,001-10,000",65
CASH_IN,Legitimate,189,"50,001-100,000",717
CASH_IN,Legitimate,189,"500,001-1,000,000",37
CASH_IN,Legitimate,189,"501-1,000",6
CASH_OUT,Fraud,189,"1,000,001+",2
CASH_OUT,Fraud,189,"10,001-50,000",1
CASH_OUT,Fraud,189,"100,001-500,000",2
CASH_OUT,Legitimate,189,0-100,2
CASH_OUT,Legitimate,189,"1,001-5,000",62
CASH_OUT,Legitimate,189,"10,001-50,000",855
CASH_OUT,Legitimate,189,"100,001-500,000",3081
CASH_OUT,Legitimate,189,101-500,11
CASH_OUT,Legitimate,189,"5,001-10,000",104
CASH_OUT,Legitimate,189,"50,001-100,000",1138
CASH_OUT,Legitimate,189,"500,001-1,000,000",54
CASH_OUT,Legitimate,189,"501-1,000",7
DEBIT,Legitimate,189,0-100,3
DEBIT,Legitimate,189,"1,001-5,000",83
DEBIT,Legitimate,189,"10,001-50,000",3
DEBIT,Legitimate,189,101-500,13
DEBIT,Legitimate,189,"5,001-10,000",10
DEBIT,Legitimate,189,"501-1,000",19
PAYMENT,Legitimate,189,0-100,56
PAYMENT,Legitimate,189,"1,001-5,000",2531
PAYMENT,Legitimate,189,"10,001-50,000",1785
PAYMENT,Legitimate,189,101-500,263
PAYMENT,Legitimate,189,"5,001-10,000",2176
PAYMENT,Legitimate,189,"50,001-100,000",24
PAYMENT,Legitimate,189,"501-1,000",293
TRANSFER,Fraud,189,"1,000,001+",2
TRANSFER,Fraud,189,"10,001-50,000",1
TRANSFER,Fraud,189,"100,001-500,000",2
TRANSFER,Legitimate,189,"1,000,001+",100
TRANSFER,Legitimate,189,"1,001-5,000",6
TRANSFER,Legitimate,189,"10,001-50,000",104
TRANSFER,Legitimate,189,"100,001-500,000",870
TRANSFER,Legitimate,189,"5,001-10,000",18
TRANSFER,Legitimate,189,"50,001-100,000",146
TRANSFER,Legitimate,189,"500,001-1,000,000",313
TRANSFER,Legitimate,189,"501-1,000",3
CASH_IN,Legitimate,190,0-100,3
CASH_IN,Legitimate,190,"1,000,001+",1
CASH_IN,Legitimate,190,"1,001-5,000",44
CASH_IN,Legitimate,190,"10,001-50,000",410
CASH_IN,Legitimate,190,"100,001-500,000",1353
CASH_IN,Legitimate,190,101-500,3
CASH_IN,Legitimate,190,"5,001-10,000",65
CASH_IN,Legitimate,190,"50,001-100,000",533
CASH_IN,Legitimate,190,"500,001-1,000,000",27
CASH_IN,Legitimate,190,"501-1,000",3
CASH_OUT,Fraud,190,"1,000,001+",1
CASH_OUT,Fraud,190,"100,001-500,000",2
CASH_OUT,Fraud,190,"500,001-1,000,000",1
CASH_OUT,Legitimate,190,"1,001-5,000",45
CASH_OUT,Legitimate,190,"10,001-50,000",458
CASH_OUT,Legitimate,190,"100,001-500,000",1727
CASH_OUT,Legitimate,190,101-500,7
CASH_OUT,Legitimate,190,"5,001-10,000",52
CASH_OUT,Legitimate,190,"50,001-100,000",640
CASH_OUT,Legitimate,190,"500,001-1,000,000",38
CASH_OUT,Legitimate,190,"501-1,000",3
DEBIT,Legitimate,190,0-100,3
DEBIT,Legitimate,190,"1,001-5,000",71
DEBIT,Legitimate,190,"10,001-50,000",4
DEBIT,Legitimate,190,101-500,10
DEBIT,Legitimate,190,"5,001-10,000",13
DEBIT,Legitimate,190,"501-1,000",17
PAYMENT,Legitimate,190,0-100,51
PAYMENT,Legitimate,190,"1,001-5,000",1982
PAYMENT,Legitimate,190,"10,001-50,000",1699
PAYMENT,Legitimate,190,"100,001-500,000",1
PAYMENT,Legitimate,190,101-500,163
PAYMENT,Legitimate,190,"5,001-10,000",1876
PAYMENT,Legitimate,190,"50,001-100,000",18
PAYMENT,Legitimate,190,"501-1,000",238
TRANSFER,Fraud,190,"1,000,001+",1
TRANSFER,Fraud,190,"100,001-500,000",2
TRANSFER,Fraud,190,"500,001-1,000,000",1
TRANSFER,Legitimate,190,"1,000,001+",82
TRANSFER,Legitimate,190,"1,001-5,000",7
TRANSFER,Legitimate,190,"10,001-50,000",77
TRANSFER,Legitimate,190,"100,001-500,000",588
TRANSFER,Legitimate,190,"5,001-10,000",7
TRANSFER,Legitimate,190,"50,001-100,000",88
TRANSFER,Legitimate,190,"500,001-1,000,000",254
CASH_IN,Legitimate,191,"1,000,001+",2
CASH_IN,Legitimate,191,"1,001-5,000",32
CASH_IN,Legitimate,191,"10,001-50,000",253
CASH_IN,Legitimate,191,"100,001-500,000",935
CASH_IN,Legitimate,191,101-500,5
CASH_IN,Legitimate,191,"5,001-10,000",38
CASH_IN,Legitimate,191,"50,001-100,000",316
CASH_IN,Legitimate,191,"500,001-1,000,000",15
CASH_IN,Legitimate,191,"501-1,000",4
CASH_OUT,Fraud,191,"1,000,001+",1
CASH_OUT,Fraud,191,"1,001-5,000",1
CASH_OUT,Fraud,191,"100,001-500,000",4
CASH_OUT,Legitimate,191,0-100,1
CASH_OUT,Legitimate,191,"1,001-5,000",19
CASH_OUT,Legitimate,191,"10,001-50,000",212
CASH_OUT,Legitimate,191,"100,001-500,000",1005
CASH_OUT,Legitimate,191,101-500,2
CASH_OUT,Legitimate,191,"5,001-10,000",22
CASH_OUT,Legitimate,191,"50,001-100,000",299
CASH_OUT,Legitimate,191,"500,001-1,000,000",28
CASH_OUT,Legitimate,191,"501-1,000",6
DEBIT,Legitimate,191,0-100,4
DEBIT,Legitimate,191,"1,001-5,000",96
DEBIT,Legitimate,191,"10,001-50,000",2
DEBIT,Legitimate,191,101-500,9
DEBIT,Legitimate,191,"5,001-10,000",19
DEBIT,Legitimate,191,"501-1,000",9
PAYMENT,Legitimate,191,0-100,43
PAYMENT,Legitimate,191,"1,001-5,000",1945
PAYMENT,Legitimate,191,"10,001-50,000",989
PAYMENT,Legitimate,191,101-500,183
PAYMENT,Legitimate,191,"5,001-10,000",1610
PAYMENT,Legitimate,191,"50,001-100,000",17
PAYMENT,Legitimate,191,"501-1,000",216
TRANSFER,Fraud,191,"1,000,001+",1
TRANSFER,Fraud,191,"1,001-5,000",1
TRANSFER,Fraud,191,"100,001-500,000",4
TRANSFER,Legitimate,191,"1,000,001+",64
TRANSFER,Legitimate,191,"1,001-5,000",1
TRANSFER,Legitimate,191,"10,001-50,000",56
TRANSFER,Legitimate,191,"100,001-500,000",412
TRANSFER,Legitimate,191,101-500,1
TRANSFER,Legitimate,191,"5,001-10,000",5
TRANSFER,Legitimate,191,"50,001-100,000",56
TRANSFER,Legitimate,191,"500,001-1,000,000",168
CASH_IN,Legitimate,192,0-100,1
CASH_IN,Legitimate,192,"1,001-5,000",10
CASH_IN,Legitimate,192,"10,001-50,000",109
CASH_IN,Legitimate,192,"100,001-500,000",425
CASH_IN,Legitimate,192,101-500,2
CASH_IN,Legitimate,192,"5,001-10,000",15
CASH_IN,Legitimate,192,"50,001-100,000",158
CASH_IN,Legitimate,192,"500,001-1,000,000",11
CASH_IN,Legitimate,192,"501-1,000",1
CASH_OUT,Fraud,192,"1,000,001+",2
CASH_OUT,Fraud,192,"100,001-500,000",1
CASH_OUT,Fraud,192,"5,001-10,000",1
CASH_OUT,Fraud,192,"500,001-1,000,000",1
CASH_OUT,Legitimate,192,"1,001-5,000",8
CASH_OUT,Legitimate,192,"10,001-50,000",109
CASH_OUT,Legitimate,192,"100,001-500,000",403
CASH_OUT,Legitimate,192,"5,001-10,000",11
CASH_OUT,Legitimate,192,"50,001-100,000",136
CASH_OUT,Legitimate,192,"500,001-1,000,000",8
CASH_OUT,Legitimate,192,"501-1,000",2
DEBIT,Legitimate,192,0-100,2
DEBIT,Legitimate,192,"1,001-5,000",54
DEBIT,Legitimate,192,101-500,9
DEBIT,Legitimate,192,"5,001-10,000",19
DEBIT,Legitimate,192,"501-1,000",7
PAYMENT,Legitimate,192,0-100,21
PAYMENT,Legitimate,192,"1,001-5,000",875
PAYMENT,Legitimate,192,"10,001-50,000",468
PAYMENT,Legitimate,192,101-500,83
PAYMENT,Legitimate,192,"5,001-10,000",821
PAYMENT,Legitimate,192,"50,001-100,000",3
PAYMENT,Legitimate,192,"501-1,000",107
TRANSFER,Fraud,192,"1,000,001+",2
TRANSFER,Fraud,192,"100,001-500,000",1
TRANSFER,Fraud,192,"5,001-10,000",1
TRANSFER,Fraud,192,"500,001-1,000,000",1
TRANSFER,Legitimate,192,"1,000,001+",33
TRANSFER,Legitimate,192,"1,001-5,000",7
TRANSFER,Legitimate,192,"10,001-50,000",35
TRANSFER,Legitimate,192,"100,001-500,000",223
TRANSFER,Legitimate,192,"5,001-10,000",2
TRANSFER,Legitimate,192,"50,001-100,000",56
TRANSFER,Legitimate,192,"500,001-1,000,000",69
TRANSFER,Legitimate,192,"501-1,000",1
CASH_IN,Legitimate,193,"1,001-5,000",4
CASH_IN,Legitimate,193,"10,001-50,000",47
CASH_IN,Legitimate,193,"100,001-500,000",150
CASH_IN,Legitimate,193,"5,001-10,000",4
CASH_IN,Legitimate,193,"50,001-100,000",54
CASH_IN,Legitimate,193,"500,001-1,000,000",5
CASH_OUT,Fraud,193,"100,001-500,000",3
CASH_OUT,Fraud,193,"500,001-1,000,000",1
CASH_OUT,Legitimate,193,"1,001-5,000",5
CASH_OUT,Legitimate,193,"10,001-50,000",27
CASH_OUT,Legitimate,193,"100,001-500,000",121
CASH_OUT,Legitimate,193,"5,001-10,000",3
CASH_OUT,Legitimate,193,"50,001-100,000",31
CASH_OUT,Legitimate,193,"500,001-1,000,000",3
DEBIT,Legitimate,193,"1,001-5,000",28
DEBIT,Legitimate,193,"10,001-50,000",9
DEBIT,Legitimate,193,101-500,4
DEBIT,Legitimate,193,"5,001-10,000",21
DEBIT,Legitimate,193,"501-1,000",2
PAYMENT,Legitimate,193,0-100,1
PAYMENT,Legitimate,193,"1,001-5,000",150
PAYMENT,Legitimate,193,"10,001-50,000",391
PAYMENT,Legitimate,193,"100,001-500,000",31
PAYMENT,Legitimate,193,101-500,5
PAYMENT,Legitimate,193,"5,001-10,000",128
PAYMENT,Legitimate,193,"50,001-100,000",167
PAYMENT,Legitimate,193,"501-1,000",28
TRANSFER,Fraud,193,"100,001-500,000",3
TRANSFER,Fraud,193,"500,001-1,000,000",1
TRANSFER,Legitimate,193,"1,000,001+",10
TRANSFER,Legitimate,193,"1,001-5,000",2
TRANSFER,Legitimate,193,"10,001-50,000",9
TRANSFER,Legitimate,193,"100,001-500,000",45
TRANSFER,Legitimate,193,"5,001-10,000",3
TRANSFER,Legitimate,193,"50,001-100,000",2
TRANSFER,Legitimate,193,"500,001-1,000,000",13
CASH_IN,Legitimate,194,"1,001-5,000",6
CASH_IN,Legitimate,194,"10,001-50,000",35
CASH_IN,Legitimate,194,"100,001-500,000",94
CASH_IN,Legitimate,194,"5,001-10,000",1
CASH_IN,Legitimate,194,"50,001-100,000",29
CASH_IN,Legitimate,194,"500,001-1,000,000",3
CASH_OUT,Fraud,194,"1,000,001+",2
CASH_OUT,Fraud,194,"10,001-50,000",1
CASH_OUT,Fraud,194,"100,001-500,000",1
CASH_OUT,Fraud,194,"500,001-1,000,000",2
CASH_OUT,Legitimate,194,"10,001-50,000",16
CASH_OUT,Legitimate,194,"100,001-500,000",50
CASH_OUT,Legitimate,194,"50,001-100,000",11
DEBIT,Legitimate,194,0-100,1
DEBIT,Legitimate,194,"1,001-5,000",20
DEBIT,Legitimate,194,101-500,5
DEBIT,Legitimate,194,"5,001-10,000",6
DEBIT,Legitimate,194,"501-1,000",3
PAYMENT,Legitimate,194,0-100,4
PAYMENT,Legitimate,194,"1,001-5,000",153
PAYMENT,Legitimate,194,"10,001-50,000",56
PAYMENT,Legitimate,194,101-500,15
PAYMENT,Legitimate,194,"5,001-10,000",107
PAYMENT,Legitimate,194,"50,001-100,000",1
PAYMENT,Legitimate,194,"501-1,000",16
TRANSFER,Fraud,194,"1,000,001+",2
TRANSFER,Fraud,194,"10,001-50,000",1
TRANSFER,Fraud,194,"100,001-500,000",1
TRANSFER,Fraud,194,"500,001-1,000,000",2
TRANSFER,Legitimate,194,"1,000,001+",3
TRANSFER,Legitimate,194,"10,001-50,000",7
TRANSFER,Legitimate,194,"100,001-500,000",9
TRANSFER,Legitimate,194,"5,001-10,000",1
TRANSFER,Legitimate,194,"50,001-100,000",7
CASH_IN,Legitimate,195,"10,001-50,000",3
CASH_IN,Legitimate,195,"100,001-500,000",20
CASH_IN,Legitimate,195,"5,001-10,000",2
CASH_IN,Legitimate,195,"50,001-100,000",3
CASH_OUT,Fraud,195,"1,000,001+",1
CASH_OUT,Fraud,195,"100,001-500,000",1
CASH_OUT,Fraud,195,"50,001-100,000",1
CASH_OUT,Fraud,195,"500,001-1,000,000",2
CASH_OUT,Legitimate,195,"10,001-50,000",3
CASH_OUT,Legitimate,195,"100,001-500,000",15
CASH_OUT,Legitimate,195,"5,001-10,000",1
CASH_OUT,Legitimate,195,"50,001-100,000",10
CASH_OUT,Legitimate,195,"500,001-1,000,000",1
DEBIT,Legitimate,195,"1,001-5,000",4
DEBIT,Legitimate,195,101-500,1
PAYMENT,Legitimate,195,"1,001-5,000",21
PAYMENT,Legitimate,195,"10,001-50,000",14
PAYMENT,Legitimate,195,101-500,2
PAYMENT,Legitimate,195,"5,001-10,000",19
PAYMENT,Legitimate,195,"501-1,000",2
TRANSFER,Fraud,195,"1,000,001+",1
TRANSFER,Fraud,195,"100,001-500,000",1
TRANSFER,Fraud,195,"50,001-100,000",1
TRANSFER,Fraud,195,"500,001-1,000,000",2
TRANSFER,Legitimate,195,"1,000,001+",1
TRANSFER,Legitimate,195,"100,001-500,000",8
TRANSFER,Legitimate,195,"500,001-1,000,000",1
CASH_OUT,Fraud,196,"1,000,001+",1
CASH_OUT,Fraud,196,"100,001-500,000",2
CASH_OUT,Fraud,196,"500,001-1,000,000",1
TRANSFER,Fraud,196,"1,000,001+",1
TRANSFER,Fraud,196,"100,001-500,000",2
TRANSFER,Fraud,196,"500,001-1,000,000",1
CASH_OUT,Fraud,197,"1,000,001+",1
CASH_OUT,Fraud,197,"100,001-500,000",1
TRANSFER,Fraud,197,"1,000,001+",1
TRANSFER,Fraud,197,"100,001-500,000",1
CASH_OUT,Fraud,198,"1,000,001+",4
CASH_OUT,Fraud,198,"10,001-50,000",1
CASH_OUT,Fraud,198,"100,001-500,000",1
TRANSFER,Fraud,198,"1,000,001+",4
TRANSFER,Fraud,198,"10,001-50,000",1
TRANSFER,Fraud,198,"100,001-500,000",1
CASH_OUT,Fraud,199,"1,000,001+",1
CASH_OUT,Fraud,199,"100,001-500,000",2
CASH_OUT,Fraud,199,"50,001-100,000",1
CASH_OUT,Fraud,199,"500,001-1,000,000",1
TRANSFER,Fraud,199,"1,000,001+",1
TRANSFER,Fraud,199,"100,001-500,000",2
TRANSFER,Fraud,199,"50,001-100,000",1
TRANSFER,Fraud,199,"500,001-1,000,000",1
CASH_OUT,Fraud,200,"1,000,001+",2
CASH_OUT,Fraud,200,"100,001-500,000",1
CASH_OUT,Fraud,200,"50,001-100,000",1
TRANSFER,Fraud,200,"1,000,001+",2
TRANSFER,Fraud,200,"100,001-500,000",1
TRANSFER,Fraud,200,"50,001-100,000",1
CASH_IN,Legitimate,201,0-100,1
CASH_IN,Legitimate,201,"1,000,001+",1
CASH_IN,Legitimate,201,"1,001-5,000",51
CASH_IN,Legitimate,201,"10,001-50,000",553
CASH_IN,Legitimate,201,"100,001-500,000",2251
CASH_IN,Legitimate,201,101-500,8
CASH_IN,Legitimate,201,"5,001-10,000",57
CASH_IN,Legitimate,201,"50,001-100,000",747
CASH_IN,Legitimate,201,"500,001-1,000,000",50
CASH_IN,Legitimate,201,"501-1,000",6
CASH_OUT,Fraud,201,"1,000,001+",1
CASH_OUT,Fraud,201,"10,001-50,000",1
CASH_OUT,Fraud,201,"500,001-1,000,000",2
CASH_OUT,Legitimate,201,0-100,1
CASH_OUT,Legitimate,201,"1,000,001+",3
CASH_OUT,Legitimate,201,"1,001-5,000",72
CASH_OUT,Legitimate,201,"10,001-50,000",772
CASH_OUT,Legitimate,201,"100,001-500,000",3640
CASH_OUT,Legitimate,201,101-500,9
CASH_OUT,Legitimate,201,"5,001-10,000",101
CASH_OUT,Legitimate,201,"50,001-100,000",982
CASH_OUT,Legitimate,201,"500,001-1,000,000",100
CASH_OUT,Legitimate,201,"501-1,000",9
DEBIT,Legitimate,201,0-100,2
DEBIT,Legitimate,201,"1,001-5,000",31
DEBIT,Legitimate,201,"10,001-50,000",9
DEBIT,Legitimate,201,101-500,2
DEBIT,Legitimate,201,"5,001-10,000",13
DEBIT,Legitimate,201,"501-1,000",4
PAYMENT,Legitimate,201,0-100,49
PAYMENT,Legitimate,201,"1,001-5,000",2511
PAYMENT,Legitimate,201,"10,001-50,000",1525
PAYMENT,Legitimate,201,"100,001-500,000",1
PAYMENT,Legitimate,201,101-500,286
PAYMENT,Legitimate,201,"5,001-10,000",2146
PAYMENT,Legitimate,201,"50,001-100,000",35
PAYMENT,Legitimate,201,"501-1,000",315
TRANSFER,Fraud,201,"1,000,001+",1
TRANSFER,Fraud,201,"10,001-50,000",1
TRANSFER,Fraud,201,"500,001-1,000,000",2
TRANSFER,Legitimate,201,"1,000,001+",169
TRANSFER,Legitimate,201,"1,001-5,000",8
TRANSFER,Legitimate,201,"10,001-50,000",79
TRANSFER,Legitimate,201,"100,001-500,000",777
TRANSFER,Legitimate,201,101-500,1
TRANSFER,Legitimate,201,"5,001-10,000",10
TRANSFER,Legitimate,201,"50,001-100,000",90
TRANSFER,Legitimate,201,"500,001-1,000,000",476
TRANSFER,Legitimate,201,"501-1,000",2
CASH_IN,Legitimate,202,0-100,2
CASH_IN,Legitimate,202,"1,001-5,000",110
CASH_IN,Legitimate,202,"10,001-50,000",1086
CASH_IN,Legitimate,202,"100,001-500,000",4637
CASH_IN,Legitimate,202,101-500,11
CASH_IN,Legitimate,202,"5,001-10,000",112
CASH_IN,Legitimate,202,"50,001-100,000",1356
CASH_IN,Legitimate,202,"500,001-1,000,000",94
CASH_IN,Legitimate,202,"501-1,000",15
CASH_OUT,Fraud,202,"1,000,001+",1
CASH_OUT,Legitimate,202,0-100,3
CASH_OUT,Legitimate,202,"1,000,001+",1
CASH_OUT,Legitimate,202,"1,001-5,000",125
CASH_OUT,Legitimate,202,"10,001-50,000",1518
CASH_OUT,Legitimate,202,"100,001-500,000",7282
CASH_OUT,Legitimate,202,101-500,17
CASH_OUT,Legitimate,202,"5,001-10,000",190
CASH_OUT,Legitimate,202,"50,001-100,000",2030
CASH_OUT,Legitimate,202,"500,001-1,000,000",224
CASH_OUT,Legitimate,202,"501-1,000",19
DEBIT,Legitimate,202,0-100,1
DEBIT,Legitimate,202,"1,001-5,000",56
DEBIT,Legitimate,202,"10,001-50,000",3
DEBIT,Legitimate,202,101-500,7
DEBIT,Legitimate,202,"5,001-10,000",14
DEBIT,Legitimate,202,"501-1,000",13
PAYMENT,Legitimate,202,0-100,79
PAYMENT,Legitimate,202,"1,001-5,000",3176
PAYMENT,Legitimate,202,"10,001-50,000",3223
PAYMENT,Legitimate,202,"100,001-500,000",2
PAYMENT,Legitimate,202,101-500,310
PAYMENT,Legitimate,202,"5,001-10,000",3116
PAYMENT,Legitimate,202,"50,001-100,000",58
PAYMENT,Legitimate,202,"501-1,000",427
TRANSFER,Fraud,202,"1,000,001+",1
TRANSFER,Legitimate,202,"1,000,001+",308
TRANSFER,Legitimate,202,"1,001-5,000",15
TRANSFER,Legitimate,202,"10,001-50,000",142
TRANSFER,Legitimate,202,"100,001-500,000",1256
TRANSFER,Legitimate,202,"5,001-10,000",12
TRANSFER,Legitimate,202,"50,001-100,000",180
TRANSFER,Legitimate,202,"500,001-1,000,000",714
TRANSFER,Legitimate,202,"501-1,000",3
CASH_IN,Legitimate,203,0-100,2
CASH_IN,Legitimate,203,"1,000,001+",2
CASH_IN,Legitimate,203,"1,001-5,000",117
CASH_IN,Legitimate,203,"10,001-50,000",1161
CASH_IN,Legitimate,203,"100,001-500,000",5079
CASH_IN,Legitimate,203,101-500,11
CASH_IN,Legitimate,203,"5,001-10,000",171
CASH_IN,Legitimate,203,"50,001-100,000",1487
CASH_IN,Legitimate,203,"500,001-1,000,000",103
CASH_IN,Legitimate,203,"501-1,000",9
CASH_OUT,Fraud,203,"1,000,001+",2
CASH_OUT,Fraud,203,"10,001-50,000",1
CASH_OUT,Fraud,203,"100,001-500,000",1
CASH_OUT,Legitimate,203,0-100,4
CASH_OUT,Legitimate,203,"1,000,001+",5
CASH_OUT,Legitimate,203,"1,001-5,000",182
CASH_OUT,Legitimate,203,"10,001-50,000",1865
CASH_OUT,Legitimate,203,"100,001-500,000",8472
CASH_OUT,Legitimate,203,101-500,15
CASH_OUT,Legitimate,203,"5,001-10,000",197
CASH_OUT,Legitimate,203,"50,001-100,000",2270
CASH_OUT,Legitimate,203,"500,001-1,000,000",278
CASH_OUT,Legitimate,203,"501-1,000",23
DEBIT,Legitimate,203,0-100,1
DEBIT,Legitimate,203,"1,001-5,000",72
DEBIT,Legitimate,203,"10,001-50,000",18
DEBIT,Legitimate,203,101-500,11
DEBIT,Legitimate,203,"5,001-10,000",27
DEBIT,Legitimate,203,"501-1,000",9
PAYMENT,Legitimate,203,0-100,84
PAYMENT,Legitimate,203,"1,001-5,000",3005
PAYMENT,Legitimate,203,"10,001-50,000",4568
PAYMENT,Legitimate,203,"100,001-500,000",2
PAYMENT,Legitimate,203,101-500,315
PAYMENT,Legitimate,203,"5,001-10,000",3196
PAYMENT,Legitimate,203,"50,001-100,000",71
PAYMENT,Legitimate,203,"501-1,000",386
TRANSFER,Fraud,203,"1,000,001+",2
TRANSFER,Fraud,203,"10,001-50,000",1
TRANSFER,Fraud,203,"100,001-500,000",1
TRANSFER,Legitimate,203,0-100,1
TRANSFER,Legitimate,203,"1,000,001+",310
TRANSFER,Legitimate,203,"1,001-5,000",18
TRANSFER,Legitimate,203,"10,001-50,000",161
TRANSFER,Legitimate,203,"100,001-500,000",1434
TRANSFER,Legitimate,203,101-500,1
TRANSFER,Legitimate,203,"5,001-10,000",23
TRANSFER,Legitimate,203,"50,001-100,000",210
TRANSFER,Legitimate,203,"500,001-1,000,000",791
TRANSFER,Legitimate,203,"501-1,000",1
CASH_IN,Legitimate,204,0-100,5
CASH_IN,Legitimate,204,"1,000,001+",1
CASH_IN,Legitimate,204,"1,001-5,000",110
CASH_IN,Legitimate,204,"10,001-50,000",1183
CASH_IN,Legitimate,204,"100,001-500,000",5185
CASH_IN,Legitimate,204,101-500,11
CASH_IN,Legitimate,204,"5,001-10,000",154
CASH_IN,Legitimate,204,"50,001-100,000",1569
CASH_IN,Legitimate,204,"500,001-1,000,000",82
CASH_IN,Legitimate,204,"501-1,000",19
CASH_OUT,Fraud,204,"1,000,001+",1
CASH_OUT,Fraud,204,"50,001-100,000",2
CASH_OUT,Legitimate,204,0-100,4
CASH_OUT,Legitimate,204,"1,000,001+",5
CASH_OUT,Legitimate,204,"1,001-5,000",166
CASH_OUT,Legitimate,204,"10,001-50,000",1879
CASH_OUT,Legitimate,204,"100,001-500,000",8757
CASH_OUT,Legitimate,204,101-500,25
CASH_OUT,Legitimate,204,"5,001-10,000",237
CASH_OUT,Legitimate,204,"50,001-100,000",2466
CASH_OUT,Legitimate,204,"500,001-1,000,000",200
CASH_OUT,Legitimate,204,"501-1,000",22
DEBIT,Legitimate,204,0-100,5
DEBIT,Legitimate,204,"1,001-5,000",85
DEBIT,Legitimate,204,"10,001-50,000",5
DEBIT,Legitimate,204,101-500,7
DEBIT,Legitimate,204,"5,001-10,000",46
DEBIT,Legitimate,204,"501-1,000",14
PAYMENT,Legitimate,204,0-100,96
PAYMENT,Legitimate,204,"1,001-5,000",3236
PAYMENT,Legitimate,204,"10,001-50,000",4176
PAYMENT,Legitimate,204,"100,001-500,000",1
PAYMENT,Legitimate,204,101-500,349
PAYMENT,Legitimate,204,"5,001-10,000",3284
PAYMENT,Legitimate,204,"50,001-100,000",94
PAYMENT,Legitimate,204,"501-1,000",385
TRANSFER,Fraud,204,"1,000,001+",1
TRANSFER,Fraud,204,"50,001-100,000",2
TRANSFER,Legitimate,204,0-100,1
TRANSFER,Legitimate,204,"1,000,001+",371
TRANSFER,Legitimate,204,"1,001-5,000",19
TRANSFER,Legitimate,204,"10,001-50,000",184
TRANSFER,Legitimate,204,"100,001-500,000",1485
TRANSFER,Legitimate,204,"5,001-10,000",27
TRANSFER,Legitimate,204,"50,001-100,000",224
TRANSFER,Legitimate,204,"500,001-1,000,000",674
TRANSFER,Legitimate,204,"501-1,000",2
CASH_IN,Legitimate,205,0-100,5
CASH_IN,Legitimate,205,"1,000,001+",1
CASH_IN,Legitimate,205,"1,001-5,000",107
CASH_IN,Legitimate,205,"10,001-50,000",1068
CASH_IN,Legitimate,205,"100,001-500,000",4605
CASH_IN,Legitimate,205,101-500,15
CASH_IN,Legitimate,205,"5,001-10,000",119
CASH_IN,Legitimate,205,"50,001-100,000",1401
CASH_IN,Legitimate,205,"500,001-1,000,000",83
CASH_IN,Legitimate,205,"501-1,000",7
CASH_OUT,Fraud,205,"100,001-500,000",5
CASH_OUT,Fraud,205,"50,001-100,000",1
CASH_OUT,Fraud,205,"500,001-1,000,000",2
CASH_OUT,Legitimate,205,0-100,1
CASH_OUT,Legitimate,205,"1,000,001+",3
CASH_OUT,Legitimate,205,"1,001-5,000",183
CASH_OUT,Legitimate,205,"10,001-50,000",1716
CASH_OUT,Legitimate,205,"100,001-500,000",7911
CASH_OUT,Legitimate,205,101-500,15
CASH_OUT,Legitimate,205,"5,001-10,000",210
CASH_OUT,Legitimate,205,"50,001-100,000",2301
CASH_OUT,Legitimate,205,"500,001-1,000,000",190
CASH_OUT,Legitimate,205,"501-1,000",26
DEBIT,Legitimate,205,0-100,3
DEBIT,Legitimate,205,"1,001-5,000",95
DEBIT,Legitimate,205,"10,001-50,000",4
DEBIT,Legitimate,205,101-500,4
DEBIT,Legitimate,205,"5,001-10,000",29
DEBIT,Legitimate,205,"501-1,000",18
PAYMENT,Legitimate,205,0-100,60
PAYMENT,Legitimate,205,"1,001-5,000",2738
PAYMENT,Legitimate,205,"10,001-50,000",4069
PAYMENT,Legitimate,205,"100,001-500,000",5
PAYMENT,Legitimate,205,101-500,269
PAYMENT,Legitimate,205,"5,001-10,000",2995
PAYMENT,Legitimate,205,"50,001-100,000",98
PAYMENT,Legitimate,205,"501-1,000",338
TRANSFER,Fraud,205,"100,001-500,000",5
TRANSFER,Fraud,205,"50,001-100,000",1
TRANSFER,Fraud,205,"500,001-1,000,000",2
TRANSFER,Legitimate,205,0-100,1
TRANSFER,Legitimate,205,"1,000,001+",642
TRANSFER,Legitimate,205,"1,001-5,000",8
TRANSFER,Legitimate,205,"10,001-50,000",100
TRANSFER,Legitimate,205,"100,001-500,000",1184
TRANSFER,Legitimate,205,"5,001-10,000",19
TRANSFER,Legitimate,205,"50,001-100,000",149
TRANSFER,Legitimate,205,"500,001-1,000,000",738
CASH_IN,Legitimate,206,0-100,6
CASH_IN,Legitimate,206,"1,001-5,000",96
CASH_IN,Legitimate,206,"10,001-50,000",922
CASH_IN,Legitimate,206,"100,001-500,000",3967
CASH_IN,Legitimate,206,101-500,9
CASH_IN,Legitimate,206,"5,001-10,000",93
CASH_IN,Legitimate,206,"50,001-100,000",1173
CASH_IN,Legitimate,206,"500,001-1,000,000",98
CASH_IN,Legitimate,206,"501-1,000",8
CASH_OUT,Fraud,206,"1,000,001+",1
CASH_OUT,Fraud,206,"10,001-50,000",1
CASH_OUT,Fraud,206,"100,001-500,000",2
CASH_OUT,Fraud,206,"500,001-1,000,000",2
CASH_OUT,Legitimate,206,0-100,3
CASH_OUT,Legitimate,206,"1,000,001+",2
CASH_OUT,Legitimate,206,"1,001-5,000",148
CASH_OUT,Legitimate,206,"10,001-50,000",1524
CASH_OUT,Legitimate,206,"100,001-500,000",6902
CASH_OUT,Legitimate,206,101-500,14
CASH_OUT,Legitimate,206,"5,001-10,000",193
CASH_OUT,Legitimate,206,"50,001-100,000",1972
CASH_OUT,Legitimate,206,"500,001-1,000,000",146
CASH_OUT,Legitimate,206,"501-1,000",26
DEBIT,Legitimate,206,0-100,2
DEBIT,Legitimate,206,"1,001-5,000",80
DEBIT,Legitimate,206,"10,001-50,000",2
DEBIT,Legitimate,206,101-500,5
DEBIT,Legitimate,206,"5,001-10,000",30
DEBIT,Legitimate,206,"501-1,000",14
PAYMENT,Legitimate,206,0-100,59
PAYMENT,Legitimate,206,"1,001-5,000",2524
PAYMENT,Legitimate,206,"10,001-50,000",3781
PAYMENT,Legitimate,206,101-500,273
PAYMENT,Legitimate,206,"5,001-10,000",2657
PAYMENT,Legitimate,206,"50,001-100,000",87
PAYMENT,Legitimate,206,"501-1,000",384
TRANSFER,Fraud,206,"1,000,001+",1
TRANSFER,Fraud,206,"10,001-50,000",1
TRANSFER,Fraud,206,"100,001-500,000",2
TRANSFER,Fraud,206,"500,001-1,000,000",2
TRANSFER,Legitimate,206,"1,000,001+",236
TRANSFER,Legitimate,206,"1,001-5,000",26
TRANSFER,Legitimate,206,"10,001-50,000",142
TRANSFER,Legitimate,206,"100,001-500,000",1311
TRANSFER,Legitimate,206,101-500,3
TRANSFER,Legitimate,206,"5,001-10,000",13
TRANSFER,Legitimate,206,"50,001-100,000",190
TRANSFER,Legitimate,206,"500,001-1,000,000",644
CASH_IN,Legitimate,207,0-100,2
CASH_IN,Legitimate,207,"1,001-5,000",90
CASH_IN,Legitimate,207,"10,001-50,000",886
CASH_IN,Legitimate,207,"100,001-500,000",3925
CASH_IN,Legitimate,207,101-500,17
CASH_IN,Legitimate,207,"5,001-10,000",114
CASH_IN,Legitimate,207,"50,001-100,000",1121
CASH_IN,Legitimate,207,"500,001-1,000,000",93
CASH_IN,Legitimate,207,"501-1,000",12
CASH_OUT,Fraud,207,"10,001-50,000",1
CASH_OUT,Fraud,207,"100,001-500,000",1
CASH_OUT,Fraud,207,"500,001-1,000,000",1
CASH_OUT,Legitimate,207,0-100,1
CASH_OUT,Legitimate,207,"1,000,001+",7
CASH_OUT,Legitimate,207,"1,001-5,000",144
CASH_OUT,Legitimate,207,"10,001-50,000",1532
CASH_OUT,Legitimate,207,"100,001-500,000",6421
CASH_OUT,Legitimate,207,101-500,13
CASH_OUT,Legitimate,207,"5,001-10,000",173
CASH_OUT,Legitimate,207,"50,001-100,000",1831
CASH_OUT,Legitimate,207,"500,001-1,000,000",147
CASH_OUT,Legitimate,207,"501-1,000",21
DEBIT,Legitimate,207,0-100,2
DEBIT,Legitimate,207,"1,001-5,000",72
DEBIT,Legitimate,207,"10,001-50,000",7
DEBIT,Legitimate,207,101-500,6
DEBIT,Legitimate,207,"5,001-10,000",40
DEBIT,Legitimate,207,"501-1,000",9
PAYMENT,Legitimate,207,0-100,58
PAYMENT,Legitimate,207,"1,001-5,000",2295
PAYMENT,Legitimate,207,"10,001-50,000",3712
PAYMENT,Legitimate,207,"100,001-500,000",2
PAYMENT,Legitimate,207,101-500,206
PAYMENT,Legitimate,207,"5,001-10,000",2503
PAYMENT,Legitimate,207,"50,001-100,000",98
PAYMENT,Legitimate,207,"501-1,000",279
TRANSFER,Fraud,207,"10,001-50,000",1
TRANSFER,Fraud,207,"100,001-500,000",1
TRANSFER,Fraud,207,"500,001-1,000,000",1
TRANSFER,Legitimate,207,"1,000,001+",261
TRANSFER,Legitimate,207,"1,001-5,000",17
TRANSFER,Legitimate,207,"10,001-50,000",133
TRANSFER,Legitimate,207,"100,001-500,000",1144
TRANSFER,Legitimate,207,101-500,1
TRANSFER,Legitimate,207,"5,001-10,000",22
TRANSFER,Legitimate,207,"50,001-100,000",179
TRANSFER,Legitimate,207,"500,001-1,000,000",686
CASH_IN,Legitimate,208,0-100,1
CASH_IN,Legitimate,208,"1,000,001+",2
CASH_IN,Legitimate,208,"1,001-5,000",86
CASH_IN,Legitimate,208,"10,001-50,000",864
CASH_IN,Legitimate,208,"100,001-500,000",3845
CASH_IN,Legitimate,208,101-500,10
CASH_IN,Legitimate,208,"5,001-10,000",102
CASH_IN,Legitimate,208,"50,001-100,000",1156
CASH_IN,Legitimate,208,"500,001-1,000,000",104
CASH_IN,Legitimate,208,"501-1,000",11
CASH_OUT,Fraud,208,"1,000,001+",3
CASH_OUT,Fraud,208,"10,001-50,000",1
CASH_OUT,Fraud,208,"100,001-500,000",5
CASH_OUT,Fraud,208,"50,001-100,000",1
CASH_OUT,Fraud,208,"500,001-1,000,000",1
CASH_OUT,Legitimate,208,0-100,4
CASH_OUT,Legitimate,208,"1,000,001+",1
CASH_OUT,Legitimate,208,"1,001-5,000",145
CASH_OUT,Legitimate,208,"10,001-50,000",1448
CASH_OUT,Legitimate,208,"100,001-500,000",6594
CASH_OUT,Legitimate,208,101-500,7
CASH_OUT,Legitimate,208,"5,001-10,000",186
CASH_OUT,Legitimate,208,"50,001-100,000",1900
CASH_OUT,Legitimate,208,"500,001-1,000,000",156
CASH_OUT,Legitimate,208,"501-1,000",18
DEBIT,Legitimate,208,0-100,3
DEBIT,Legitimate,208,"1,001-5,000",92
DEBIT,Legitimate,208,"10,001-50,000",1
DEBIT,Legitimate,208,101-500,8
DEBIT,Legitimate,208,"5,001-10,000",35
DEBIT,Legitimate,208,"501-1,000",9
PAYMENT,Legitimate,208,0-100,79
PAYMENT,Legitimate,208,"1,001-5,000",2765
PAYMENT,Legitimate,208,"10,001-50,000",3382
PAYMENT,Legitimate,208,101-500,279
PAYMENT,Legitimate,208,"5,001-10,000",2816
PAYMENT,Legitimate,208,"50,001-100,000",121
PAYMENT,Legitimate,208,"501-1,000",347
TRANSFER,Fraud,208,"1,000,001+",3
TRANSFER,Fraud,208,"10,001-50,000",1
TRANSFER,Fraud,208,"100,001-500,000",4
TRANSFER,Fraud,208,"50,001-100,000",1
TRANSFER,Fraud,208,"500,001-1,000,000",1
TRANSFER,Legitimate,208,"1,000,001+",245
TRANSFER,Legitimate,208,"1,001-5,000",11
TRANSFER,Legitimate,208,"10,001-50,000",142
TRANSFER,Legitimate,208,"100,001-500,000",1235
TRANSFER,Legitimate,208,"5,001-10,000",26
TRANSFER,Legitimate,208,"50,001-100,000",174
TRANSFER,Legitimate,208,"500,001-1,000,000",624
TRANSFER,Legitimate,208,"501-1,000",3
CASH_IN,Legitimate,209,"1,000,001+",1
CASH_IN,Legitimate,209,"1,001-5,000",88
CASH_IN,Legitimate,209,"10,001-50,000",952
CASH_IN,Legitimate,209,"100,001-500,000",3940
CASH_IN,Legitimate,209,101-500,9
CASH_IN,Legitimate,209,"5,001-10,000",119
CASH_IN,Legitimate,209,"50,001-100,000",1202
CASH_IN,Legitimate,209,"500,001-1,000,000",80
CASH_IN,Legitimate,209,"501-1,000",11
CASH_OUT,Fraud,209,"1,000,001+",2
CASH_OUT,Fraud,209,"100,001-500,000",1
CASH_OUT,Legitimate,209,0-100,1
CASH_OUT,Legitimate,209,"1,000,001+",5
CASH_OUT,Legitimate,209,"1,001-5,000",166
CASH_OUT,Legitimate,209,"10,001-50,000",1664
CASH_OUT,Legitimate,209,"100,001-500,000",7097
CASH_OUT,Legitimate,209,101-500,12
CASH_OUT,Legitimate,209,"5,001-10,000",177
CASH_OUT,Legitimate,209,"50,001-100,000",2079
CASH_OUT,Legitimate,209,"500,001-1,000,000",125
CASH_OUT,Legitimate,209,"501-1,000",16
DEBIT,Legitimate,209,0-100,2
DEBIT,Legitimate,209,"1,001-5,000",101
DEBIT,Legitimate,209,"10,001-50,000",2
DEBIT,Legitimate,209,101-500,15
DEBIT,Legitimate,209,"5,001-10,000",38
DEBIT,Legitimate,209,"501-1,000",19
PAYMENT,Legitimate,209,0-100,71
PAYMENT,Legitimate,209,"1,001-5,000",3072
PAYMENT,Legitimate,209,"10,001-50,000",2991
PAYMENT,Legitimate,209,101-500,317
PAYMENT,Legitimate,209,"5,001-10,000",2988
PAYMENT,Legitimate,209,"50,001-100,000",129
PAYMENT,Legitimate,209,"501-1,000",377
TRANSFER,Fraud,209,"1,000,001+",2
TRANSFER,Fraud,209,"100,001-500,000",1
TRANSFER,Legitimate,209,"1,000,001+",238
TRANSFER,Legitimate,209,"1,001-5,000",15
TRANSFER,Legitimate,209,"10,001-50,000",163
TRANSFER,Legitimate,209,"100,001-500,000",1296
TRANSFER,Legitimate,209,"5,001-10,000",16
TRANSFER,Legitimate,209,"50,001-100,000",203
TRANSFER,Legitimate,209,"500,001-1,000,000",565
TRANSFER,Legitimate,209,"501-1,000",4
CASH_IN,Legitimate,210,0-100,3
CASH_IN,Legitimate,210,"1,000,001+",3
CASH_IN,Legitimate,210,"1,001-5,000",98
CASH_IN,Legitimate,210,"10,001-50,000",1038
CASH_IN,Legitimate,210,"100,001-500,000",4230
CASH_IN,Legitimate,210,101-500,12
CASH_IN,Legitimate,210,"5,001-10,000",123
CASH_IN,Legitimate,210,"50,001-100,000",1267
CASH_IN,Legitimate,210,"500,001-1,000,000",84
CASH_IN,Legitimate,210,"501-1,000",16
CASH_OUT,Fraud,210,"1,000,001+",2
CASH_OUT,Fraud,210,"10,001-50,000",1
CASH_OUT,Fraud,210,"50,001-100,000",1
CASH_OUT,Legitimate,210,0-100,1
CASH_OUT,Legitimate,210,"1,000,001+",6
CASH_OUT,Legitimate,210,"1,001-5,000",172
CASH_OUT,Legitimate,210,"10,001-50,000",1974
CASH_OUT,Legitimate,210,"100,001-500,000",7569
CASH_OUT,Legitimate,210,101-500,18
CASH_OUT,Legitimate,210,"5,001-10,000",220
CASH_OUT,Legitimate,210,"50,001-100,000",2555
CASH_OUT,Legitimate,210,"500,001-1,000,000",126
CASH_OUT,Legitimate,210,"501-1,000",23
DEBIT,Legitimate,210,"1,001-5,000",79
DEBIT,Legitimate,210,101-500,14
DEBIT,Legitimate,210,"5,001-10,000",14
DEBIT,Legitimate,210,"501-1,000",9
PAYMENT,Legitimate,210,0-100,84
PAYMENT,Legitimate,210,"1,001-5,000",3230
PAYMENT,Legitimate,210,"10,001-50,000",3424
PAYMENT,Legitimate,210,"100,001-500,000",1
PAYMENT,Legitimate,210,101-500,332
PAYMENT,Legitimate,210,"5,001-10,000",3257
PAYMENT,Legitimate,210,"50,001-100,000",149
PAYMENT,Legitimate,210,"501-1,000",418
TRANSFER,Fraud,210,"1,000,001+",2
TRANSFER,Fraud,210,"10,001-50,000",1
TRANSFER,Fraud,210,"50,001-100,000",1
TRANSFER,Legitimate,210,"1,000,001+",307
TRANSFER,Legitimate,210,"1,001-5,000",7
TRANSFER,Legitimate,210,"10,001-50,000",142
TRANSFER,Legitimate,210,"100,001-500,000",1184
TRANSFER,Legitimate,210,101-500,3
TRANSFER,Legitimate,210,"5,001-10,000",19
TRANSFER,Legitimate,210,"50,001-100,000",178
TRANSFER,Legitimate,210,"500,001-1,000,000",606
TRANSFER,Legitimate,210,"501-1,000",1
CASH_IN,Legitimate,211,0-100,3
CASH_IN,Legitimate,211,"1,000,001+",2
CASH_IN,Legitimate,211,"1,001-5,000",119
CASH_IN,Legitimate,211,"10,001-50,000",1272
CASH_IN,Legitimate,211,"100,001-500,000",4741
CASH_IN,Legitimate,211,101-500,13
CASH_IN,Legitimate,211,"5,001-10,000",130
CASH_IN,Legitimate,211,"50,001-100,000",1580
CASH_IN,Legitimate,211,"500,001-1,000,000",94
CASH_IN,Legitimate,211,"501-1,000",18
CASH_OUT,Fraud,211,"1,000,001+",3
CASH_OUT,Fraud,211,"100,001-500,000",2
CASH_OUT,Fraud,211,"50,001-100,000",2
CASH_OUT,Legitimate,211,0-100,8
CASH_OUT,Legitimate,211,"1,000,001+",3
CASH_OUT,Legitimate,211,"1,001-5,000",237
CASH_OUT,Legitimate,211,"10,001-50,000",2478
CASH_OUT,Legitimate,211,"100,001-500,000",7956
CASH_OUT,Legitimate,211,101-500,23
CASH_OUT,Legitimate,211,"5,001-10,000",276
CASH_OUT,Legitimate,211,"50,001-100,000",3141
CASH_OUT,Legitimate,211,"500,001-1,000,000",136
CASH_OUT,Legitimate,211,"501-1,000",23
DEBIT,Legitimate,211,0-100,2
DEBIT,Legitimate,211,"1,001-5,000",81
DEBIT,Legitimate,211,"10,001-50,000",5
DEBIT,Legitimate,211,101-500,13
DEBIT,Legitimate,211,"5,001-10,000",39
DEBIT,Legitimate,211,"501-1,000",12
PAYMENT,Legitimate,211,0-100,102
PAYMENT,Legitimate,211,"1,001-5,000",3606
PAYMENT,Legitimate,211,"10,001-50,000",3536
PAYMENT,Legitimate,211,"100,001-500,000",2
PAYMENT,Legitimate,211,101-500,382
PAYMENT,Legitimate,211,"5,001-10,000",3459
PAYMENT,Legitimate,211,"50,001-100,000",143
PAYMENT,Legitimate,211,"501-1,000",504
TRANSFER,Fraud,211,"1,000,001+",3
TRANSFER,Fraud,211,"100,001-500,000",2
TRANSFER,Fraud,211,"50,001-100,000",2
TRANSFER,Legitimate,211,"1,000,001+",355
TRANSFER,Legitimate,211,"1,001-5,000",15
TRANSFER,Legitimate,211,"10,001-50,000",168
TRANSFER,Legitimate,211,"100,001-500,000",1359
TRANSFER,Legitimate,211,101-500,4
TRANSFER,Legitimate,211,"5,001-10,000",18
TRANSFER,Legitimate,211,"50,001-100,000",197
TRANSFER,Legitimate,211,"500,001-1,000,000",618
TRANSFER,Legitimate,211,"501-1,000",2
CASH_IN,Legitimate,212,0-100,3
CASH_IN,Legitimate,212,"1,001-5,000",96
CASH_IN,Legitimate,212,"10,001-50,000",1193
CASH_IN,Legitimate,212,"100,001-500,000",3872
CASH_IN,Legitimate,212,101-500,7
CASH_IN,Legitimate,212,"5,001-10,000",137
CASH_IN,Legitimate,212,"50,001-100,000",1487
CASH_IN,Legitimate,212,"500,001-1,000,000",77
CASH_IN,Legitimate,212,"501-1,000",14
CASH_OUT,Fraud,212,0-100,1
CASH_OUT,Fraud,212,"1,000,001+",8
CASH_OUT,Fraud,212,"1,001-5,000",1
CASH_OUT,Fraud,212,"10,001-50,000",2
CASH_OUT,Fraud,212,"100,001-500,000",4
CASH_OUT,Fraud,212,"50,001-100,000",1
CASH_OUT,Fraud,212,"500,001-1,000,000",3
CASH_OUT,Legitimate,212,0-100,2
CASH_OUT,Legitimate,212,"1,000,001+",1
CASH_OUT,Legitimate,212,"1,001-5,000",185
CASH_OUT,Legitimate,212,"10,001-50,000",2107
CASH_OUT,Legitimate,212,"100,001-500,000",6666
CASH_OUT,Legitimate,212,101-500,24
CASH_OUT,Legitimate,212,"5,001-10,000",266
CASH_OUT,Legitimate,212,"50,001-100,000",2717
CASH_OUT,Legitimate,212,"500,001-1,000,000",119
CASH_OUT,Legitimate,212,"501-1,000",17
DEBIT,Legitimate,212,0-100,5
DEBIT,Legitimate,212,"1,001-5,000",119
DEBIT,Legitimate,212,"10,001-50,000",4
DEBIT,Legitimate,212,101-500,13
DEBIT,Legitimate,212,"5,001-10,000",24
DEBIT,Legitimate,212,"501-1,000",19
PAYMENT,Legitimate,212,0-100,111
PAYMENT,Legitimate,212,"1,001-5,000",3712
PAYMENT,Legitimate,212,"10,001-50,000",3894
PAYMENT,Legitimate,212,"100,001-500,000",1
PAYMENT,Legitimate,212,101-500,354
PAYMENT,Legitimate,212,"5,001-10,000",3618
PAYMENT,Legitimate,212,"50,001-100,000",156
PAYMENT,Legitimate,212,"501-1,000",458
TRANSFER,Fraud,212,"1,000,001+",9
TRANSFER,Fraud,212,"1,001-5,000",1
TRANSFER,Fraud,212,"10,001-50,000",2
TRANSFER,Fraud,212,"100,001-500,000",4
TRANSFER,Fraud,212,"50,001-100,000",1
TRANSFER,Fraud,212,"500,001-1,000,000",3
TRANSFER,Legitimate,212,"1,000,001+",441
TRANSFER,Legitimate,212,"1,001-5,000",14
TRANSFER,Legitimate,212,"10,001-50,000",121
TRANSFER,Legitimate,212,"100,001-500,000",1121
TRANSFER,Legitimate,212,"5,001-10,000",14
TRANSFER,Legitimate,212,"50,001-100,000",164
TRANSFER,Legitimate,212,"500,001-1,000,000",651
TRANSFER,Legitimate,212,"501-1,000",3
CASH_IN,Legitimate,213,0-100,2
CASH_IN,Legitimate,213,"1,001-5,000",53
CASH_IN,Legitimate,213,"10,001-50,000",523
CASH_IN,Legitimate,213,"100,001-500,000",1668
CASH_IN,Legitimate,213,101-500,6
CASH_IN,Legitimate,213,"5,001-10,000",65
CASH_IN,Legitimate,213,"50,001-100,000",615
CASH_IN,Legitimate,213,"500,001-1,000,000",43
CASH_IN,Legitimate,213,"501-1,000",5
CASH_OUT,Fraud,213,"1,000,001+",3
CASH_OUT,Fraud,213,"100,001-500,000",1
CASH_OUT,Legitimate,213,0-100,3
CASH_OUT,Legitimate,213,"1,000,001+",3
CASH_OUT,Legitimate,213,"1,001-5,000",72
CASH_OUT,Legitimate,213,"10,001-50,000",678
CASH_OUT,Legitimate,213,"100,001-500,000",2178
CASH_OUT,Legitimate,213,101-500,2
CASH_OUT,Legitimate,213,"5,001-10,000",82
CASH_OUT,Legitimate,213,"50,001-100,000",918
CASH_OUT,Legitimate,213,"500,001-1,000,000",56
CASH_OUT,Legitimate,213,"501-1,000",9
DEBIT,Legitimate,213,0-100,4
DEBIT,Legitimate,213,"1,001-5,000",67
DEBIT,Legitimate,213,"10,001-50,000",1
DEBIT,Legitimate,213,101-500,12
DEBIT,Legitimate,213,"5,001-10,000",12
DEBIT,Legitimate,213,"501-1,000",10
PAYMENT,Legitimate,213,0-100,47
PAYMENT,Legitimate,213,"1,001-5,000",1660
PAYMENT,Legitimate,213,"10,001-50,000",2607
PAYMENT,Legitimate,213,"100,001-500,000",4
PAYMENT,Legitimate,213,101-500,148
PAYMENT,Legitimate,213,"5,001-10,000",1654
PAYMENT,Legitimate,213,"50,001-100,000",187
PAYMENT,Legitimate,213,"501-1,000",221
TRANSFER,Fraud,213,"1,000,001+",3
TRANSFER,Fraud,213,"100,001-500,000",1
TRANSFER,Legitimate,213,"1,000,001+",249
TRANSFER,Legitimate,213,"1,001-5,000",4
TRANSFER,Legitimate,213,"10,001-50,000",61
TRANSFER,Legitimate,213,"100,001-500,000",484
TRANSFER,Legitimate,213,101-500,1
TRANSFER,Legitimate,213,"5,001-10,000",6
TRANSFER,Legitimate,213,"50,001-100,000",73
TRANSFER,Legitimate,213,"500,001-1,000,000",273
TRANSFER,Legitimate,213,"501-1,000",1
CASH_IN,Legitimate,214,"1,001-5,000",29
CASH_IN,Legitimate,214,"10,001-50,000",293
CASH_IN,Legitimate,214,"100,001-500,000",1172
CASH_IN,Legitimate,214,101-500,2
CASH_IN,Legitimate,214,"5,001-10,000",48
CASH_IN,Legitimate,214,"50,001-100,000",444
CASH_IN,Legitimate,214,"500,001-1,000,000",38
CASH_IN,Legitimate,214,"501-1,000",2
CASH_OUT,Fraud,214,"1,000,001+",3
CASH_OUT,Fraud,214,"10,001-50,000",1
CASH_OUT,Fraud,214,"100,001-500,000",2
CASH_OUT,Legitimate,214,0-100,1
CASH_OUT,Legitimate,214,"1,000,001+",1
CASH_OUT,Legitimate,214,"1,001-5,000",36
CASH_OUT,Legitimate,214,"10,001-50,000",327
CASH_OUT,Legitimate,214,"100,001-500,000",1324
CASH_OUT,Legitimate,214,101-500,4
CASH_OUT,Legitimate,214,"5,001-10,000",34
CASH_OUT,Legitimate,214,"50,001-100,000",467
CASH_OUT,Legitimate,214,"500,001-1,000,000",40
CASH_OUT,Legitimate,214,"501-1,000",4
DEBIT,Legitimate,214,0-100,2
DEBIT,Legitimate,214,"1,001-5,000",40
DEBIT,Legitimate,214,"10,001-50,000",15
DEBIT,Legitimate,214,101-500,2
DEBIT,Legitimate,214,"5,001-10,000",22
DEBIT,Legitimate,214,"501-1,000",2
PAYMENT,Legitimate,214,0-100,48
PAYMENT,Legitimate,214,"1,001-5,000",1508
PAYMENT,Legitimate,214,"10,001-50,000",1971
PAYMENT,Legitimate,214,"100,001-500,000",3
PAYMENT,Legitimate,214,101-500,143
PAYMENT,Legitimate,214,"5,001-10,000",1456
PAYMENT,Legitimate,214,"50,001-100,000",138
PAYMENT,Legitimate,214,"501-1,000",204
TRANSFER,Fraud,214,"1,000,001+",3
TRANSFER,Fraud,214,"10,001-50,000",1
TRANSFER,Fraud,214,"100,001-500,000",2
TRANSFER,Legitimate,214,"1,000,001+",205
TRANSFER,Legitimate,214,"1,001-5,000",7
TRANSFER,Legitimate,214,"10,001-50,000",60
TRANSFER,Legitimate,214,"100,001-500,000",410
TRANSFER,Legitimate,214,"5,001-10,000",10
TRANSFER,Legitimate,214,"50,001-100,000",60
TRANSFER,Legitimate,214,"500,001-1,000,000",161
TRANSFER,Legitimate,214,"501-1,000",1
CASH_IN,Legitimate,215,"1,000,001+",2
CASH_IN,Legitimate,215,"1,001-5,000",17
CASH_IN,Legitimate,215,"10,001-50,000",209
CASH_IN,Legitimate,215,"100,001-500,000",803
CASH_IN,Legitimate,215,101-500,2
CASH_IN,Legitimate,215,"5,001-10,000",19
CASH_IN,Legitimate,215,"50,001-100,000",275
CASH_IN,Legitimate,215,"500,001-1,000,000",22
CASH_IN,Legitimate,215,"501-1,000",3
CASH_OUT,Fraud,215,"1,000,001+",2
CASH_OUT,Fraud,215,"10,001-50,000",1
CASH_OUT,Fraud,215,"100,001-500,000",2
CASH_OUT,Legitimate,215,"1,000,001+",1
CASH_OUT,Legitimate,215,"1,001-5,000",28
CASH_OUT,Legitimate,215,"10,001-50,000",214
CASH_OUT,Legitimate,215,"100,001-500,000",894
CASH_OUT,Legitimate,215,101-500,4
CASH_OUT,Legitimate,215,"5,001-10,000",19
CASH_OUT,Legitimate,215,"50,001-100,000",276
CASH_OUT,Legitimate,215,"500,001-1,000,000",35
CASH_OUT,Legitimate,215,"501-1,000",3
DEBIT,Legitimate,215,0-100,2
DEBIT,Legitimate,215,"1,001-5,000",61
DEBIT,Legitimate,215,101-500,13
DEBIT,Legitimate,215,"5,001-10,000",5
DEBIT,Legitimate,215,"501-1,000",13
PAYMENT,Legitimate,215,0-100,31
PAYMENT,Legitimate,215,"1,001-5,000",1346
PAYMENT,Legitimate,215,"10,001-50,000",1433
PAYMENT,Legitimate,215,"100,001-500,000",2
PAYMENT,Legitimate,215,101-500,154
PAYMENT,Legitimate,215,"5,001-10,000",1165
PAYMENT,Legitimate,215,"50,001-100,000",119
PAYMENT,Legitimate,215,"501-1,000",178
TRANSFER,Fraud,215,"1,000,001+",2
TRANSFER,Fraud,215,"10,001-50,000",1
TRANSFER,Fraud,215,"100,001-500,000",2
TRANSFER,Legitimate,215,"1,000,001+",180
TRANSFER,Legitimate,215,"1,001-5,000",2
TRANSFER,Legitimate,215,"10,001-50,000",17
TRANSFER,Legitimate,215,"100,001-500,000",198
TRANSFER,Legitimate,215,101-500,1
TRANSFER,Legitimate,215,"5,001-10,000",2
TRANSFER,Legitimate,215,"50,001-100,000",28
TRANSFER,Legitimate,215,"500,001-1,000,000",189
CASH_IN,Legitimate,216,0-100,1
CASH_IN,Legitimate,216,"1,001-5,000",8
CASH_IN,Legitimate,216,"10,001-50,000",84
CASH_IN,Legitimate,216,"100,001-500,000",347
CASH_IN,Legitimate,216,"5,001-10,000",11
CASH_IN,Legitimate,216,"50,001-100,000",107
CASH_IN,Legitimate,216,"500,001-1,000,000",15
CASH_IN,Legitimate,216,"501-1,000",1
CASH_OUT,Fraud,216,"1,000,001+",1
CASH_OUT,Fraud,216,"10,001-50,000",2
CASH_OUT,Legitimate,216,"1,001-5,000",13
CASH_OUT,Legitimate,216,"10,001-50,000",99
CASH_OUT,Legitimate,216,"100,001-500,000",453
CASH_OUT,Legitimate,216,101-500,2
CASH_OUT,Legitimate,216,"5,001-10,000",16
CASH_OUT,Legitimate,216,"50,001-100,000",124
CASH_OUT,Legitimate,216,"500,001-1,000,000",12
CASH_OUT,Legitimate,216,"501-1,000",1
DEBIT,Legitimate,216,0-100,1
DEBIT,Legitimate,216,"1,001-5,000",64
DEBIT,Legitimate,216,101-500,8
DEBIT,Legitimate,216,"5,001-10,000",3
DEBIT,Legitimate,216,"501-1,000",11
PAYMENT,Legitimate,216,0-100,19
PAYMENT,Legitimate,216,"1,001-5,000",861
PAYMENT,Legitimate,216,"10,001-50,000",538
PAYMENT,Legitimate,216,"100,001-500,000",1
PAYMENT,Legitimate,216,101-500,78
PAYMENT,Legitimate,216,"5,001-10,000",678
PAYMENT,Legitimate,216,"50,001-100,000",60
PAYMENT,Legitimate,216,"501-1,000",144
TRANSFER,Fraud,216,"1,000,001+",1
TRANSFER,Fraud,216,"10,001-50,000",2
TRANSFER,Legitimate,216,"1,000,001+",91
TRANSFER,Legitimate,216,"1,001-5,000",5
TRANSFER,Legitimate,216,"10,001-50,000",17
TRANSFER,Legitimate,216,"100,001-500,000",153
TRANSFER,Legitimate,216,"5,001-10,000",3
TRANSFER,Legitimate,216,"50,001-100,000",25
TRANSFER,Legitimate,216,"500,001-1,000,000",70
CASH_IN,Legitimate,217,0-100,1
CASH_IN,Legitimate,217,"1,001-5,000",8
CASH_IN,Legitimate,217,"10,001-50,000",85
CASH_IN,Legitimate,217,"100,001-500,000",328
CASH_IN,Legitimate,217,101-500,1
CASH_IN,Legitimate,217,"5,001-10,000",8
CASH_IN,Legitimate,217,"50,001-100,000",77
CASH_IN,Legitimate,217,"500,001-1,000,000",11
CASH_OUT,Fraud,217,"1,000,001+",2
CASH_OUT,Fraud,217,"10,001-50,000",1
CASH_OUT,Fraud,217,"100,001-500,000",1
CASH_OUT,Fraud,217,"50,001-100,000",2
CASH_OUT,Fraud,217,"500,001-1,000,000",2
CASH_OUT,Legitimate,217,0-100,2
CASH_OUT,Legitimate,217,"1,001-5,000",6
CASH_OUT,Legitimate,217,"10,001-50,000",90
CASH_OUT,Legitimate,217,"100,001-500,000",412
CASH_OUT,Legitimate,217,101-500,4
CASH_OUT,Legitimate,217,"5,001-10,000",10
CASH_OUT,Legitimate,217,"50,001-100,000",99
CASH_OUT,Legitimate,217,"500,001-1,000,000",16
CASH_OUT,Legitimate,217,"501-1,000",1
DEBIT,Legitimate,217,0-100,2
DEBIT,Legitimate,217,"1,001-5,000",72
DEBIT,Legitimate,217,101-500,7
DEBIT,Legitimate,217,"5,001-10,000",11
DEBIT,Legitimate,217,"501-1,000",14
PAYMENT,Legitimate,217,0-100,27
PAYMENT,Legitimate,217,"1,001-5,000",767
PAYMENT,Legitimate,217,"10,001-50,000",375
PAYMENT,Legitimate,217,"100,001-500,000",1
PAYMENT,Legitimate,217,101-500,85
PAYMENT,Legitimate,217,"5,001-10,000",381
PAYMENT,Legitimate,217,"50,001-100,000",39
PAYMENT,Legitimate,217,"501-1,000",136
TRANSFER,Fraud,217,"1,000,001+",2
TRANSFER,Fraud,217,"10,001-50,000",1
TRANSFER,Fraud,217,"100,001-500,000",1
TRANSFER,Fraud,217,"50,001-100,000",2
TRANSFER,Fraud,217,"500,001-1,000,000",2
TRANSFER,Legitimate,217,"1,000,001+",64
TRANSFER,Legitimate,217,"1,001-5,000",1
TRANSFER,Legitimate,217,"10,001-50,000",11
TRANSFER,Legitimate,217,"100,001-500,000",98
TRANSFER,Legitimate,217,"5,001-10,000",2
TRANSFER,Legitimate,217,"50,001-100,000",27
TRANSFER,Legitimate,217,"500,001-1,000,000",52
CASH_OUT,Fraud,218,"1,000,001+",2
CASH_OUT,Fraud,218,"100,001-500,000",2
CASH_OUT,Fraud,218,"50,001-100,000",1
CASH_OUT,Fraud,218,"500,001-1,000,000",1
TRANSFER,Fraud,218,"1,000,001+",2
TRANSFER,Fraud,218,"100,001-500,000",2
TRANSFER,Fraud,218,"50,001-100,000",1
TRANSFER,Fraud,218,"500,001-1,000,000",1
CASH_OUT,Fraud,219,"1,000,001+",2
CASH_OUT,Fraud,219,"10,001-50,000",1
CASH_OUT,Fraud,219,"100,001-500,000",1
CASH_OUT,Fraud,219,"500,001-1,000,000",1
TRANSFER,Fraud,219,"1,000,001+",2
TRANSFER,Fraud,219,"10,001-50,000",1
TRANSFER,Fraud,219,"100,001-500,000",1
TRANSFER,Fraud,219,"500,001-1,000,000",1
CASH_OUT,Fraud,220,"1,000,001+",2
CASH_OUT,Fraud,220,"100,001-500,000",1
TRANSFER,Fraud,220,"1,000,001+",2
TRANSFER,Fraud,220,"100,001-500,000",1
CASH_OUT,Fraud,221,"1,000,001+",1
CASH_OUT,Fraud,221,"100,001-500,000",1
CASH_OUT,Fraud,221,"50,001-100,000",1
CASH_OUT,Fraud,221,"500,001-1,000,000",2
TRANSFER,Fraud,221,"1,000,001+",1
TRANSFER,Fraud,221,"100,001-500,000",1
TRANSFER,Fraud,221,"50,001-100,000",1
TRANSFER,Fraud,221,"500,001-1,000,000",2
CASH_OUT,Fraud,222,"1,000,001+",2
CASH_OUT,Fraud,222,"10,001-50,000",1
CASH_OUT,Fraud,222,"100,001-500,000",1
TRANSFER,Fraud,222,"1,000,001+",2
TRANSFER,Fraud,222,"10,001-50,000",1
TRANSFER,Fraud,222,"100,001-500,000",1
CASH_OUT,Fraud,223,"1,000,001+",1
CASH_OUT,Fraud,223,"100,001-500,000",3
TRANSFER,Fraud,223,"1,000,001+",1
TRANSFER,Fraud,223,"100,001-500,000",3
CASH_OUT,Fraud,224,"1,000,001+",2
CASH_OUT,Fraud,224,"100,001-500,000",1
CASH_OUT,Fraud,224,"5,001-10,000",1
CASH_OUT,Fraud,224,"50,001-100,000",1
TRANSFER,Fraud,224,"1,000,001+",2
TRANSFER,Fraud,224,"100,001-500,000",1
TRANSFER,Fraud,224,"5,001-10,000",1
TRANSFER,Fraud,224,"50,001-100,000",1
CASH_IN,Legitimate,225,0-100,1
CASH_IN,Legitimate,225,"1,001-5,000",57
CASH_IN,Legitimate,225,"10,001-50,000",619
CASH_IN,Legitimate,225,"100,001-500,000",2547
CASH_IN,Legitimate,225,101-500,8
CASH_IN,Legitimate,225,"5,001-10,000",79
CASH_IN,Legitimate,225,"50,001-100,000",692
CASH_IN,Legitimate,225,"500,001-1,000,000",67
CASH_IN,Legitimate,225,"501-1,000",11
CASH_OUT,Fraud,225,"1,000,001+",1
CASH_OUT,Fraud,225,"10,001-50,000",1
CASH_OUT,Fraud,225,"100,001-500,000",2
CASH_OUT,Fraud,225,"50,001-100,000",2
CASH_OUT,Legitimate,225,0-100,2
CASH_OUT,Legitimate,225,"1,000,001+",3
CASH_OUT,Legitimate,225,"1,001-5,000",77
CASH_OUT,Legitimate,225,"10,001-50,000",820
CASH_OUT,Legitimate,225,"100,001-500,000",4120
CASH_OUT,Legitimate,225,101-500,6
CASH_OUT,Legitimate,225,"5,001-10,000",95
CASH_OUT,Legitimate,225,"50,001-100,000",1032
CASH_OUT,Legitimate,225,"500,001-1,000,000",189
CASH_OUT,Legitimate,225,"501-1,000",9
DEBIT,Legitimate,225,0-100,1
DEBIT,Legitimate,225,"1,001-5,000",42
DEBIT,Legitimate,225,"10,001-50,000",1
DEBIT,Legitimate,225,101-500,4
DEBIT,Legitimate,225,"5,001-10,000",7
DEBIT,Legitimate,225,"501-1,000",6
PAYMENT,Legitimate,225,0-100,26
PAYMENT,Legitimate,225,"1,001-5,000",825
PAYMENT,Legitimate,225,"10,001-50,000",3728
PAYMENT,Legitimate,225,"100,001-500,000",13
PAYMENT,Legitimate,225,101-500,79
PAYMENT,Legitimate,225,"5,001-10,000",909
PAYMENT,Legitimate,225,"50,001-100,000",582
PAYMENT,Legitimate,225,"501-1,000",92
TRANSFER,Fraud,225,"1,000,001+",1
TRANSFER,Fraud,225,"10,001-50,000",1
TRANSFER,Fraud,225,"100,001-500,000",2
TRANSFER,Fraud,225,"50,001-100,000",2
TRANSFER,Legitimate,225,"1,000,001+",615
TRANSFER,Legitimate,225,"1,001-5,000",9
TRANSFER,Legitimate,225,"10,001-50,000",47
TRANSFER,Legitimate,225,"100,001-500,000",477
TRANSFER,Legitimate,225,"5,001-10,000",6
TRANSFER,Legitimate,225,"50,001-100,000",62
TRANSFER,Legitimate,225,"500,001-1,000,000",389
CASH_IN,Legitimate,226,0-100,4
CASH_IN,Legitimate,226,"1,000,001+",1
CASH_IN,Legitimate,226,"1,001-5,000",80
CASH_IN,Legitimate,226,"10,001-50,000",802
CASH_IN,Legitimate,226,"100,001-500,000",4023
CASH_IN,Legitimate,226,101-500,7
CASH_IN,Legitimate,226,"5,001-10,000",92
CASH_IN,Legitimate,226,"50,001-100,000",1039
CASH_IN,Legitimate,226,"500,001-1,000,000",199
CASH_IN,Legitimate,226,"501-1,000",5
CASH_OUT,Fraud,226,"1,000,001+",2
CASH_OUT,Fraud,226,"10,001-50,000",1
CASH_OUT,Fraud,226,"100,001-500,000",1
CASH_OUT,Fraud,226,"5,001-10,000",1
CASH_OUT,Fraud,226,"50,001-100,000",1
CASH_OUT,Legitimate,226,0-100,2
CASH_OUT,Legitimate,226,"1,000,001+",11
CASH_OUT,Legitimate,226,"1,001-5,000",99
CASH_OUT,Legitimate,226,"10,001-50,000",1146
CASH_OUT,Legitimate,226,"100,001-500,000",6348
CASH_OUT,Legitimate,226,101-500,11
CASH_OUT,Legitimate,226,"5,001-10,000",158
CASH_OUT,Legitimate,226,"50,001-100,000",1428
CASH_OUT,Legitimate,226,"500,001-1,000,000",417
CASH_OUT,Legitimate,226,"501-1,000",17
DEBIT,Legitimate,226,"1,001-5,000",66
DEBIT,Legitimate,226,"10,001-50,000",2
DEBIT,Legitimate,226,101-500,7
DEBIT,Legitimate,226,"5,001-10,000",30
DEBIT,Legitimate,226,"501-1,000",7
PAYMENT,Legitimate,226,0-100,31
PAYMENT,Legitimate,226,"1,001-5,000",1222
PAYMENT,Legitimate,226,"10,001-50,000",5291
PAYMENT,Legitimate,226,"100,001-500,000",20
PAYMENT,Legitimate,226,101-500,122
PAYMENT,Legitimate,226,"5,001-10,000",1467
PAYMENT,Legitimate,226,"50,001-100,000",837
PAYMENT,Legitimate,226,"501-1,000",148
TRANSFER,Fraud,226,"1,000,001+",2
TRANSFER,Fraud,226,"10,001-50,000",1
TRANSFER,Fraud,226,"100,001-500,000",1
TRANSFER,Fraud,226,"5,001-10,000",1
TRANSFER,Fraud,226,"50,001-100,000",1
TRANSFER,Legitimate,226,"1,000,001+",1066
TRANSFER,Legitimate,226,"1,001-5,000",6
TRANSFER,Legitimate,226,"10,001-50,000",71
TRANSFER,Legitimate,226,"100,001-500,000",630
TRANSFER,Legitimate,226,"5,001-10,000",10
TRANSFER,Legitimate,226,"50,001-100,000",80
TRANSFER,Legitimate,226,"500,001-1,000,000",507
TRANSFER,Legitimate,226,"501-1,000",1
CASH_IN,Legitimate,227,0-100,1
CASH_IN,Legitimate,227,"1,000,001+",3
CASH_IN,Legitimate,227,"1,001-5,000",106
CASH_IN,Legitimate,227,"10,001-50,000",944
CASH_IN,Legitimate,227,"100,001-500,000",4431
CASH_IN,Legitimate,227,101-500,13
CASH_IN,Legitimate,227,"5,001-10,000",127
CASH_IN,Legitimate,227,"50,001-100,000",1160
CASH_IN,Legitimate,227,"500,001-1,000,000",180
CASH_IN,Legitimate,227,"501-1,000",11
CASH_OUT,Fraud,227,"1,000,001+",3
CASH_OUT,Fraud,227,"100,001-500,000",3
CASH_OUT,Fraud,227,101-500,1
CASH_OUT,Legitimate,227,0-100,7
CASH_OUT,Legitimate,227,"1,000,001+",6
CASH_OUT,Legitimate,227,"1,001-5,000",117
CASH_OUT,Legitimate,227,"10,001-50,000",1362
CASH_OUT,Legitimate,227,"100,001-500,000",7382
CASH_OUT,Legitimate,227,101-500,13
CASH_OUT,Legitimate,227,"5,001-10,000",139
CASH_OUT,Legitimate,227,"50,001-100,000",1749
CASH_OUT,Legitimate,227,"500,001-1,000,000",439
CASH_OUT,Legitimate,227,"501-1,000",14
DEBIT,Legitimate,227,0-100,3
DEBIT,Legitimate,227,"1,001-5,000",47
DEBIT,Legitimate,227,"10,001-50,000",5
DEBIT,Legitimate,227,101-500,4
DEBIT,Legitimate,227,"5,001-10,000",30
DEBIT,Legitimate,227,"501-1,000",5
PAYMENT,Legitimate,227,0-100,23
PAYMENT,Legitimate,227,"1,001-5,000",1362
PAYMENT,Legitimate,227,"10,001-50,000",5661
PAYMENT,Legitimate,227,"100,001-500,000",27
PAYMENT,Legitimate,227,101-500,144
PAYMENT,Legitimate,227,"5,001-10,000",1517
PAYMENT,Legitimate,227,"50,001-100,000",1001
PAYMENT,Legitimate,227,"501-1,000",176
TRANSFER,Fraud,227,"1,000,001+",3
TRANSFER,Fraud,227,"100,001-500,000",3
TRANSFER,Fraud,227,101-500,1
TRANSFER,Legitimate,227,0-100,1
TRANSFER,Legitimate,227,"1,000,001+",904
TRANSFER,Legitimate,227,"1,001-5,000",12
TRANSFER,Legitimate,227,"10,001-50,000",96
TRANSFER,Legitimate,227,"100,001-500,000",831
TRANSFER,Legitimate,227,101-500,2
TRANSFER,Legitimate,227,"5,001-10,000",6
TRANSFER,Legitimate,227,"50,001-100,000",101
TRANSFER,Legitimate,227,"500,001-1,000,000",694
TRANSFER,Legitimate,227,"501-1,000",1
CASH_IN,Legitimate,228,0-100,2
CASH_IN,Legitimate,228,"1,000,001+",1
CASH_IN,Legitimate,228,"1,001-5,000",79
CASH_IN,Legitimate,228,"10,001-50,000",884
CASH_IN,Legitimate,228,"100,001-500,000",4582
CASH_IN,Legitimate,228,101-500,17
CASH_IN,Legitimate,228,"5,001-10,000",117
CASH_IN,Legitimate,228,"50,001-100,000",1243
CASH_IN,Legitimate,228,"500,001-1,000,000",172
CASH_IN,Legitimate,228,"501-1,000",13
CASH_OUT,Fraud,228,"1,000,001+",4
CASH_OUT,Fraud,228,"100,001-500,000",4
CASH_OUT,Legitimate,228,0-100,5
CASH_OUT,Legitimate,228,"1,000,001+",8
CASH_OUT,Legitimate,228,"1,001-5,000",127
CASH_OUT,Legitimate,228,"10,001-50,000",1380
CASH_OUT,Legitimate,228,"100,001-500,000",7545
CASH_OUT,Legitimate,228,101-500,9
CASH_OUT,Legitimate,228,"5,001-10,000",136
CASH_OUT,Legitimate,228,"50,001-100,000",1686
CASH_OUT,Legitimate,228,"500,001-1,000,000",532
CASH_OUT,Legitimate,228,"501-1,000",17
DEBIT,Legitimate,228,0-100,2
DEBIT,Legitimate,228,"1,001-5,000",78
DEBIT,Legitimate,228,"10,001-50,000",3
DEBIT,Legitimate,228,101-500,5
DEBIT,Legitimate,228,"5,001-10,000",37
DEBIT,Legitimate,228,"501-1,000",13
PAYMENT,Legitimate,228,0-100,25
PAYMENT,Legitimate,228,"1,001-5,000",1435
PAYMENT,Legitimate,228,"10,001-50,000",5630
PAYMENT,Legitimate,228,"100,001-500,000",12
PAYMENT,Legitimate,228,101-500,126
PAYMENT,Legitimate,228,"5,001-10,000",1599
PAYMENT,Legitimate,228,"50,001-100,000",668
PAYMENT,Legitimate,228,"501-1,000",173
TRANSFER,Fraud,228,"1,000,001+",4
TRANSFER,Fraud,228,"100,001-500,000",4
TRANSFER,Legitimate,228,"1,000,001+",793
TRANSFER,Legitimate,228,"1,001-5,000",12
TRANSFER,Legitimate,228,"10,001-50,000",82
TRANSFER,Legitimate,228,"100,001-500,000",869
TRANSFER,Legitimate,228,101-500,2
TRANSFER,Legitimate,228,"5,001-10,000",11
TRANSFER,Legitimate,228,"50,001-100,000",112
TRANSFER,Legitimate,228,"500,001-1,000,000",706
TRANSFER,Legitimate,228,"501-1,000",1
CASH_IN,Legitimate,229,0-100,2
CASH_IN,Legitimate,229,"1,001-5,000",71
CASH_IN,Legitimate,229,"10,001-50,000",754
CASH_IN,Legitimate,229,"100,001-500,000",4095
CASH_IN,Legitimate,229,101-500,4
CASH_IN,Legitimate,229,"5,001-10,000",92
CASH_IN,Legitimate,229,"50,001-100,000",1015
CASH_IN,Legitimate,229,"500,001-1,000,000",210
CASH_IN,Legitimate,229,"501-1,000",6
CASH_OUT,Fraud,229,"10,001-50,000",2
CASH_OUT,Fraud,229,"100,001-500,000",1
CASH_OUT,Fraud,229,"500,001-1,000,000",1
CASH_OUT,Legitimate,229,0-100,2
CASH_OUT,Legitimate,229,"1,000,001+",9
CASH_OUT,Legitimate,229,"1,001-5,000",127
CASH_OUT,Legitimate,229,"10,001-50,000",1318
CASH_OUT,Legitimate,229,"100,001-500,000",6835
CASH_OUT,Legitimate,229,101-500,6
CASH_OUT,Legitimate,229,"5,001-10,000",140
CASH_OUT,Legitimate,229,"50,001-100,000",1659
CASH_OUT,Legitimate,229,"500,001-1,000,000",348
CASH_OUT,Legitimate,229,"501-1,000",15
DEBIT,Legitimate,229,0-100,2
DEBIT,Legitimate,229,"1,001-5,000",115
DEBIT,Legitimate,229,"10,001-50,000",2
DEBIT,Legitimate,229,"100,001-500,000",1
DEBIT,Legitimate,229,101-500,12
DEBIT,Legitimate,229,"5,001-10,000",36
DEBIT,Legitimate,229,"501-1,000",17
PAYMENT,Legitimate,229,0-100,29
PAYMENT,Legitimate,229,"1,001-5,000",1569
PAYMENT,Legitimate,229,"10,001-50,000",4951
PAYMENT,Legitimate,229,101-500,147
PAYMENT,Legitimate,229,"5,001-10,000",1702
PAYMENT,Legitimate,229,"50,001-100,000",288
PAYMENT,Legitimate,229,"501-1,000",199
TRANSFER,Fraud,229,"10,001-50,000",2
TRANSFER,Fraud,229,"100,001-500,000",1
TRANSFER,Fraud,229,"500,001-1,000,000",1
TRANSFER,Legitimate,229,0-100,2
TRANSFER,Legitimate,229,"1,000,001+",597
TRANSFER,Legitimate,229,"1,001-5,000",8
TRANSFER,Legitimate,229,"10,001-50,000",99
TRANSFER,Legitimate,229,"100,001-500,000",943
TRANSFER,Legitimate,229,"5,001-10,000",11
TRANSFER,Legitimate,229,"50,001-100,000",115
TRANSFER,Legitimate,229,"500,001-1,000,000",742
TRANSFER,Legitimate,229,"501-1,000",1
CASH_IN,Legitimate,230,0-100,4
CASH_IN,Legitimate,230,"1,001-5,000",78
CASH_IN,Legitimate,230,"10,001-50,000",817
CASH_IN,Legitimate,230,"100,001-500,000",3753
CASH_IN,Legitimate,230,101-500,8
CASH_IN,Legitimate,230,"5,001-10,000",109
CASH_IN,Legitimate,230,"50,001-100,000",1074
CASH_IN,Legitimate,230,"500,001-1,000,000",145
CASH_IN,Legitimate,230,"501-1,000",9
CASH_OUT,Fraud,230,"1,000,001+",5
CASH_OUT,Fraud,230,"10,001-50,000",2
CASH_OUT,Fraud,230,"100,001-500,000",2
CASH_OUT,Legitimate,230,"1,000,001+",5
CASH_OUT,Legitimate,230,"1,001-5,000",98
CASH_OUT,Legitimate,230,"10,001-50,000",1146
CASH_OUT,Legitimate,230,"100,001-500,000",6039
CASH_OUT,Legitimate,230,101-500,3
CASH_OUT,Legitimate,230,"5,001-10,000",123
CASH_OUT,Legitimate,230,"50,001-100,000",1494
CASH_OUT,Legitimate,230,"500,001-1,000,000",265
CASH_OUT,Legitimate,230,"501-1,000",13
DEBIT,Legitimate,230,"1,001-5,000",87
DEBIT,Legitimate,230,"10,001-50,000",3
DEBIT,Legitimate,230,"100,001-500,000",1
DEBIT,Legitimate,230,101-500,12
DEBIT,Legitimate,230,"5,001-10,000",24
DEBIT,Legitimate,230,"501-1,000",18
PAYMENT,Legitimate,230,0-100,31
PAYMENT,Legitimate,230,"1,001-5,000",1744
PAYMENT,Legitimate,230,"10,001-50,000",4315
PAYMENT,Legitimate,230,101-500,172
PAYMENT,Legitimate,230,"5,001-10,000",2071
PAYMENT,Legitimate,230,"50,001-100,000",58
PAYMENT,Legitimate,230,"501-1,000",222
TRANSFER,Fraud,230,"1,000,001+",5
TRANSFER,Fraud,230,"10,001-50,000",1
TRANSFER,Fraud,230,"100,001-500,000",2
TRANSFER,Legitimate,230,"1,000,001+",546
TRANSFER,Legitimate,230,"1,001-5,000",6
TRANSFER,Legitimate,230,"10,001-50,000",78
TRANSFER,Legitimate,230,"100,001-500,000",713
TRANSFER,Legitimate,230,"5,001-10,000",13
TRANSFER,Legitimate,230,"50,001-100,000",112
TRANSFER,Legitimate,230,"500,001-1,000,000",605
TRANSFER,Legitimate,230,"501-1,000",3
CASH_IN,Legitimate,231,0-100,1
CASH_IN,Legitimate,231,"1,001-5,000",66
CASH_IN,Legitimate,231,"10,001-50,000",866
CASH_IN,Legitimate,231,"100,001-500,000",3940
CASH_IN,Legitimate,231,101-500,12
CASH_IN,Legitimate,231,"5,001-10,000",94
CASH_IN,Legitimate,231,"50,001-100,000",1042
CASH_IN,Legitimate,231,"500,001-1,000,000",195
CASH_IN,Legitimate,231,"501-1,000",12
CASH_OUT,Fraud,231,"1,000,001+",2
CASH_OUT,Fraud,231,"10,001-50,000",1
CASH_OUT,Fraud,231,"100,001-500,000",5
CASH_OUT,Fraud,231,"50,001-100,000",1
CASH_OUT,Legitimate,231,0-100,3
CASH_OUT,Legitimate,231,"1,000,001+",3
CASH_OUT,Legitimate,231,"1,001-5,000",92
CASH_OUT,Legitimate,231,"10,001-50,000",1208
CASH_OUT,Legitimate,231,"100,001-500,000",6207
CASH_OUT,Legitimate,231,101-500,18
CASH_OUT,Legitimate,231,"5,001-10,000",152
CASH_OUT,Legitimate,231,"50,001-100,000",1552
CASH_OUT,Legitimate,231,"500,001-1,000,000",365
CASH_OUT,Legitimate,231,"501-1,000",16
DEBIT,Legitimate,231,0-100,1
DEBIT,Legitimate,231,"1,001-5,000",79
DEBIT,Legitimate,231,"10,001-50,000",9
DEBIT,Legitimate,231,"100,001-500,000",1
DEBIT,Legitimate,231,101-500,9
DEBIT,Legitimate,231,"5,001-10,000",42
DEBIT,Legitimate,231,"501-1,000",15
PAYMENT,Legitimate,231,0-100,44
PAYMENT,Legitimate,231,"1,001-5,000",1879
PAYMENT,Legitimate,231,"10,001-50,000",4255
PAYMENT,Legitimate,231,"100,001-500,000",1
PAYMENT,Legitimate,231,101-500,184
PAYMENT,Legitimate,231,"5,001-10,000",1993
PAYMENT,Legitimate,231,"50,001-100,000",61
PAYMENT,Legitimate,231,"501-1,000",243
TRANSFER,Fraud,231,"1,000,001+",2
TRANSFER,Fraud,231,"10,001-50,000",1
TRANSFER,Fraud,231,"100,001-500,000",5
TRANSFER,Legitimate,231,"1,000,001+",522
TRANSFER,Legitimate,231,"1,001-5,000",6
TRANSFER,Legitimate,231,"10,001-50,000",86
TRANSFER,Legitimate,231,"100,001-500,000",872
TRANSFER,Legitimate,231,"5,001-10,000",10
TRANSFER,Legitimate,231,"50,001-100,000",110
TRANSFER,Legitimate,231,"500,001-1,000,000",684
TRANSFER,Legitimate,231,"501-1,000",1
CASH_IN,Legitimate,232,0-100,3
CASH_IN,Legitimate,232,"1,001-5,000",83
CASH_IN,Legitimate,232,"10,001-50,000",789
CASH_IN,Legitimate,232,"100,001-500,000",3874
CASH_IN,Legitimate,232,101-500,12
CASH_IN,Legitimate,232,"5,001-10,000",97
CASH_IN,Legitimate,232,"50,001-100,000",1063
CASH_IN,Legitimate,232,"500,001-1,000,000",162
CASH_IN,Legitimate,232,"501-1,000",7
CASH_OUT,Fraud,232,"1,000,001+",2
CASH_OUT,Fraud,232,"1,001-5,000",1
CASH_OUT,Fraud,232,"10,001-50,000",1
CASH_OUT,Fraud,232,"500,001-1,000,000",1
CASH_OUT,Legitimate,232,0-100,2
CASH_OUT,Legitimate,232,"1,000,001+",7
CASH_OUT,Legitimate,232,"1,001-5,000",117
CASH_OUT,Legitimate,232,"10,001-50,000",1253
CASH_OUT,Legitimate,232,"100,001-500,000",6685
CASH_OUT,Legitimate,232,101-500,9
CASH_OUT,Legitimate,232,"5,001-10,000",132
CASH_OUT,Legitimate,232,"50,001-100,000",1614
CASH_OUT,Legitimate,232,"500,001-1,000,000",412
CASH_OUT,Legitimate,232,"501-1,000",12
DEBIT,Legitimate,232,0-100,2
DEBIT,Legitimate,232,"1,001-5,000",73
DEBIT,Legitimate,232,"10,001-50,000",12
DEBIT,Legitimate,232,101-500,11
DEBIT,Legitimate,232,"5,001-10,000",48
DEBIT,Legitimate,232,"501-1,000",15
PAYMENT,Legitimate,232,0-100,48
PAYMENT,Legitimate,232,"1,001-5,000",1695
PAYMENT,Legitimate,232,"10,001-50,000",4284
PAYMENT,Legitimate,232,"100,001-500,000",1
PAYMENT,Legitimate,232,101-500,193
PAYMENT,Legitimate,232,"5,001-10,000",2015
PAYMENT,Legitimate,232,"50,001-100,000",110
PAYMENT,Legitimate,232,"501-1,000",225
TRANSFER,Fraud,232,"1,000,001+",2
TRANSFER,Fraud,232,"1,001-5,000",1
TRANSFER,Fraud,232,"10,001-50,000",1
TRANSFER,Fraud,232,"500,001-1,000,000",1
TRANSFER,Legitimate,232,"1,000,001+",547
TRANSFER,Legitimate,232,"1,001-5,000",7
TRANSFER,Legitimate,232,"10,001-50,000",97
TRANSFER,Legitimate,232,"100,001-500,000",947
TRANSFER,Legitimate,232,"5,001-10,000",14
TRANSFER,Legitimate,232,"50,001-100,000",123
TRANSFER,Legitimate,232,"500,001-1,000,000",672
CASH_IN,Legitimate,233,0-100,3
CASH_IN,Legitimate,233,"1,001-5,000",36
CASH_IN,Legitimate,233,"10,001-50,000",433
CASH_IN,Legitimate,233,"100,001-500,000",2139
CASH_IN,Legitimate,233,101-500,4
CASH_IN,Legitimate,233,"5,001-10,000",62
CASH_IN,Legitimate,233,"50,001-100,000",619
CASH_IN,Legitimate,233,"500,001-1,000,000",84
CASH_IN,Legitimate,233,"501-1,000",3
CASH_OUT,Fraud,233,"10,001-50,000",2
CASH_OUT,Fraud,233,"100,001-500,000",2
CASH_OUT,Fraud,233,"500,001-1,000,000",2
CASH_OUT,Legitimate,233,0-100,4
CASH_OUT,Legitimate,233,"1,000,001+",4
CASH_OUT,Legitimate,233,"1,001-5,000",57
CASH_OUT,Legitimate,233,"10,001-50,000",670
CASH_OUT,Legitimate,233,"100,001-500,000",3356
CASH_OUT,Legitimate,233,101-500,4
CASH_OUT,Legitimate,233,"5,001-10,000",91
CASH_OUT,Legitimate,233,"50,001-100,000",882
CASH_OUT,Legitimate,233,"500,001-1,000,000",113
CASH_OUT,Legitimate,233,"501-1,000",9
DEBIT,Legitimate,233,0-100,3
DEBIT,Legitimate,233,"1,001-5,000",64
DEBIT,Legitimate,233,"10,001-50,000",4
DEBIT,Legitimate,233,101-500,7
DEBIT,Legitimate,233,"5,001-10,000",8
DEBIT,Legitimate,233,"50,001-100,000",1
DEBIT,Legitimate,233,"501-1,000",13
PAYMENT,Legitimate,233,0-100,18
PAYMENT,Legitimate,233,"1,001-5,000",924
PAYMENT,Legitimate,233,"10,001-50,000",2493
PAYMENT,Legitimate,233,101-500,106
PAYMENT,Legitimate,233,"5,001-10,000",964
PAYMENT,Legitimate,233,"50,001-100,000",106
PAYMENT,Legitimate,233,"501-1,000",107
TRANSFER,Fraud,233,"10,001-50,000",2
TRANSFER,Fraud,233,"100,001-500,000",2
TRANSFER,Fraud,233,"500,001-1,000,000",2
TRANSFER,Legitimate,233,"1,000,001+",233
TRANSFER,Legitimate,233,"1,001-5,000",3
TRANSFER,Legitimate,233,"10,001-50,000",73
TRANSFER,Legitimate,233,"100,001-500,000",510
TRANSFER,Legitimate,233,"5,001-10,000",9
TRANSFER,Legitimate,233,"50,001-100,000",58
TRANSFER,Legitimate,233,"500,001-1,000,000",414
CASH_IN,Legitimate,234,0-100,2
CASH_IN,Legitimate,234,"1,001-5,000",100
CASH_IN,Legitimate,234,"10,001-50,000",1041
CASH_IN,Legitimate,234,"100,001-500,000",4592
CASH_IN,Legitimate,234,101-500,15
CASH_IN,Legitimate,234,"5,001-10,000",118
CASH_IN,Legitimate,234,"50,001-100,000",1256
CASH_IN,Legitimate,234,"500,001-1,000,000",129
CASH_IN,Legitimate,234,"501-1,000",11
CASH_OUT,Fraud,234,"100,001-500,000",6
CASH_OUT,Fraud,234,"50,001-100,000",1
CASH_OUT,Legitimate,234,0-100,4
CASH_OUT,Legitimate,234,"1,000,001+",13
CASH_OUT,Legitimate,234,"1,001-5,000",162
CASH_OUT,Legitimate,234,"10,001-50,000",1829
CASH_OUT,Legitimate,234,"100,001-500,000",8586
CASH_OUT,Legitimate,234,101-500,23
CASH_OUT,Legitimate,234,"5,001-10,000",257
CASH_OUT,Legitimate,234,"50,001-100,000",2382
CASH_OUT,Legitimate,234,"500,001-1,000,000",250
CASH_OUT,Legitimate,234,"501-1,000",25
DEBIT,Legitimate,234,0-100,2
DEBIT,Legitimate,234,"1,001-5,000",100
DEBIT,Legitimate,234,"10,001-50,000",14
DEBIT,Legitimate,234,"100,001-500,000",1
DEBIT,Legitimate,234,101-500,14
DEBIT,Legitimate,234,"5,001-10,000",77
DEBIT,Legitimate,234,"50,001-100,000",1
DEBIT,Legitimate,234,"501-1,000",16
PAYMENT,Legitimate,234,0-100,46
PAYMENT,Legitimate,234,"1,001-5,000",2070
PAYMENT,Legitimate,234,"10,001-50,000",5172
PAYMENT,Legitimate,234,"100,001-500,000",4
PAYMENT,Legitimate,234,101-500,218
PAYMENT,Legitimate,234,"5,001-10,000",2248
PAYMENT,Legitimate,234,"50,001-100,000",263
PAYMENT,Legitimate,234,"501-1,000",278
TRANSFER,Fraud,234,"100,001-500,000",6
TRANSFER,Fraud,234,"50,001-100,000",1
TRANSFER,Legitimate,234,"1,000,001+",441
TRANSFER,Legitimate,234,"1,001-5,000",14
TRANSFER,Legitimate,234,"10,001-50,000",103
TRANSFER,Legitimate,234,"100,001-500,000",1171
TRANSFER,Legitimate,234,101-500,1
TRANSFER,Legitimate,234,"5,001-10,000",21
TRANSFER,Legitimate,234,"50,001-100,000",171
TRANSFER,Legitimate,234,"500,001-1,000,000",797
TRANSFER,Legitimate,234,"501-1,000",1
CASH_IN,Legitimate,235,0-100,3
CASH_IN,Legitimate,235,"1,001-5,000",156
CASH_IN,Legitimate,235,"10,001-50,000",1483
CASH_IN,Legitimate,235,"100,001-500,000",6675
CASH_IN,Legitimate,235,101-500,19
CASH_IN,Legitimate,235,"5,001-10,000",175
CASH_IN,Legitimate,235,"50,001-100,000",1966
CASH_IN,Legitimate,235,"500,001-1,000,000",133
CASH_IN,Legitimate,235,"501-1,000",17
CASH_OUT,Fraud,235,"1,000,001+",2
CASH_OUT,Fraud,235,"1,001-5,000",1
CASH_OUT,Fraud,235,"100,001-500,000",1
CASH_OUT,Fraud,235,"500,001-1,000,000",1
CASH_OUT,Legitimate,235,0-100,8
CASH_OUT,Legitimate,235,"1,000,001+",10
CASH_OUT,Legitimate,235,"1,001-5,000",302
CASH_OUT,Legitimate,235,"10,001-50,000",2857
CASH_OUT,Legitimate,235,"100,001-500,000",10988
CASH_OUT,Legitimate,235,101-500,33
CASH_OUT,Legitimate,235,"5,001-10,000",357
CASH_OUT,Legitimate,235,"50,001-100,000",3712
CASH_OUT,Legitimate,235,"500,001-1,000,000",195
CASH_OUT,Legitimate,235,"501-1,000",27
DEBIT,Legitimate,235,0-100,2
DEBIT,Legitimate,235,"1,001-5,000",113
DEBIT,Legitimate,235,"10,001-50,000",46
DEBIT,Legitimate,235,"100,001-500,000",2
DEBIT,Legitimate,235,101-500,14
DEBIT,Legitimate,235,"5,001-10,000",66
DEBIT,Legitimate,235,"50,001-100,000",1
DEBIT,Legitimate,235,"501-1,000",15
PAYMENT,Legitimate,235,0-100,94
PAYMENT,Legitimate,235,"1,001-5,000",3630
PAYMENT,Legitimate,235,"10,001-50,000",5910
PAYMENT,Legitimate,235,"100,001-500,000",2
PAYMENT,Legitimate,235,101-500,358
PAYMENT,Legitimate,235,"5,001-10,000",3789
PAYMENT,Legitimate,235,"50,001-100,000",127
PAYMENT,Legitimate,235,"501-1,000",495
TRANSFER,Fraud,235,"1,000,001+",2
TRANSFER,Fraud,235,"1,001-5,000",1
TRANSFER,Fraud,235,"100,001-500,000",1
TRANSFER,Fraud,235,"500,001-1,000,000",1
TRANSFER,Legitimate,235,"1,000,001+",889
TRANSFER,Legitimate,235,"1,001-5,000",18
TRANSFER,Legitimate,235,"10,001-50,000",174
TRANSFER,Legitimate,235,"100,001-500,000",1445
TRANSFER,Legitimate,235,"5,001-10,000",12
TRANSFER,Legitimate,235,"50,001-100,000",218
TRANSFER,Legitimate,235,"500,001-1,000,000",945
CASH_IN,Legitimate,236,0-100,4
CASH_IN,Legitimate,236,"1,001-5,000",102
CASH_IN,Legitimate,236,"10,001-50,000",1238
CASH_IN,Legitimate,236,"100,001-500,000",4419
CASH_IN,Legitimate,236,101-500,13
CASH_IN,Legitimate,236,"5,001-10,000",160
CASH_IN,Legitimate,236,"50,001-100,000",1556
CASH_IN,Legitimate,236,"500,001-1,000,000",71
CASH_IN,Legitimate,236,"501-1,000",13
CASH_OUT,Fraud,236,"1,000,001+",2
CASH_OUT,Fraud,236,"50,001-100,000",2
CASH_OUT,Fraud,236,"500,001-1,000,000",1
CASH_OUT,Legitimate,236,0-100,3
CASH_OUT,Legitimate,236,"1,000,001+",8
CASH_OUT,Legitimate,236,"1,001-5,000",209
CASH_OUT,Legitimate,236,"10,001-50,000",2292
CASH_OUT,Legitimate,236,"100,001-500,000",7787
CASH_OUT,Legitimate,236,101-500,21
CASH_OUT,Legitimate,236,"5,001-10,000",278
CASH_OUT,Legitimate,236,"50,001-100,000",2824
CASH_OUT,Legitimate,236,"500,001-1,000,000",139
CASH_OUT,Legitimate,236,"501-1,000",30
DEBIT,Legitimate,236,0-100,2
DEBIT,Legitimate,236,"1,001-5,000",128
DEBIT,Legitimate,236,"10,001-50,000",9
DEBIT,Legitimate,236,"100,001-500,000",1
DEBIT,Legitimate,236,101-500,18
DEBIT,Legitimate,236,"5,001-10,000",49
DEBIT,Legitimate,236,"50,001-100,000",1
DEBIT,Legitimate,236,"501-1,000",13
PAYMENT,Legitimate,236,0-100,97
PAYMENT,Legitimate,236,"1,001-5,000",3441
PAYMENT,Legitimate,236,"10,001-50,000",4859
PAYMENT,Legitimate,236,"100,001-500,000",2
PAYMENT,Legitimate,236,101-500,350
PAYMENT,Legitimate,236,"5,001-10,000",3642
PAYMENT,Legitimate,236,"50,001-100,000",114
PAYMENT,Legitimate,236,"501-1,000",437
TRANSFER,Fraud,236,"1,000,001+",2
TRANSFER,Fraud,236,"50,001-100,000",2
TRANSFER,Fraud,236,"500,001-1,000,000",1
TRANSFER,Legitimate,236,"1,000,001+",253
TRANSFER,Legitimate,236,"1,001-5,000",15
TRANSFER,Legitimate,236,"10,001-50,000",169
TRANSFER,Legitimate,236,"100,001-500,000",1398
TRANSFER,Legitimate,236,"5,001-10,000",15
TRANSFER,Legitimate,236,"50,001-100,000",196
TRANSFER,Legitimate,236,"500,001-1,000,000",720
TRANSFER,Legitimate,236,"501-1,000",3
CASH_IN,Legitimate,237,0-100,1
CASH_IN,Legitimate,237,"1,001-5,000",41
CASH_IN,Legitimate,237,"10,001-50,000",576
CASH_IN,Legitimate,237,"100,001-500,000",1953
CASH_IN,Legitimate,237,101-500,8
CASH_IN,Legitimate,237,"5,001-10,000",77
CASH_IN,Legitimate,237,"50,001-100,000",727
CASH_IN,Legitimate,237,"500,001-1,000,000",30
CASH_IN,Legitimate,237,"501-1,000",9
CASH_OUT,Fraud,237,"1,000,001+",4
CASH_OUT,Fraud,237,"100,001-500,000",2
CASH_OUT,Legitimate,237,0-100,4
CASH_OUT,Legitimate,237,"1,001-5,000",66
CASH_OUT,Legitimate,237,"10,001-50,000",734
CASH_OUT,Legitimate,237,"100,001-500,000",2572
CASH_OUT,Legitimate,237,101-500,9
CASH_OUT,Legitimate,237,"5,001-10,000",72
CASH_OUT,Legitimate,237,"50,001-100,000",956
CASH_OUT,Legitimate,237,"500,001-1,000,000",50
CASH_OUT,Legitimate,237,"501-1,000",6
DEBIT,Legitimate,237,0-100,1
DEBIT,Legitimate,237,"1,001-5,000",81
DEBIT,Legitimate,237,"10,001-50,000",5
DEBIT,Legitimate,237,"100,001-500,000",1
DEBIT,Legitimate,237,101-500,9
DEBIT,Legitimate,237,"5,001-10,000",10
DEBIT,Legitimate,237,"501-1,000",7
PAYMENT,Legitimate,237,0-100,54
PAYMENT,Legitimate,237,"1,001-5,000",2167
PAYMENT,Legitimate,237,"10,001-50,000",1985
PAYMENT,Legitimate,237,"100,001-500,000",1
PAYMENT,Legitimate,237,101-500,211
PAYMENT,Legitimate,237,"5,001-10,000",1953
PAYMENT,Legitimate,237,"50,001-100,000",35
PAYMENT,Legitimate,237,"501-1,000",289
TRANSFER,Fraud,237,"1,000,001+",4
TRANSFER,Fraud,237,"100,001-500,000",2
TRANSFER,Legitimate,237,"1,000,001+",121
TRANSFER,Legitimate,237,"1,001-5,000",5
TRANSFER,Legitimate,237,"10,001-50,000",85
TRANSFER,Legitimate,237,"100,001-500,000",695
TRANSFER,Legitimate,237,"5,001-10,000",10
TRANSFER,Legitimate,237,"50,001-100,000",96
TRANSFER,Legitimate,237,"500,001-1,000,000",276
TRANSFER,Legitimate,237,"501-1,000",3
CASH_IN,Legitimate,238,"1,001-5,000",33
CASH_IN,Legitimate,238,"10,001-50,000",335
CASH_IN,Legitimate,238,"100,001-500,000",1154
CASH_IN,Legitimate,238,101-500,3
CASH_IN,Legitimate,238,"5,001-10,000",40
CASH_IN,Legitimate,238,"50,001-100,000",403
CASH_IN,Legitimate,238,"500,001-1,000,000",23
CASH_IN,Legitimate,238,"501-1,000",3
CASH_OUT,Fraud,238,"1,000,001+",2
CASH_OUT,Fraud,238,"1,001-5,000",1
CASH_OUT,Fraud,238,"100,001-500,000",3
CASH_OUT,Fraud,238,"50,001-100,000",1
CASH_OUT,Legitimate,238,0-100,2
CASH_OUT,Legitimate,238,"1,001-5,000",41
CASH_OUT,Legitimate,238,"10,001-50,000",436
CASH_OUT,Legitimate,238,"100,001-500,000",1483
CASH_OUT,Legitimate,238,101-500,7
CASH_OUT,Legitimate,238,"5,001-10,000",53
CASH_OUT,Legitimate,238,"50,001-100,000",482
CASH_OUT,Legitimate,238,"500,001-1,000,000",25
CASH_OUT,Legitimate,238,"501-1,000",6
DEBIT,Legitimate,238,0-100,3
DEBIT,Legitimate,238,"1,001-5,000",96
DEBIT,Legitimate,238,"10,001-50,000",5
DEBIT,Legitimate,238,101-500,6
DEBIT,Legitimate,238,"5,001-10,000",10
DEBIT,Legitimate,238,"501-1,000",20
PAYMENT,Legitimate,238,0-100,33
PAYMENT,Legitimate,238,"1,001-5,000",1636
PAYMENT,Legitimate,238,"10,001-50,000",1630
PAYMENT,Legitimate,238,101-500,192
PAYMENT,Legitimate,238,"5,001-10,000",1579
PAYMENT,Legitimate,238,"50,001-100,000",30
PAYMENT,Legitimate,238,"501-1,000",218
TRANSFER,Fraud,238,"1,000,001+",2
TRANSFER,Fraud,238,"1,001-5,000",1
TRANSFER,Fraud,238,"100,001-500,000",3
TRANSFER,Fraud,238,"50,001-100,000",1
TRANSFER,Legitimate,238,0-100,1
TRANSFER,Legitimate,238,"1,000,001+",119
TRANSFER,Legitimate,238,"1,001-5,000",7
TRANSFER,Legitimate,238,"10,001-50,000",62
TRANSFER,Legitimate,238,"100,001-500,000",458
TRANSFER,Legitimate,238,"5,001-10,000",4
TRANSFER,Legitimate,238,"50,001-100,000",77
TRANSFER,Legitimate,238,"500,001-1,000,000",190
TRANSFER,Legitimate,238,"501-1,000",1
CASH_IN,Legitimate,239,"1,001-5,000",16
CASH_IN,Legitimate,239,"10,001-50,000",214
CASH_IN,Legitimate,239,"100,001-500,000",863
CASH_IN,Legitimate,239,101-500,1
CASH_IN,Legitimate,239,"5,001-10,000",23
CASH_IN,Legitimate,239,"50,001-100,000",265
CASH_IN,Legitimate,239,"500,001-1,000,000",18
CASH_OUT,Fraud,239,"100,001-500,000",3
CASH_OUT,Fraud,239,"50,001-100,000",2
CASH_OUT,Legitimate,239,0-100,1
CASH_OUT,Legitimate,239,"1,001-5,000",16
CASH_OUT,Legitimate,239,"10,001-50,000",223
CASH_OUT,Legitimate,239,"100,001-500,000",1028
CASH_OUT,Legitimate,239,101-500,1
CASH_OUT,Legitimate,239,"5,001-10,000",31
CASH_OUT,Legitimate,239,"50,001-100,000",294
CASH_OUT,Legitimate,239,"500,001-1,000,000",33
CASH_OUT,Legitimate,239,"501-1,000",4
DEBIT,Legitimate,239,"1,001-5,000",56
DEBIT,Legitimate,239,"10,001-50,000",4
DEBIT,Legitimate,239,"100,001-500,000",1
DEBIT,Legitimate,239,101-500,7
DEBIT,Legitimate,239,"5,001-10,000",30
DEBIT,Legitimate,239,"501-1,000",7
PAYMENT,Legitimate,239,0-100,44
PAYMENT,Legitimate,239,"1,001-5,000",1574
PAYMENT,Legitimate,239,"10,001-50,000",1243
PAYMENT,Legitimate,239,101-500,169
PAYMENT,Legitimate,239,"5,001-10,000",1414
PAYMENT,Legitimate,239,"50,001-100,000",34
PAYMENT,Legitimate,239,"501-1,000",205
TRANSFER,Fraud,239,"100,001-500,000",3
TRANSFER,Fraud,239,"50,001-100,000",2
TRANSFER,Legitimate,239,"1,000,001+",107
TRANSFER,Legitimate,239,"1,001-5,000",3
TRANSFER,Legitimate,239,"10,001-50,000",58
TRANSFER,Legitimate,239,"100,001-500,000",356
TRANSFER,Legitimate,239,101-500,2
TRANSFER,Legitimate,239,"5,001-10,000",3
TRANSFER,Legitimate,239,"50,001-100,000",49
TRANSFER,Legitimate,239,"500,001-1,000,000",147
CASH_IN,Legitimate,240,"1,001-5,000",13
CASH_IN,Legitimate,240,"10,001-50,000",89
CASH_IN,Legitimate,240,"100,001-500,000",397
CASH_IN,Legitimate,240,101-500,1
CASH_IN,Legitimate,240,"5,001-10,000",13
CASH_IN,Legitimate,240,"50,001-100,000",120
CASH_IN,Legitimate,240,"500,001-1,000,000",6
CASH_OUT,Fraud,240,"1,000,001+",2
CASH_OUT,Fraud,240,"100,001-500,000",2
CASH_OUT,Fraud,240,"50,001-100,000",1
CASH_OUT,Fraud,240,"500,001-1,000,000",2
CASH_OUT,Legitimate,240,0-100,1
CASH_OUT,Legitimate,240,"1,001-5,000",12
CASH_OUT,Legitimate,240,"10,001-50,000",101
CASH_OUT,Legitimate,240,"100,001-500,000",448
CASH_OUT,Legitimate,240,101-500,2
CASH_OUT,Legitimate,240,"5,001-10,000",13
CASH_OUT,Legitimate,240,"50,001-100,000",140
CASH_OUT,Legitimate,240,"500,001-1,000,000",11
DEBIT,Legitimate,240,0-100,3
DEBIT,Legitimate,240,"1,001-5,000",56
DEBIT,Legitimate,240,101-500,7
DEBIT,Legitimate,240,"5,001-10,000",13
DEBIT,Legitimate,240,"501-1,000",12
PAYMENT,Legitimate,240,0-100,14
PAYMENT,Legitimate,240,"1,001-5,000",704
PAYMENT,Legitimate,240,"10,001-50,000",765
PAYMENT,Legitimate,240,101-500,71
PAYMENT,Legitimate,240,"5,001-10,000",666
PAYMENT,Legitimate,240,"50,001-100,000",18
PAYMENT,Legitimate,240,"501-1,000",86
TRANSFER,Fraud,240,"1,000,001+",2
TRANSFER,Fraud,240,"100,001-500,000",2
TRANSFER,Fraud,240,"50,001-100,000",1
TRANSFER,Fraud,240,"500,001-1,000,000",2
TRANSFER,Legitimate,240,"1,000,001+",49
TRANSFER,Legitimate,240,"1,001-5,000",2
TRANSFER,Legitimate,240,"10,001-50,000",23
TRANSFER,Legitimate,240,"100,001-500,000",182
TRANSFER,Legitimate,240,"5,001-10,000",5
TRANSFER,Legitimate,240,"50,001-100,000",42
TRANSFER,Legitimate,240,"500,001-1,000,000",90
CASH_IN,Legitimate,241,"1,001-5,000",4
CASH_IN,Legitimate,241,"10,001-50,000",42
CASH_IN,Legitimate,241,"100,001-500,000",192
CASH_IN,Legitimate,241,"5,001-10,000",4
CASH_IN,Legitimate,241,"50,001-100,000",47
CASH_IN,Legitimate,241,"500,001-1,000,000",1
CASH_OUT,Fraud,241,"1,000,001+",2
CASH_OUT,Fraud,241,"100,001-500,000",4
CASH_OUT,Fraud,241,"50,001-100,000",1
CASH_OUT,Fraud,241,"500,001-1,000,000",2
CASH_OUT,Legitimate,241,"1,001-5,000",1
CASH_OUT,Legitimate,241,"10,001-50,000",43
CASH_OUT,Legitimate,241,"100,001-500,000",171
CASH_OUT,Legitimate,241,"5,001-10,000",9
CASH_OUT,Legitimate,241,"50,001-100,000",51
CASH_OUT,Legitimate,241,"500,001-1,000,000",2
CASH_OUT,Legitimate,241,"501-1,000",1
DEBIT,Legitimate,241,0-100,5
DEBIT,Legitimate,241,"1,001-5,000",57
DEBIT,Legitimate,241,101-500,5
DEBIT,Legitimate,241,"5,001-10,000",2
DEBIT,Legitimate,241,"501-1,000",12
PAYMENT,Legitimate,241,0-100,12
PAYMENT,Legitimate,241,"1,001-5,000",521
PAYMENT,Legitimate,241,"10,001-50,000",169
PAYMENT,Legitimate,241,101-500,62
PAYMENT,Legitimate,241,"5,001-10,000",185
PAYMENT,Legitimate,241,"50,001-100,000",7
PAYMENT,Legitimate,241,"501-1,000",81
TRANSFER,Fraud,241,"1,000,001+",2
TRANSFER,Fraud,241,"100,001-500,000",4
TRANSFER,Fraud,241,"50,001-100,000",1
TRANSFER,Fraud,241,"500,001-1,000,000",2
TRANSFER,Legitimate,241,"1,000,001+",19
TRANSFER,Legitimate,241,"1,001-5,000",2
TRANSFER,Legitimate,241,"10,001-50,000",13
TRANSFER,Legitimate,241,"100,001-500,000",76
TRANSFER,Legitimate,241,"5,001-10,000",1
TRANSFER,Legitimate,241,"50,001-100,000",19
TRANSFER,Legitimate,241,"500,001-1,000,000",31
CASH_IN,Legitimate,242,"1,001-5,000",1
CASH_IN,Legitimate,242,"10,001-50,000",13
CASH_IN,Legitimate,242,"100,001-500,000",91
CASH_IN,Legitimate,242,101-500,1
CASH_IN,Legitimate,242,"5,001-10,000",3
CASH_IN,Legitimate,242,"50,001-100,000",26
CASH_IN,Legitimate,242,"500,001-1,000,000",3
CASH_OUT,Fraud,242,"1,000,001+",2
CASH_OUT,Fraud,242,"100,001-500,000",1
CASH_OUT,Fraud,242,"500,001-1,000,000",1
CASH_OUT,Legitimate,242,"1,001-5,000",1
CASH_OUT,Legitimate,242,"10,001-50,000",9
CASH_OUT,Legitimate,242,"100,001-500,000",43
CASH_OUT,Legitimate,242,"5,001-10,000",2
CASH_OUT,Legitimate,242,"50,001-100,000",19
CASH_OUT,Legitimate,242,"500,001-1,000,000",1
DEBIT,Legitimate,242,"1,001-5,000",4
DEBIT,Legitimate,242,"5,001-10,000",1
PAYMENT,Legitimate,242,0-100,2
PAYMENT,Legitimate,242,"1,001-5,000",153
PAYMENT,Legitimate,242,"10,001-50,000",92
PAYMENT,Legitimate,242,101-500,15
PAYMENT,Legitimate,242,"5,001-10,000",91
PAYMENT,Legitimate,242,"50,001-100,000",1
PAYMENT,Legitimate,242,"501-1,000",28
TRANSFER,Fraud,242,"1,000,001+",2
TRANSFER,Fraud,242,"100,001-500,000",1
TRANSFER,Fraud,242,"500,001-1,000,000",1
TRANSFER,Legitimate,242,"1,000,001+",5
TRANSFER,Legitimate,242,"10,001-50,000",4
TRANSFER,Legitimate,242,"100,001-500,000",11
TRANSFER,Legitimate,242,"50,001-100,000",6
TRANSFER,Legitimate,242,"500,001-1,000,000",3
CASH_OUT,Fraud,243,"1,000,001+",2
CASH_OUT,Fraud,243,"500,001-1,000,000",2
TRANSFER,Fraud,243,"1,000,001+",2
TRANSFER,Fraud,243,"500,001-1,000,000",2
CASH_OUT,Fraud,244,"1,000,001+",4
CASH_OUT,Fraud,244,"1,001-5,000",1
CASH_OUT,Fraud,244,"50,001-100,000",1
TRANSFER,Fraud,244,"1,000,001+",4
TRANSFER,Fraud,244,"1,001-5,000",1
TRANSFER,Fraud,244,"50,001-100,000",1
CASH_OUT,Fraud,245,"100,001-500,000",1
CASH_OUT,Fraud,245,"500,001-1,000,000",1
TRANSFER,Fraud,245,"100,001-500,000",1
TRANSFER,Fraud,245,"500,001-1,000,000",1
CASH_OUT,Fraud,246,"10,001-50,000",1
CASH_OUT,Fraud,246,"500,001-1,000,000",1
TRANSFER,Fraud,246,"10,001-50,000",1
TRANSFER,Fraud,246,"500,001-1,000,000",1
CASH_OUT,Fraud,247,"1,000,001+",1
CASH_OUT,Fraud,247,"100,001-500,000",1
CASH_OUT,Fraud,247,"50,001-100,000",1
CASH_OUT,Fraud,247,"500,001-1,000,000",1
TRANSFER,Fraud,247,"1,000,001+",1
TRANSFER,Fraud,247,"100,001-500,000",1
TRANSFER,Fraud,247,"50,001-100,000",1
TRANSFER,Fraud,247,"500,001-1,000,000",1
CASH_OUT,Fraud,248,"1,000,001+",2
CASH_OUT,Fraud,248,"10,001-50,000",2
CASH_OUT,Fraud,248,"50,001-100,000",1
TRANSFER,Fraud,248,"1,000,001+",2
TRANSFER,Fraud,248,"10,001-50,000",2
TRANSFER,Fraud,248,"50,001-100,000",1
CASH_IN,Legitimate,249,0-100,2
CASH_IN,Legitimate,249,"1,001-5,000",87
CASH_IN,Legitimate,249,"10,001-50,000",829
CASH_IN,Legitimate,249,"100,001-500,000",3467
CASH_IN,Legitimate,249,101-500,11
CASH_IN,Legitimate,249,"5,001-10,000",92
CASH_IN,Legitimate,249,"50,001-100,000",1032
CASH_IN,Legitimate,249,"500,001-1,000,000",79
CASH_IN,Legitimate,249,"501-1,000",11
CASH_OUT,Fraud,249,"1,000,001+",5
CASH_OUT,Fraud,249,"1,001-5,000",1
CASH_OUT,Fraud,249,"10,001-50,000",1
CASH_OUT,Fraud,249,"100,001-500,000",4
CASH_OUT,Fraud,249,"50,001-100,000",3
CASH_OUT,Legitimate,249,0-100,2
CASH_OUT,Legitimate,249,"1,001-5,000",96
CASH_OUT,Legitimate,249,"10,001-50,000",967
CASH_OUT,Legitimate,249,"100,001-500,000",4927
CASH_OUT,Legitimate,249,101-500,10
CASH_OUT,Legitimate,249,"5,001-10,000",127
CASH_OUT,Legitimate,249,"50,001-100,000",1263
CASH_OUT,Legitimate,249,"500,001-1,000,000",137
CASH_OUT,Legitimate,249,"501-1,000",19
DEBIT,Legitimate,249,"1,001-5,000",46
DEBIT,Legitimate,249,"10,001-50,000",12
DEBIT,Legitimate,249,"100,001-500,000",1
DEBIT,Legitimate,249,101-500,7
DEBIT,Legitimate,249,"5,001-10,000",18
DEBIT,Legitimate,249,"50,001-100,000",1
DEBIT,Legitimate,249,"501-1,000",10
PAYMENT,Legitimate,249,0-100,49
PAYMENT,Legitimate,249,"1,001-5,000",1604
PAYMENT,Legitimate,249,"10,001-50,000",4046
PAYMENT,Legitimate,249,"100,001-500,000",2
PAYMENT,Legitimate,249,101-500,156
PAYMENT,Legitimate,249,"5,001-10,000",1669
PAYMENT,Legitimate,249,"50,001-100,000",176
PAYMENT,Legitimate,249,"501-1,000",192
TRANSFER,Fraud,249,"1,000,001+",5
TRANSFER,Fraud,249,"1,001-5,000",1
TRANSFER,Fraud,249,"10,001-50,000",1
TRANSFER,Fraud,249,"100,001-500,000",4
TRANSFER,Fraud,249,"50,001-100,000",3
TRANSFER,Legitimate,249,"1,000,001+",422
TRANSFER,Legitimate,249,"1,001-5,000",7
TRANSFER,Legitimate,249,"10,001-50,000",79
TRANSFER,Legitimate,249,"100,001-500,000",815
TRANSFER,Legitimate,249,101-500,1
TRANSFER,Legitimate,249,"5,001-10,000",7
TRANSFER,Legitimate,249,"50,001-100,000",90
TRANSFER,Legitimate,249,"500,001-1,000,000",613
CASH_IN,Legitimate,250,0-100,1
CASH_IN,Legitimate,250,"1,001-5,000",97
CASH_IN,Legitimate,250,"10,001-50,000",954
CASH_IN,Legitimate,250,"100,001-500,000",4631
CASH_IN,Legitimate,250,101-500,12
CASH_IN,Legitimate,250,"5,001-10,000",126
CASH_IN,Legitimate,250,"50,001-100,000",1242
CASH_IN,Legitimate,250,"500,001-1,000,000",196
CASH_IN,Legitimate,250,"501-1,000",12
CASH_OUT,Fraud,250,0-100,1
CASH_OUT,Fraud,250,"1,000,001+",4
CASH_OUT,Fraud,250,"100,001-500,000",5
CASH_OUT,Fraud,250,"50,001-100,000",1
CASH_OUT,Legitimate,250,0-100,7
CASH_OUT,Legitimate,250,"1,000,001+",1
CASH_OUT,Legitimate,250,"1,001-5,000",131
CASH_OUT,Legitimate,250,"10,001-50,000",1506
CASH_OUT,Legitimate,250,"100,001-500,000",7590
CASH_OUT,Legitimate,250,101-500,16
CASH_OUT,Legitimate,250,"5,001-10,000",176
CASH_OUT,Legitimate,250,"50,001-100,000",1869
CASH_OUT,Legitimate,250,"500,001-1,000,000",382
CASH_OUT,Legitimate,250,"501-1,000",11
DEBIT,Legitimate,250,"1,001-5,000",46
DEBIT,Legitimate,250,"10,001-50,000",61
DEBIT,Legitimate,250,"100,001-500,000",1
DEBIT,Legitimate,250,101-500,3
DEBIT,Legitimate,250,"5,001-10,000",25
DEBIT,Legitimate,250,"50,001-100,000",2
DEBIT,Legitimate,250,"501-1,000",2
PAYMENT,Legitimate,250,0-100,43
PAYMENT,Legitimate,250,"1,001-5,000",1724
PAYMENT,Legitimate,250,"10,001-50,000",5708
PAYMENT,Legitimate,250,"100,001-500,000",2
PAYMENT,Legitimate,250,101-500,169
PAYMENT,Legitimate,250,"5,001-10,000",1832
PAYMENT,Legitimate,250,"50,001-100,000",547
PAYMENT,Legitimate,250,"501-1,000",201
TRANSFER,Fraud,250,"1,000,001+",5
TRANSFER,Fraud,250,"100,001-500,000",5
TRANSFER,Fraud,250,"50,001-100,000",1
TRANSFER,Legitimate,250,"1,000,001+",936
TRANSFER,Legitimate,250,"1,001-5,000",17
TRANSFER,Legitimate,250,"10,001-50,000",86
TRANSFER,Legitimate,250,"100,001-500,000",760
TRANSFER,Legitimate,250,101-500,1
TRANSFER,Legitimate,250,"5,001-10,000",14
TRANSFER,Legitimate,250,"50,001-100,000",100
TRANSFER,Legitimate,250,"500,001-1,000,000",590
TRANSFER,Legitimate,250,"501-1,000",2
CASH_IN,Legitimate,251,0-100,2
CASH_IN,Legitimate,251,"1,001-5,000",104
CASH_IN,Legitimate,251,"10,001-50,000",1073
CASH_IN,Legitimate,251,"100,001-500,000",5070
CASH_IN,Legitimate,251,101-500,17
CASH_IN,Legitimate,251,"5,001-10,000",121
CASH_IN,Legitimate,251,"50,001-100,000",1271
CASH_IN,Legitimate,251,"500,001-1,000,000",219
CASH_IN,Legitimate,251,"501-1,000",11
CASH_OUT,Fraud,251,"1,000,001+",2
CASH_OUT,Fraud,251,"100,001-500,000",1
CASH_OUT,Fraud,251,"50,001-100,000",1
CASH_OUT,Fraud,251,"500,001-1,000,000",1
CASH_OUT,Legitimate,251,0-100,6
CASH_OUT,Legitimate,251,"1,001-5,000",147
CASH_OUT,Legitimate,251,"10,001-50,000",1628
CASH_OUT,Legitimate,251,"100,001-500,000",8293
CASH_OUT,Legitimate,251,101-500,12
CASH_OUT,Legitimate,251,"5,001-10,000",205
CASH_OUT,Legitimate,251,"50,001-100,000",2107
CASH_OUT,Legitimate,251,"500,001-1,000,000",372
CASH_OUT,Legitimate,251,"501-1,000",13
DEBIT,Legitimate,251,0-100,3
DEBIT,Legitimate,251,"1,001-5,000",59
DEBIT,Legitimate,251,"10,001-50,000",7
DEBIT,Legitimate,251,"100,001-500,000",2
DEBIT,Legitimate,251,101-500,5
DEBIT,Legitimate,251,"5,001-10,000",31
DEBIT,Legitimate,251,"50,001-100,000",2
DEBIT,Legitimate,251,"501-1,000",11
PAYMENT,Legitimate,251,0-100,53
PAYMENT,Legitimate,251,"1,001-5,000",1989
PAYMENT,Legitimate,251,"10,001-50,000",6255
PAYMENT,Legitimate,251,"100,001-500,000",9
PAYMENT,Legitimate,251,101-500,210
PAYMENT,Legitimate,251,"5,001-10,000",2096
PAYMENT,Legitimate,251,"50,001-100,000",832
PAYMENT,Legitimate,251,"501-1,000",245
TRANSFER,Fraud,251,"1,000,001+",2
TRANSFER,Fraud,251,"100,001-500,000",1
TRANSFER,Fraud,251,"50,001-100,000",1
TRANSFER,Fraud,251,"500,001-1,000,000",1
TRANSFER,Legitimate,251,"1,000,001+",547
TRANSFER,Legitimate,251,"1,001-5,000",16
TRANSFER,Legitimate,251,"10,001-50,000",114
TRANSFER,Legitimate,251,"100,001-500,000",1092
TRANSFER,Legitimate,251,"5,001-10,000",15
TRANSFER,Legitimate,251,"50,001-100,000",160
TRANSFER,Legitimate,251,"500,001-1,000,000",834
TRANSFER,Legitimate,251,"501-1,000",1
CASH_IN,Legitimate,252,0-100,3
CASH_IN,Legitimate,252,"1,001-5,000",105
CASH_IN,Legitimate,252,"10,001-50,000",1129
CASH_IN,Legitimate,252,"100,001-500,000",5109
CASH_IN,Legitimate,252,101-500,12
CASH_IN,Legitimate,252,"5,001-10,000",115
CASH_IN,Legitimate,252,"50,001-100,000",1377
CASH_IN,Legitimate,252,"500,001-1,000,000",178
CASH_IN,Legitimate,252,"501-1,000",12
CASH_OUT,Fraud,252,"50,001-100,000",1
CASH_OUT,Legitimate,252,0-100,5
CASH_OUT,Legitimate,252,"1,001-5,000",161
CASH_OUT,Legitimate,252,"10,001-50,000",1697
CASH_OUT,Legitimate,252,"100,001-500,000",8468
CASH_OUT,Legitimate,252,101-500,20
CASH_OUT,Legitimate,252,"5,001-10,000",191
CASH_OUT,Legitimate,252,"50,001-100,000",2145
CASH_OUT,Legitimate,252,"500,001-1,000,000",355
CASH_OUT,Legitimate,252,"501-1,000",19
DEBIT,Legitimate,252,0-100,3
DEBIT,Legitimate,252,"1,001-5,000",41
DEBIT,Legitimate,252,"10,001-50,000",24
DEBIT,Legitimate,252,"100,001-500,000",4
DEBIT,Legitimate,252,101-500,2
DEBIT,Legitimate,252,"5,001-10,000",46
DEBIT,Legitimate,252,"50,001-100,000",9
DEBIT,Legitimate,252,"501-1,000",8
PAYMENT,Legitimate,252,0-100,48
PAYMENT,Legitimate,252,"1,001-5,000",2022
PAYMENT,Legitimate,252,"10,001-50,000",6054
PAYMENT,Legitimate,252,"100,001-500,000",6
PAYMENT,Legitimate,252,101-500,198
PAYMENT,Legitimate,252,"5,001-10,000",2154
PAYMENT,Legitimate,252,"50,001-100,000",684
PAYMENT,Legitimate,252,"501-1,000",274
TRANSFER,Fraud,252,"50,001-100,000",1
TRANSFER,Legitimate,252,"1,000,001+",572
TRANSFER,Legitimate,252,"1,001-5,000",8
TRANSFER,Legitimate,252,"10,001-50,000",111
TRANSFER,Legitimate,252,"100,001-500,000",1191
TRANSFER,Legitimate,252,101-500,1
TRANSFER,Legitimate,252,"5,001-10,000",19
TRANSFER,Legitimate,252,"50,001-100,000",163
TRANSFER,Legitimate,252,"500,001-1,000,000",843
TRANSFER,Legitimate,252,"501-1,000",2
CASH_IN,Legitimate,253,0-100,3
CASH_IN,Legitimate,253,"1,001-5,000",110
CASH_IN,Legitimate,253,"10,001-50,000",1060
CASH_IN,Legitimate,253,"100,001-500,000",4681
CASH_IN,Legitimate,253,101-500,6
CASH_IN,Legitimate,253,"5,001-10,000",132
CASH_IN,Legitimate,253,"50,001-100,000",1330
CASH_IN,Legitimate,253,"500,001-1,000,000",199
CASH_IN,Legitimate,253,"501-1,000",12
CASH_OUT,Fraud,253,"1,000,001+",1
CASH_OUT,Fraud,253,"100,001-500,000",3
CASH_OUT,Fraud,253,"500,001-1,000,000",1
CASH_OUT,Legitimate,253,0-100,3
CASH_OUT,Legitimate,253,"1,001-5,000",126
CASH_OUT,Legitimate,253,"10,001-50,000",1565
CASH_OUT,Legitimate,253,"100,001-500,000",7980
CASH_OUT,Legitimate,253,101-500,16
CASH_OUT,Legitimate,253,"5,001-10,000",204
CASH_OUT,Legitimate,253,"50,001-100,000",2067
CASH_OUT,Legitimate,253,"500,001-1,000,000",336
CASH_OUT,Legitimate,253,"501-1,000",26
DEBIT,Legitimate,253,"1,001-5,000",31
DEBIT,Legitimate,253,"10,001-50,000",27
DEBIT,Legitimate,253,"100,001-500,000",37
DEBIT,Legitimate,253,101-500,3
DEBIT,Legitimate,253,"5,001-10,000",13
DEBIT,Legitimate,253,"50,001-100,000",34
DEBIT,Legitimate,253,"501-1,000",7
PAYMENT,Legitimate,253,0-100,57
PAYMENT,Legitimate,253,"1,001-5,000",2173
PAYMENT,Legitimate,253,"10,001-50,000",5218
PAYMENT,Legitimate,253,"100,001-500,000",5
PAYMENT,Legitimate,253,101-500,216
PAYMENT,Legitimate,253,"5,001-10,000",2055
PAYMENT,Legitimate,253,"50,001-100,000",487
PAYMENT,Legitimate,253,"501-1,000",250
TRANSFER,Fraud,253,"1,000,001+",1
TRANSFER,Fraud,253,"100,001-500,000",3
TRANSFER,Fraud,253,"500,001-1,000,000",1
TRANSFER,Legitimate,253,"1,000,001+",768
TRANSFER,Legitimate,253,"1,001-5,000",9
TRANSFER,Legitimate,253,"10,001-50,000",109
TRANSFER,Legitimate,253,"100,001-500,000",1040
TRANSFER,Legitimate,253,101-500,3
TRANSFER,Legitimate,253,"5,001-10,000",16
TRANSFER,Legitimate,253,"50,001-100,000",141
TRANSFER,Legitimate,253,"500,001-1,000,000",744
TRANSFER,Legitimate,253,"501-1,000",2
CASH_IN,Legitimate,254,0-100,2
CASH_IN,Legitimate,254,"1,001-5,000",83
CASH_IN,Legitimate,254,"10,001-50,000",902
CASH_IN,Legitimate,254,"100,001-500,000",4007
CASH_IN,Legitimate,254,101-500,8
CASH_IN,Legitimate,254,"5,001-10,000",101
CASH_IN,Legitimate,254,"50,001-100,000",1127
CASH_IN,Legitimate,254,"500,001-1,000,000",118
CASH_IN,Legitimate,254,"501-1,000",13
CASH_OUT,Fraud,254,"10,001-50,000",1
CASH_OUT,Fraud,254,"500,001-1,000,000",4
CASH_OUT,Legitimate,254,0-100,3
CASH_OUT,Legitimate,254,"1,001-5,000",146
CASH_OUT,Legitimate,254,"10,001-50,000",1511
CASH_OUT,Legitimate,254,"100,001-500,000",6838
CASH_OUT,Legitimate,254,101-500,19
CASH_OUT,Legitimate,254,"5,001-10,000",157
CASH_OUT,Legitimate,254,"50,001-100,000",1839
CASH_OUT,Legitimate,254,"500,001-1,000,000",207
CASH_OUT,Legitimate,254,"501-1,000",10
DEBIT,Legitimate,254,0-100,3
DEBIT,Legitimate,254,"1,001-5,000",80
DEBIT,Legitimate,254,"10,001-50,000",3
DEBIT,Legitimate,254,101-500,9
DEBIT,Legitimate,254,"5,001-10,000",33
DEBIT,Legitimate,254,"501-1,000",7
PAYMENT,Legitimate,254,0-100,65
PAYMENT,Legitimate,254,"1,001-5,000",2485
PAYMENT,Legitimate,254,"10,001-50,000",4126
PAYMENT,Legitimate,254,"100,001-500,000",1
PAYMENT,Legitimate,254,101-500,254
PAYMENT,Legitimate,254,"5,001-10,000",2467
PAYMENT,Legitimate,254,"50,001-100,000",9
PAYMENT,Legitimate,254,"501-1,000",301
TRANSFER,Fraud,254,"10,001-50,000",1
TRANSFER,Fraud,254,"500,001-1,000,000",4
TRANSFER,Legitimate,254,"1,000,001+",416
TRANSFER,Legitimate,254,"1,001-5,000",19
TRANSFER,Legitimate,254,"10,001-50,000",107
TRANSFER,Legitimate,254,"100,001-500,000",1141
TRANSFER,Legitimate,254,"5,001-10,000",23
TRANSFER,Legitimate,254,"50,001-100,000",173
TRANSFER,Legitimate,254,"500,001-1,000,000",728
TRANSFER,Legitimate,254,"501-1,000",2
CASH_IN,Legitimate,255,"1,001-5,000",84
CASH_IN,Legitimate,255,"10,001-50,000",883
CASH_IN,Legitimate,255,"100,001-500,000",4054
CASH_IN,Legitimate,255,101-500,9
CASH_IN,Legitimate,255,"5,001-10,000",124
CASH_IN,Legitimate,255,"50,001-100,000",1104
CASH_IN,Legitimate,255,"500,001-1,000,000",130
CASH_IN,Legitimate,255,"501-1,000",7
CASH_OUT,Fraud,255,"10,001-50,000",2
CASH_OUT,Fraud,255,"100,001-500,000",1
CASH_OUT,Fraud,255,"500,001-1,000,000",1
CASH_OUT,Legitimate,255,0-100,4
CASH_OUT,Legitimate,255,"1,001-5,000",143
CASH_OUT,Legitimate,255,"10,001-50,000",1429
CASH_OUT,Legitimate,255,"100,001-500,000",6574
CASH_OUT,Legitimate,255,101-500,10
CASH_OUT,Legitimate,255,"5,001-10,000",185
CASH_OUT,Legitimate,255,"50,001-100,000",1813
CASH_OUT,Legitimate,255,"500,001-1,000,000",165
CASH_OUT,Legitimate,255,"501-1,000",23
DEBIT,Legitimate,255,0-100,2
DEBIT,Legitimate,255,"1,001-5,000",90
DEBIT,Legitimate,255,"10,001-50,000",9
DEBIT,Legitimate,255,101-500,7
DEBIT,Legitimate,255,"5,001-10,000",18
DEBIT,Legitimate,255,"501-1,000",11
PAYMENT,Legitimate,255,0-100,61
PAYMENT,Legitimate,255,"1,001-5,000",2661
PAYMENT,Legitimate,255,"10,001-50,000",3523
PAYMENT,Legitimate,255,"100,001-500,000",1
PAYMENT,Legitimate,255,101-500,261
PAYMENT,Legitimate,255,"5,001-10,000",2704
PAYMENT,Legitimate,255,"50,001-100,000",4
PAYMENT,Legitimate,255,"501-1,000",325
TRANSFER,Fraud,255,"10,001-50,000",2
TRANSFER,Fraud,255,"100,001-500,000",1
TRANSFER,Fraud,255,"500,001-1,000,000",1
TRANSFER,Legitimate,255,"1,000,001+",141
TRANSFER,Legitimate,255,"1,001-5,000",13
TRANSFER,Legitimate,255,"10,001-50,000",128
TRANSFER,Legitimate,255,"100,001-500,000",1266
TRANSFER,Legitimate,255,"5,001-10,000",26
TRANSFER,Legitimate,255,"50,001-100,000",155
TRANSFER,Legitimate,255,"500,001-1,000,000",683
TRANSFER,Legitimate,255,"501-1,000",2
CASH_IN,Legitimate,256,0-100,2
CASH_IN,Legitimate,256,"1,001-5,000",82
CASH_IN,Legitimate,256,"10,001-50,000",868
CASH_IN,Legitimate,256,"100,001-500,000",3770
CASH_IN,Legitimate,256,101-500,10
CASH_IN,Legitimate,256,"5,001-10,000",82
CASH_IN,Legitimate,256,"50,001-100,000",1103
CASH_IN,Legitimate,256,"500,001-1,000,000",125
CASH_IN,Legitimate,256,"501-1,000",14
CASH_OUT,Fraud,256,"1,000,001+",1
CASH_OUT,Fraud,256,"10,001-50,000",1
CASH_OUT,Fraud,256,"100,001-500,000",1
CASH_OUT,Fraud,256,"50,001-100,000",1
CASH_OUT,Legitimate,256,0-100,4
CASH_OUT,Legitimate,256,"1,001-5,000",151
CASH_OUT,Legitimate,256,"10,001-50,000",1508
CASH_OUT,Legitimate,256,"100,001-500,000",6580
CASH_OUT,Legitimate,256,101-500,16
CASH_OUT,Legitimate,256,"5,001-10,000",155
CASH_OUT,Legitimate,256,"50,001-100,000",1817
CASH_OUT,Legitimate,256,"500,001-1,000,000",132
CASH_OUT,Legitimate,256,"501-1,000",19
DEBIT,Legitimate,256,"1,001-5,000",54
DEBIT,Legitimate,256,"10,001-50,000",54
DEBIT,Legitimate,256,101-500,3
DEBIT,Legitimate,256,"5,001-10,000",25
DEBIT,Legitimate,256,"50,001-100,000",1
DEBIT,Legitimate,256,"501-1,000",9
PAYMENT,Legitimate,256,0-100,57
PAYMENT,Legitimate,256,"1,001-5,000",2527
PAYMENT,Legitimate,256,"10,001-50,000",3705
PAYMENT,Legitimate,256,"100,001-500,000",3
PAYMENT,Legitimate,256,101-500,243
PAYMENT,Legitimate,256,"5,001-10,000",2642
PAYMENT,Legitimate,256,"50,001-100,000",10
PAYMENT,Legitimate,256,"501-1,000",342
TRANSFER,Fraud,256,"1,000,001+",1
TRANSFER,Fraud,256,"10,001-50,000",1
TRANSFER,Fraud,256,"100,001-500,000",1
TRANSFER,Fraud,256,"50,001-100,000",1
TRANSFER,Legitimate,256,"1,000,001+",173
TRANSFER,Legitimate,256,"1,001-5,000",10
TRANSFER,Legitimate,256,"10,001-50,000",134
TRANSFER,Legitimate,256,"100,001-500,000",1249
TRANSFER,Legitimate,256,101-500,3
TRANSFER,Legitimate,256,"5,001-10,000",15
TRANSFER,Legitimate,256,"50,001-100,000",168
TRANSFER,Legitimate,256,"500,001-1,000,000",695
TRANSFER,Legitimate,256,"501-1,000",2
CASH_IN,Legitimate,257,0-100,2
CASH_IN,Legitimate,257,"1,001-5,000",94
CASH_IN,Legitimate,257,"10,001-50,000",891
CASH_IN,Legitimate,257,"100,001-500,000",3623
CASH_IN,Legitimate,257,101-500,9
CASH_IN,Legitimate,257,"5,001-10,000",96
CASH_IN,Legitimate,257,"50,001-100,000",1100
CASH_IN,Legitimate,257,"500,001-1,000,000",78
CASH_IN,Legitimate,257,"501-1,000",12
CASH_OUT,Fraud,257,"1,000,001+",1
CASH_OUT,Fraud,257,"100,001-500,000",2
CASH_OUT,Legitimate,257,0-100,3
CASH_OUT,Legitimate,257,"1,001-5,000",113
CASH_OUT,Legitimate,257,"10,001-50,000",1478
CASH_OUT,Legitimate,257,"100,001-500,000",6364
CASH_OUT,Legitimate,257,101-500,8
CASH_OUT,Legitimate,257,"5,001-10,000",190
CASH_OUT,Legitimate,257,"50,001-100,000",1920
CASH_OUT,Legitimate,257,"500,001-1,000,000",82
CASH_OUT,Legitimate,257,"501-1,000",17
DEBIT,Legitimate,257,0-100,1
DEBIT,Legitimate,257,"1,001-5,000",90
DEBIT,Legitimate,257,"10,001-50,000",1
DEBIT,Legitimate,257,101-500,6
DEBIT,Legitimate,257,"5,001-10,000",12
DEBIT,Legitimate,257,"501-1,000",17
PAYMENT,Legitimate,257,0-100,48
PAYMENT,Legitimate,257,"1,001-5,000",2281
PAYMENT,Legitimate,257,"10,001-50,000",3307
PAYMENT,Legitimate,257,"100,001-500,000",1
PAYMENT,Legitimate,257,101-500,217
PAYMENT,Legitimate,257,"5,001-10,000",2346
PAYMENT,Legitimate,257,"50,001-100,000",16
PAYMENT,Legitimate,257,"501-1,000",303
TRANSFER,Fraud,257,"1,000,001+",1
TRANSFER,Fraud,257,"100,001-500,000",2
TRANSFER,Legitimate,257,"1,000,001+",185
TRANSFER,Legitimate,257,"1,001-5,000",6
TRANSFER,Legitimate,257,"10,001-50,000",111
TRANSFER,Legitimate,257,"100,001-500,000",1054
TRANSFER,Legitimate,257,"5,001-10,000",10
TRANSFER,Legitimate,257,"50,001-100,000",149
TRANSFER,Legitimate,257,"500,001-1,000,000",596
CASH_IN,Legitimate,258,0-100,1
CASH_IN,Legitimate,258,"1,001-5,000",101
CASH_IN,Legitimate,258,"10,001-50,000",882
CASH_IN,Legitimate,258,"100,001-500,000",3730
CASH_IN,Legitimate,258,101-500,3
CASH_IN,Legitimate,258,"5,001-10,000",105
CASH_IN,Legitimate,258,"50,001-100,000",1108
CASH_IN,Legitimate,258,"500,001-1,000,000",57
CASH_IN,Legitimate,258,"501-1,000",11
CASH_OUT,Fraud,258,"1,000,001+",1
CASH_OUT,Fraud,258,"10,001-50,000",1
CASH_OUT,Fraud,258,"100,001-500,000",1
CASH_OUT,Fraud,258,"500,001-1,000,000",1
CASH_OUT,Legitimate,258,0-100,5
CASH_OUT,Legitimate,258,"1,001-5,000",151
CASH_OUT,Legitimate,258,"10,001-50,000",1568
CASH_OUT,Legitimate,258,"100,001-500,000",6522
CASH_OUT,Legitimate,258,101-500,12
CASH_OUT,Legitimate,258,"5,001-10,000",226
CASH_OUT,Legitimate,258,"50,001-100,000",1997
CASH_OUT,Legitimate,258,"500,001-1,000,000",105
CASH_OUT,Legitimate,258,"501-1,000",23
DEBIT,Legitimate,258,0-100,2
DEBIT,Legitimate,258,"1,001-5,000",86
DEBIT,Legitimate,258,"10,001-50,000",4
DEBIT,Legitimate,258,101-500,12
DEBIT,Legitimate,258,"5,001-10,000",17
DEBIT,Legitimate,258,"501-1,000",12
PAYMENT,Legitimate,258,0-100,65
PAYMENT,Legitimate,258,"1,001-5,000",2555
PAYMENT,Legitimate,258,"10,001-50,000",3022
PAYMENT,Legitimate,258,101-500,275
PAYMENT,Legitimate,258,"5,001-10,000",2484
PAYMENT,Legitimate,258,"50,001-100,000",8
PAYMENT,Legitimate,258,"501-1,000",331
TRANSFER,Fraud,258,"1,000,001+",1
TRANSFER,Fraud,258,"10,001-50,000",1
TRANSFER,Fraud,258,"100,001-500,000",1
TRANSFER,Fraud,258,"500,001-1,000,000",1
TRANSFER,Legitimate,258,0-100,1
TRANSFER,Legitimate,258,"1,000,001+",130
TRANSFER,Legitimate,258,"1,001-5,000",17
TRANSFER,Legitimate,258,"10,001-50,000",143
TRANSFER,Legitimate,258,"100,001-500,000",1101
TRANSFER,Legitimate,258,"5,001-10,000",13
TRANSFER,Legitimate,258,"50,001-100,000",162
TRANSFER,Legitimate,258,"500,001-1,000,000",606
TRANSFER,Legitimate,258,"501-1,000",1
CASH_IN,Legitimate,259,0-100,3
CASH_IN,Legitimate,259,"1,001-5,000",149
CASH_IN,Legitimate,259,"10,001-50,000",1548
CASH_IN,Legitimate,259,"100,001-500,000",5571
CASH_IN,Legitimate,259,101-500,10
CASH_IN,Legitimate,259,"5,001-10,000",184
CASH_IN,Legitimate,259,"50,001-100,000",1985
CASH_IN,Legitimate,259,"500,001-1,000,000",68
CASH_IN,Legitimate,259,"501-1,000",19
CASH_OUT,Fraud,259,"1,000,001+",2
CASH_OUT,Fraud,259,"100,001-500,000",1
CASH_OUT,Fraud,259,"50,001-100,000",1
CASH_OUT,Fraud,259,"500,001-1,000,000",1
CASH_OUT,Legitimate,259,0-100,9
CASH_OUT,Legitimate,259,"1,001-5,000",258
CASH_OUT,Legitimate,259,"10,001-50,000",2956
CASH_OUT,Legitimate,259,"100,001-500,000",9488
CASH_OUT,Legitimate,259,101-500,15
CASH_OUT,Legitimate,259,"5,001-10,000",352
CASH_OUT,Legitimate,259,"50,001-100,000",3713
CASH_OUT,Legitimate,259,"500,001-1,000,000",69
CASH_OUT,Legitimate,259,"501-1,000",31
DEBIT,Legitimate,259,0-100,4
DEBIT,Legitimate,259,"1,001-5,000",141
DEBIT,Legitimate,259,"10,001-50,000",3
DEBIT,Legitimate,259,101-500,18
DEBIT,Legitimate,259,"5,001-10,000",32
DEBIT,Legitimate,259,"501-1,000",18
PAYMENT,Legitimate,259,0-100,102
PAYMENT,Legitimate,259,"1,001-5,000",4513
PAYMENT,Legitimate,259,"10,001-50,000",3392
PAYMENT,Legitimate,259,"100,001-500,000",1
PAYMENT,Legitimate,259,101-500,501
PAYMENT,Legitimate,259,"5,001-10,000",4312
PAYMENT,Legitimate,259,"50,001-100,000",24
PAYMENT,Legitimate,259,"501-1,000",545
TRANSFER,Fraud,259,"1,000,001+",2
TRANSFER,Fraud,259,"100,001-500,000",1
TRANSFER,Fraud,259,"50,001-100,000",1
TRANSFER,Fraud,259,"500,001-1,000,000",1
TRANSFER,Legitimate,259,0-100,1
TRANSFER,Legitimate,259,"1,000,001+",168
TRANSFER,Legitimate,259,"1,001-5,000",20
TRANSFER,Legitimate,259,"10,001-50,000",203
TRANSFER,Legitimate,259,"100,001-500,000",1800
TRANSFER,Legitimate,259,101-500,1
TRANSFER,Legitimate,259,"5,001-10,000",21
TRANSFER,Legitimate,259,"50,001-100,000",267
TRANSFER,Legitimate,259,"500,001-1,000,000",797
TRANSFER,Legitimate,259,"501-1,000",6
CASH_IN,Legitimate,260,0-100,1
CASH_IN,Legitimate,260,"1,001-5,000",113
CASH_IN,Legitimate,260,"10,001-50,000",1176
CASH_IN,Legitimate,260,"100,001-500,000",3941
CASH_IN,Legitimate,260,101-500,10
CASH_IN,Legitimate,260,"5,001-10,000",129
CASH_IN,Legitimate,260,"50,001-100,000",1413
CASH_IN,Legitimate,260,"500,001-1,000,000",54
CASH_IN,Legitimate,260,"501-1,000",10
CASH_OUT,Fraud,260,"1,000,001+",2
CASH_OUT,Fraud,260,"100,001-500,000",2
CASH_OUT,Fraud,260,"50,001-100,000",1
CASH_OUT,Fraud,260,"500,001-1,000,000",1
CASH_OUT,Legitimate,260,0-100,8
CASH_OUT,Legitimate,260,"1,001-5,000",195
CASH_OUT,Legitimate,260,"10,001-50,000",2090
CASH_OUT,Legitimate,260,"100,001-500,000",6751
CASH_OUT,Legitimate,260,101-500,19
CASH_OUT,Legitimate,260,"5,001-10,000",258
CASH_OUT,Legitimate,260,"50,001-100,000",2646
CASH_OUT,Legitimate,260,"500,001-1,000,000",58
CASH_OUT,Legitimate,260,"501-1,000",24
DEBIT,Legitimate,260,0-100,2
DEBIT,Legitimate,260,"1,001-5,000",69
DEBIT,Legitimate,260,"10,001-50,000",5
DEBIT,Legitimate,260,101-500,7
DEBIT,Legitimate,260,"5,001-10,000",30
DEBIT,Legitimate,260,"501-1,000",6
PAYMENT,Legitimate,260,0-100,122
PAYMENT,Legitimate,260,"1,001-5,000",4363
PAYMENT,Legitimate,260,"10,001-50,000",2703
PAYMENT,Legitimate,260,"100,001-500,000",1
PAYMENT,Legitimate,260,101-500,459
PAYMENT,Legitimate,260,"5,001-10,000",3890
PAYMENT,Legitimate,260,"50,001-100,000",38
PAYMENT,Legitimate,260,"501-1,000",560
TRANSFER,Fraud,260,"1,000,001+",2
TRANSFER,Fraud,260,"100,001-500,000",2
TRANSFER,Fraud,260,"50,001-100,000",1
TRANSFER,Fraud,260,"500,001-1,000,000",1
TRANSFER,Legitimate,260,"1,000,001+",169
TRANSFER,Legitimate,260,"1,001-5,000",12
TRANSFER,Legitimate,260,"10,001-50,000",187
TRANSFER,Legitimate,260,"100,001-500,000",1352
TRANSFER,Legitimate,260,101-500,1
TRANSFER,Legitimate,260,"5,001-10,000",21
TRANSFER,Legitimate,260,"50,001-100,000",183
TRANSFER,Legitimate,260,"500,001-1,000,000",584
TRANSFER,Legitimate,260,"501-1,000",2
CASH_IN,Legitimate,261,0-100,1
CASH_IN,Legitimate,261,"1,000,001+",1
CASH_IN,Legitimate,261,"1,001-5,000",56
CASH_IN,Legitimate,261,"10,001-50,000",522
CASH_IN,Legitimate,261,"100,001-500,000",1700
CASH_IN,Legitimate,261,101-500,7
CASH_IN,Legitimate,261,"5,001-10,000",69
CASH_IN,Legitimate,261,"50,001-100,000",654
CASH_IN,Legitimate,261,"500,001-1,000,000",20
CASH_IN,Legitimate,261,"501-1,000",3
CASH_OUT,Fraud,261,"1,000,001+",4
CASH_OUT,Fraud,261,"100,001-500,000",4
CASH_OUT,Fraud,261,"5,001-10,000",1
CASH_OUT,Fraud,261,"500,001-1,000,000",1
CASH_OUT,Legitimate,261,"1,001-5,000",72
CASH_OUT,Legitimate,261,"10,001-50,000",713
CASH_OUT,Legitimate,261,"100,001-500,000",2368
CASH_OUT,Legitimate,261,101-500,2
CASH_OUT,Legitimate,261,"5,001-10,000",102
CASH_OUT,Legitimate,261,"50,001-100,000",884
CASH_OUT,Legitimate,261,"500,001-1,000,000",17
CASH_OUT,Legitimate,261,"501-1,000",6
DEBIT,Legitimate,261,0-100,1
DEBIT,Legitimate,261,"1,001-5,000",22
DEBIT,Legitimate,261,"10,001-50,000",6
DEBIT,Legitimate,261,"100,001-500,000",1
DEBIT,Legitimate,261,101-500,4
DEBIT,Legitimate,261,"5,001-10,000",12
DEBIT,Legitimate,261,"501-1,000",4
PAYMENT,Legitimate,261,0-100,66
PAYMENT,Legitimate,261,"1,001-5,000",2060
PAYMENT,Legitimate,261,"10,001-50,000",1385
PAYMENT,Legitimate,261,101-500,227
PAYMENT,Legitimate,261,"5,001-10,000",1867
PAYMENT,Legitimate,261,"50,001-100,000",15
PAYMENT,Legitimate,261,"501-1,000",285
TRANSFER,Fraud,261,"1,000,001+",4
TRANSFER,Fraud,261,"100,001-500,000",4
TRANSFER,Fraud,261,"5,001-10,000",1
TRANSFER,Fraud,261,"500,001-1,000,000",1
TRANSFER,Legitimate,261,"1,000,001+",81
TRANSFER,Legitimate,261,"1,001-5,000",10
TRANSFER,Legitimate,261,"10,001-50,000",80
TRANSFER,Legitimate,261,"100,001-500,000",690
TRANSFER,Legitimate,261,"5,001-10,000",10
TRANSFER,Legitimate,261,"50,001-100,000",131
TRANSFER,Legitimate,261,"500,001-1,000,000",246
CASH_IN,Legitimate,262,"1,001-5,000",32
CASH_IN,Legitimate,262,"10,001-50,000",338
CASH_IN,Legitimate,262,"100,001-500,000",1256
CASH_IN,Legitimate,262,101-500,5
CASH_IN,Legitimate,262,"5,001-10,000",40
CASH_IN,Legitimate,262,"50,001-100,000",395
CASH_IN,Legitimate,262,"500,001-1,000,000",20
CASH_IN,Legitimate,262,"501-1,000",5
CASH_OUT,Fraud,262,"1,000,001+",4
CASH_OUT,Fraud,262,"100,001-500,000",4
CASH_OUT,Fraud,262,"50,001-100,000",1
CASH_OUT,Fraud,262,"500,001-1,000,000",2
CASH_OUT,Legitimate,262,"1,001-5,000",39
CASH_OUT,Legitimate,262,"10,001-50,000",516
CASH_OUT,Legitimate,262,"100,001-500,000",1407
CASH_OUT,Legitimate,262,101-500,3
CASH_OUT,Legitimate,262,"5,001-10,000",54
CASH_OUT,Legitimate,262,"50,001-100,000",585
CASH_OUT,Legitimate,262,"500,001-1,000,000",15
CASH_OUT,Legitimate,262,"501-1,000",5
DEBIT,Legitimate,262,0-100,3
DEBIT,Legitimate,262,"1,001-5,000",45
DEBIT,Legitimate,262,"10,001-50,000",3
DEBIT,Legitimate,262,"100,001-500,000",1
DEBIT,Legitimate,262,101-500,5
DEBIT,Legitimate,262,"5,001-10,000",14
DEBIT,Legitimate,262,"501-1,000",8
PAYMENT,Legitimate,262,0-100,47
PAYMENT,Legitimate,262,"1,001-5,000",2072
PAYMENT,Legitimate,262,"10,001-50,000",1065
PAYMENT,Legitimate,262,101-500,222
PAYMENT,Legitimate,262,"5,001-10,000",1679
PAYMENT,Legitimate,262,"50,001-100,000",23
PAYMENT,Legitimate,262,"501-1,000",250
TRANSFER,Fraud,262,"1,000,001+",4
TRANSFER,Fraud,262,"100,001-500,000",4
TRANSFER,Fraud,262,"50,001-100,000",1
TRANSFER,Fraud,262,"500,001-1,000,000",2
TRANSFER,Legitimate,262,"1,000,001+",111
TRANSFER,Legitimate,262,"1,001-5,000",8
TRANSFER,Legitimate,262,"10,001-50,000",50
TRANSFER,Legitimate,262,"100,001-500,000",485
TRANSFER,Legitimate,262,101-500,1
TRANSFER,Legitimate,262,"5,001-10,000",4
TRANSFER,Legitimate,262,"50,001-100,000",80
TRANSFER,Legitimate,262,"500,001-1,000,000",211
TRANSFER,Legitimate,262,"501-1,000",1
CASH_IN,Legitimate,263,"1,001-5,000",15
CASH_IN,Legitimate,263,"10,001-50,000",241
CASH_IN,Legitimate,263,"100,001-500,000",863
CASH_IN,Legitimate,263,101-500,2
CASH_IN,Legitimate,263,"5,001-10,000",25
CASH_IN,Legitimate,263,"50,001-100,000",285
CASH_IN,Legitimate,263,"500,001-1,000,000",19
CASH_IN,Legitimate,263,"501-1,000",3
CASH_OUT,Fraud,263,"100,001-500,000",2
CASH_OUT,Fraud,263,"50,001-100,000",1
CASH_OUT,Legitimate,263,"1,001-5,000",27
CASH_OUT,Legitimate,263,"10,001-50,000",246
CASH_OUT,Legitimate,263,"100,001-500,000",921
CASH_OUT,Legitimate,263,101-500,3
CASH_OUT,Legitimate,263,"5,001-10,000",28
CASH_OUT,Legitimate,263,"50,001-100,000",266
CASH_OUT,Legitimate,263,"500,001-1,000,000",11
CASH_OUT,Legitimate,263,"501-1,000",4
DEBIT,Legitimate,263,"1,001-5,000",65
DEBIT,Legitimate,263,"10,001-50,000",2
DEBIT,Legitimate,263,101-500,6
DEBIT,Legitimate,263,"5,001-10,000",20
DEBIT,Legitimate,263,"501-1,000",7
PAYMENT,Legitimate,263,0-100,80
PAYMENT,Legitimate,263,"1,001-5,000",2208
PAYMENT,Legitimate,263,"10,001-50,000",410
PAYMENT,Legitimate,263,101-500,245
PAYMENT,Legitimate,263,"5,001-10,000",1068
PAYMENT,Legitimate,263,"50,001-100,000",15
PAYMENT,Legitimate,263,"501-1,000",316
TRANSFER,Fraud,263,"100,001-500,000",2
TRANSFER,Fraud,263,"50,001-100,000",1
TRANSFER,Legitimate,263,0-100,1
TRANSFER,Legitimate,263,"1,000,001+",29
TRANSFER,Legitimate,263,"1,001-5,000",8
TRANSFER,Legitimate,263,"10,001-50,000",55
TRANSFER,Legitimate,263,"100,001-500,000",356
TRANSFER,Legitimate,263,"5,001-10,000",7
TRANSFER,Legitimate,263,"50,001-100,000",61
TRANSFER,Legitimate,263,"500,001-1,000,000",95
TRANSFER,Legitimate,263,"501-1,000",2
CASH_IN,Legitimate,264,"1,001-5,000",13
CASH_IN,Legitimate,264,"10,001-50,000",88
CASH_IN,Legitimate,264,"100,001-500,000",397
CASH_IN,Legitimate,264,101-500,1
CASH_IN,Legitimate,264,"5,001-10,000",14
CASH_IN,Legitimate,264,"50,001-100,000",141
CASH_IN,Legitimate,264,"500,001-1,000,000",7
CASH_IN,Legitimate,264,"501-1,000",2
CASH_OUT,Fraud,264,"1,000,001+",1
CASH_OUT,Fraud,264,"5,001-10,000",1
CASH_OUT,Fraud,264,"50,001-100,000",1
CASH_OUT,Fraud,264,"500,001-1,000,000",1
CASH_OUT,Legitimate,264,"1,001-5,000",13
CASH_OUT,Legitimate,264,"10,001-50,000",114
CASH_OUT,Legitimate,264,"100,001-500,000",380
CASH_OUT,Legitimate,264,101-500,1
CASH_OUT,Legitimate,264,"5,001-10,000",10
CASH_OUT,Legitimate,264,"50,001-100,000",132
CASH_OUT,Legitimate,264,"500,001-1,000,000",7
DEBIT,Legitimate,264,"1,001-5,000",53
DEBIT,Legitimate,264,101-500,3
DEBIT,Legitimate,264,"5,001-10,000",10
DEBIT,Legitimate,264,"501-1,000",11
PAYMENT,Legitimate,264,0-100,32
PAYMENT,Legitimate,264,"1,001-5,000",1172
PAYMENT,Legitimate,264,"10,001-50,000",208
PAYMENT,Legitimate,264,101-500,137
PAYMENT,Legitimate,264,"5,001-10,000",583
PAYMENT,Legitimate,264,"50,001-100,000",2
PAYMENT,Legitimate,264,"501-1,000",162
TRANSFER,Fraud,264,"1,000,001+",1
TRANSFER,Fraud,264,"5,001-10,000",1
TRANSFER,Fraud,264,"50,001-100,000",1
TRANSFER,Fraud,264,"500,001-1,000,000",1
TRANSFER,Legitimate,264,0-100,1
TRANSFER,Legitimate,264,"1,000,001+",25
TRANSFER,Legitimate,264,"1,001-5,000",3
TRANSFER,Legitimate,264,"10,001-50,000",27
TRANSFER,Legitimate,264,"100,001-500,000",168
TRANSFER,Legitimate,264,"5,001-10,000",5
TRANSFER,Legitimate,264,"50,001-100,000",27
TRANSFER,Legitimate,264,"500,001-1,000,000",85
CASH_IN,Legitimate,265,"10,001-50,000",45
CASH_IN,Legitimate,265,"100,001-500,000",188
CASH_IN,Legitimate,265,101-500,1
CASH_IN,Legitimate,265,"5,001-10,000",4
CASH_IN,Legitimate,265,"50,001-100,000",60
CASH_IN,Legitimate,265,"500,001-1,000,000",6
CASH_IN,Legitimate,265,"501-1,000",1
CASH_OUT,Fraud,265,"1,000,001+",2
CASH_OUT,Fraud,265,"100,001-500,000",3
CASH_OUT,Fraud,265,"500,001-1,000,000",1
CASH_OUT,Legitimate,265,"1,001-5,000",1
CASH_OUT,Legitimate,265,"10,001-50,000",33
CASH_OUT,Legitimate,265,"100,001-500,000",104
CASH_OUT,Legitimate,265,"5,001-10,000",6
CASH_OUT,Legitimate,265,"50,001-100,000",34
CASH_OUT,Legitimate,265,"500,001-1,000,000",2
DEBIT,Legitimate,265,"1,001-5,000",37
DEBIT,Legitimate,265,101-500,3
DEBIT,Legitimate,265,"5,001-10,000",16
DEBIT,Legitimate,265,"501-1,000",4
PAYMENT,Legitimate,265,0-100,9
PAYMENT,Legitimate,265,"1,001-5,000",460
PAYMENT,Legitimate,265,"10,001-50,000",80
PAYMENT,Legitimate,265,101-500,54
PAYMENT,Legitimate,265,"5,001-10,000",246
PAYMENT,Legitimate,265,"50,001-100,000",2
PAYMENT,Legitimate,265,"501-1,000",55
TRANSFER,Fraud,265,"1,000,001+",2
TRANSFER,Fraud,265,"100,001-500,000",3
TRANSFER,Fraud,265,"500,001-1,000,000",1
TRANSFER,Legitimate,265,"1,000,001+",9
TRANSFER,Legitimate,265,"1,001-5,000",1
TRANSFER,Legitimate,265,"10,001-50,000",14
TRANSFER,Legitimate,265,"100,001-500,000",60
TRANSFER,Legitimate,265,"50,001-100,000",15
TRANSFER,Legitimate,265,"500,001-1,000,000",19
CASH_IN,Legitimate,266,"1,001-5,000",1
CASH_IN,Legitimate,266,"10,001-50,000",27
CASH_IN,Legitimate,266,"100,001-500,000",96
CASH_IN,Legitimate,266,101-500,1
CASH_IN,Legitimate,266,"5,001-10,000",7
CASH_IN,Legitimate,266,"50,001-100,000",39
CASH_IN,Legitimate,266,"500,001-1,000,000",2
CASH_IN,Legitimate,266,"501-1,000",1
CASH_OUT,Fraud,266,"1,000,001+",5
CASH_OUT,Legitimate,266,"1,001-5,000",2
CASH_OUT,Legitimate,266,"10,001-50,000",7
CASH_OUT,Legitimate,266,"100,001-500,000",46
CASH_OUT,Legitimate,266,"5,001-10,000",2
CASH_OUT,Legitimate,266,"50,001-100,000",20
DEBIT,Legitimate,266,0-100,1
DEBIT,Legitimate,266,"1,001-5,000",28
DEBIT,Legitimate,266,"10,001-50,000",1
DEBIT,Legitimate,266,101-500,3
DEBIT,Legitimate,266,"5,001-10,000",5
DEBIT,Legitimate,266,"501-1,000",1
PAYMENT,Legitimate,266,0-100,4
PAYMENT,Legitimate,266,"1,001-5,000",217
PAYMENT,Legitimate,266,"10,001-50,000",52
PAYMENT,Legitimate,266,101-500,18
PAYMENT,Legitimate,266,"5,001-10,000",101
PAYMENT,Legitimate,266,"50,001-100,000",3
PAYMENT,Legitimate,266,"501-1,000",43
TRANSFER,Fraud,266,"1,000,001+",5
TRANSFER,Legitimate,266,"1,001-5,000",1
TRANSFER,Legitimate,266,"10,001-50,000",8
TRANSFER,Legitimate,266,"100,001-500,000",4
TRANSFER,Legitimate,266,"50,001-100,000",14
TRANSFER,Legitimate,266,"500,001-1,000,000",2
CASH_IN,Legitimate,267,"10,001-50,000",1
CASH_OUT,Fraud,267,"1,000,001+",3
CASH_OUT,Fraud,267,"10,001-50,000",1
CASH_OUT,Legitimate,267,"10,001-50,000",2
CASH_OUT,Legitimate,267,"100,001-500,000",10
CASH_OUT,Legitimate,267,"50,001-100,000",2
PAYMENT,Legitimate,267,0-100,1
PAYMENT,Legitimate,267,"1,001-5,000",24
PAYMENT,Legitimate,267,"10,001-50,000",1
PAYMENT,Legitimate,267,101-500,1
PAYMENT,Legitimate,267,"501-1,000",3
TRANSFER,Fraud,267,"1,000,001+",3
TRANSFER,Fraud,267,"10,001-50,000",1
TRANSFER,Legitimate,267,"1,000,001+",7
TRANSFER,Legitimate,267,"100,001-500,000",12
TRANSFER,Legitimate,267,"50,001-100,000",1
TRANSFER,Legitimate,267,"500,001-1,000,000",4
CASH_OUT,Fraud,268,"1,000,001+",2
CASH_OUT,Fraud,268,"500,001-1,000,000",1
TRANSFER,Fraud,268,"1,000,001+",2
TRANSFER,Fraud,268,"500,001-1,000,000",1
CASH_OUT,Fraud,269,"1,000,001+",3
CASH_OUT,Fraud,269,"10,001-50,000",2
CASH_OUT,Fraud,269,"100,001-500,000",1
CASH_OUT,Fraud,269,"500,001-1,000,000",1
TRANSFER,Fraud,269,"1,000,001+",3
TRANSFER,Fraud,269,"10,001-50,000",2
TRANSFER,Fraud,269,"100,001-500,000",1
TRANSFER,Fraud,269,"500,001-1,000,000",1
CASH_OUT,Fraud,270,"1,000,001+",1
CASH_OUT,Fraud,270,"10,001-50,000",1
CASH_OUT,Fraud,270,"100,001-500,000",4
CASH_OUT,Fraud,270,"50,001-100,000",1
CASH_OUT,Fraud,270,"500,001-1,000,000",1
TRANSFER,Fraud,270,"1,000,001+",1
TRANSFER,Fraud,270,"10,001-50,000",1
TRANSFER,Fraud,270,"100,001-500,000",4
TRANSFER,Fraud,270,"50,001-100,000",1
TRANSFER,Fraud,270,"500,001-1,000,000",1
CASH_OUT,Fraud,271,"1,000,001+",3
CASH_OUT,Fraud,271,"100,001-500,000",1
CASH_OUT,Fraud,271,"50,001-100,000",1
CASH_OUT,Fraud,271,"500,001-1,000,000",1
TRANSFER,Fraud,271,"1,000,001+",3
TRANSFER,Fraud,271,"100,001-500,000",1
TRANSFER,Fraud,271,"50,001-100,000",1
TRANSFER,Fraud,271,"500,001-1,000,000",1
CASH_OUT,Fraud,272,"1,000,001+",2
CASH_OUT,Fraud,272,"100,001-500,000",3
CASH_OUT,Fraud,272,"500,001-1,000,000",1
TRANSFER,Fraud,272,"1,000,001+",2
TRANSFER,Fraud,272,"100,001-500,000",3
TRANSFER,Fraud,272,"500,001-1,000,000",1
CASH_IN,Legitimate,273,"1,001-5,000",25
CASH_IN,Legitimate,273,"10,001-50,000",280
CASH_IN,Legitimate,273,"100,001-500,000",1039
CASH_IN,Legitimate,273,"5,001-10,000",33
CASH_IN,Legitimate,273,"50,001-100,000",311
CASH_IN,Legitimate,273,"500,001-1,000,000",17
CASH_IN,Legitimate,273,"501-1,000",1
CASH_OUT,Fraud,273,"1,000,001+",3
CASH_OUT,Fraud,273,"10,001-50,000",1
CASH_OUT,Fraud,273,"100,001-500,000",3
CASH_OUT,Fraud,273,"50,001-100,000",2
CASH_OUT,Fraud,273,"500,001-1,000,000",1
CASH_OUT,Legitimate,273,"1,001-5,000",32
CASH_OUT,Legitimate,273,"10,001-50,000",383
CASH_OUT,Legitimate,273,"100,001-500,000",1515
CASH_OUT,Legitimate,273,101-500,2
CASH_OUT,Legitimate,273,"5,001-10,000",50
CASH_OUT,Legitimate,273,"50,001-100,000",498
CASH_OUT,Legitimate,273,"500,001-1,000,000",15
CASH_OUT,Legitimate,273,"501-1,000",4
DEBIT,Legitimate,273,0-100,3
DEBIT,Legitimate,273,"1,001-5,000",44
DEBIT,Legitimate,273,101-500,5
DEBIT,Legitimate,273,"5,001-10,000",17
DEBIT,Legitimate,273,"50,001-100,000",1
DEBIT,Legitimate,273,"501-1,000",3
PAYMENT,Legitimate,273,0-100,31
PAYMENT,Legitimate,273,"1,001-5,000",1061
PAYMENT,Legitimate,273,"10,001-50,000",582
PAYMENT,Legitimate,273,"100,001-500,000",1
PAYMENT,Legitimate,273,101-500,121
PAYMENT,Legitimate,273,"5,001-10,000",891
PAYMENT,Legitimate,273,"50,001-100,000",16
PAYMENT,Legitimate,273,"501-1,000",156
TRANSFER,Fraud,273,"1,000,001+",3
TRANSFER,Fraud,273,"10,001-50,000",1
TRANSFER,Fraud,273,"100,001-500,000",3
TRANSFER,Fraud,273,"50,001-100,000",2
TRANSFER,Fraud,273,"500,001-1,000,000",1
TRANSFER,Legitimate,273,"1,000,001+",60
TRANSFER,Legitimate,273,"1,001-5,000",8
TRANSFER,Legitimate,273,"10,001-50,000",45
TRANSFER,Legitimate,273,"100,001-500,000",391
TRANSFER,Legitimate,273,101-500,1
TRANSFER,Legitimate,273,"5,001-10,000",7
TRANSFER,Legitimate,273,"50,001-100,000",59
TRANSFER,Legitimate,273,"500,001-1,000,000",143
CASH_IN,Legitimate,274,"1,001-5,000",60
CASH_IN,Legitimate,274,"10,001-50,000",661
CASH_IN,Legitimate,274,"100,001-500,000",2545
CASH_IN,Legitimate,274,101-500,6
CASH_IN,Legitimate,274,"5,001-10,000",83
CASH_IN,Legitimate,274,"50,001-100,000",822
CASH_IN,Legitimate,274,"500,001-1,000,000",35
CASH_IN,Legitimate,274,"501-1,000",2
CASH_OUT,Fraud,274,"1,000,001+",2
CASH_OUT,Fraud,274,"10,001-50,000",2
CASH_OUT,Fraud,274,"100,001-500,000",3
CASH_OUT,Fraud,274,"50,001-100,000",1
CASH_OUT,Fraud,274,"500,001-1,000,000",2
CASH_OUT,Legitimate,274,0-100,4
CASH_OUT,Legitimate,274,"1,001-5,000",96
CASH_OUT,Legitimate,274,"10,001-50,000",938
CASH_OUT,Legitimate,274,"100,001-500,000",3951
CASH_OUT,Legitimate,274,101-500,11
CASH_OUT,Legitimate,274,"5,001-10,000",135
CASH_OUT,Legitimate,274,"50,001-100,000",1308
CASH_OUT,Legitimate,274,"500,001-1,000,000",46
CASH_OUT,Legitimate,274,"501-1,000",16
DEBIT,Legitimate,274,0-100,1
DEBIT,Legitimate,274,"1,001-5,000",47
DEBIT,Legitimate,274,"10,001-50,000",13
DEBIT,Legitimate,274,101-500,7
DEBIT,Legitimate,274,"5,001-10,000",30
DEBIT,Legitimate,274,"501-1,000",5
PAYMENT,Legitimate,274,0-100,56
PAYMENT,Legitimate,274,"1,001-5,000",2083
PAYMENT,Legitimate,274,"10,001-50,000",2040
PAYMENT,Legitimate,274,101-500,203
PAYMENT,Legitimate,274,"5,001-10,000",1994
PAYMENT,Legitimate,274,"50,001-100,000",53
PAYMENT,Legitimate,274,"501-1,000",262
TRANSFER,Fraud,274,"1,000,001+",2
TRANSFER,Fraud,274,"10,001-50,000",2
TRANSFER,Fraud,274,"100,001-500,000",3
TRANSFER,Fraud,274,"50,001-100,000",1
TRANSFER,Fraud,274,"500,001-1,000,000",2
TRANSFER,Legitimate,274,0-100,1
TRANSFER,Legitimate,274,"1,000,001+",190
TRANSFER,Legitimate,274,"1,001-5,000",10
TRANSFER,Legitimate,274,"10,001-50,000",86
TRANSFER,Legitimate,274,"100,001-500,000",801
TRANSFER,Legitimate,274,"5,001-10,000",14
TRANSFER,Legitimate,274,"50,001-100,000",133
TRANSFER,Legitimate,274,"500,001-1,000,000",434
CASH_IN,Legitimate,275,"1,001-5,000",84
CASH_IN,Legitimate,275,"10,001-50,000",856
CASH_IN,Legitimate,275,"100,001-500,000",3344
CASH_IN,Legitimate,275,101-500,7
CASH_IN,Legitimate,275,"5,001-10,000",87
CASH_IN,Legitimate,275,"50,001-100,000",1058
CASH_IN,Legitimate,275,"500,001-1,000,000",44
CASH_IN,Legitimate,275,"501-1,000",4
CASH_OUT,Fraud,275,"1,000,001+",2
CASH_OUT,Fraud,275,"1,001-5,000",1
CASH_OUT,Fraud,275,"10,001-50,000",1
CASH_OUT,Fraud,275,"500,001-1,000,000",1
CASH_OUT,Legitimate,275,0-100,4
CASH_OUT,Legitimate,275,"1,001-5,000",115
CASH_OUT,Legitimate,275,"10,001-50,000",1344
CASH_OUT,Legitimate,275,"100,001-500,000",5519
CASH_OUT,Legitimate,275,101-500,12
CASH_OUT,Legitimate,275,"5,001-10,000",159
CASH_OUT,Legitimate,275,"50,001-100,000",1813
CASH_OUT,Legitimate,275,"500,001-1,000,000",85
CASH_OUT,Legitimate,275,"501-1,000",14
DEBIT,Legitimate,275,0-100,1
DEBIT,Legitimate,275,"1,001-5,000",56
DEBIT,Legitimate,275,"10,001-50,000",29
DEBIT,Legitimate,275,"100,001-500,000",1
DEBIT,Legitimate,275,101-500,3
DEBIT,Legitimate,275,"5,001-10,000",36
DEBIT,Legitimate,275,"501-1,000",9
PAYMENT,Legitimate,275,0-100,45
PAYMENT,Legitimate,275,"1,001-5,000",2248
PAYMENT,Legitimate,275,"10,001-50,000",2969
PAYMENT,Legitimate,275,"100,001-500,000",5
PAYMENT,Legitimate,275,101-500,252
PAYMENT,Legitimate,275,"5,001-10,000",2273
PAYMENT,Legitimate,275,"50,001-100,000",78
PAYMENT,Legitimate,275,"501-1,000",281
TRANSFER,Fraud,275,"1,000,001+",2
TRANSFER,Fraud,275,"1,001-5,000",1
TRANSFER,Fraud,275,"10,001-50,000",1
TRANSFER,Fraud,275,"500,001-1,000,000",1
TRANSFER,Legitimate,275,0-100,1
TRANSFER,Legitimate,275,"1,000,001+",182
TRANSFER,Legitimate,275,"1,001-5,000",10
TRANSFER,Legitimate,275,"10,001-50,000",121
TRANSFER,Legitimate,275,"100,001-500,000",1009
TRANSFER,Legitimate,275,"5,001-10,000",11
TRANSFER,Legitimate,275,"50,001-100,000",133
TRANSFER,Legitimate,275,"500,001-1,000,000",484
TRANSFER,Legitimate,275,"501-1,000",1
CASH_IN,Legitimate,276,0-100,2
CASH_IN,Legitimate,276,"1,001-5,000",81
CASH_IN,Legitimate,276,"10,001-50,000",849
CASH_IN,Legitimate,276,"100,001-500,000",3734
CASH_IN,Legitimate,276,101-500,9
CASH_IN,Legitimate,276,"5,001-10,000",100
CASH_IN,Legitimate,276,"50,001-100,000",1144
CASH_IN,Legitimate,276,"500,001-1,000,000",55
CASH_IN,Legitimate,276,"501-1,000",11
CASH_OUT,Fraud,276,"1,000,001+",3
CASH_OUT,Fraud,276,"100,001-500,000",2
CASH_OUT,Legitimate,276,0-100,3
CASH_OUT,Legitimate,276,"1,001-5,000",157
CASH_OUT,Legitimate,276,"10,001-50,000",1593
CASH_OUT,Legitimate,276,"100,001-500,000",5606
CASH_OUT,Legitimate,276,101-500,12
CASH_OUT,Legitimate,276,"5,001-10,000",171
CASH_OUT,Legitimate,276,"50,001-100,000",1995
CASH_OUT,Legitimate,276,"500,001-1,000,000",76
CASH_OUT,Legitimate,276,"501-1,000",17
DEBIT,Legitimate,276,"1,001-5,000",89
DEBIT,Legitimate,276,"10,001-50,000",4
DEBIT,Legitimate,276,101-500,11
DEBIT,Legitimate,276,"5,001-10,000",22
DEBIT,Legitimate,276,"50,001-100,000",3
DEBIT,Legitimate,276,"501-1,000",18
PAYMENT,Legitimate,276,0-100,56
PAYMENT,Legitimate,276,"1,001-5,000",1992
PAYMENT,Legitimate,276,"10,001-50,000",3579
PAYMENT,Legitimate,276,"100,001-500,000",2
PAYMENT,Legitimate,276,101-500,212
PAYMENT,Legitimate,276,"5,001-10,000",2194
PAYMENT,Legitimate,276,"50,001-100,000",70
PAYMENT,Legitimate,276,"501-1,000",247
TRANSFER,Fraud,276,"1,000,001+",3
TRANSFER,Fraud,276,"100,001-500,000",2
TRANSFER,Legitimate,276,0-100,1
TRANSFER,Legitimate,276,"1,000,001+",336
TRANSFER,Legitimate,276,"1,001-5,000",8
TRANSFER,Legitimate,276,"10,001-50,000",134
TRANSFER,Legitimate,276,"100,001-500,000",1053
TRANSFER,Legitimate,276,"5,001-10,000",15
TRANSFER,Legitimate,276,"50,001-100,000",149
TRANSFER,Legitimate,276,"500,001-1,000,000",560
TRANSFER,Legitimate,276,"501-1,000",3
CASH_IN,Legitimate,277,0-100,4
CASH_IN,Legitimate,277,"1,001-5,000",81
CASH_IN,Legitimate,277,"10,001-50,000",978
CASH_IN,Legitimate,277,"100,001-500,000",3560
CASH_IN,Legitimate,277,101-500,5
CASH_IN,Legitimate,277,"5,001-10,000",106
CASH_IN,Legitimate,277,"50,001-100,000",1129
CASH_IN,Legitimate,277,"500,001-1,000,000",58
CASH_IN,Legitimate,277,"501-1,000",11
CASH_OUT,Fraud,277,"1,000,001+",1
CASH_OUT,Fraud,277,"100,001-500,000",5
CASH_OUT,Fraud,277,"500,001-1,000,000",1
CASH_OUT,Legitimate,277,0-100,2
CASH_OUT,Legitimate,277,"1,001-5,000",126
CASH_OUT,Legitimate,277,"10,001-50,000",1420
CASH_OUT,Legitimate,277,"100,001-500,000",5693
CASH_OUT,Legitimate,277,101-500,7
CASH_OUT,Legitimate,277,"5,001-10,000",183
CASH_OUT,Legitimate,277,"50,001-100,000",1820
CASH_OUT,Legitimate,277,"500,001-1,000,000",68
CASH_OUT,Legitimate,277,"501-1,000",11
DEBIT,Legitimate,277,0-100,2
DEBIT,Legitimate,277,"1,001-5,000",93
DEBIT,Legitimate,277,"10,001-50,000",3
DEBIT,Legitimate,277,"100,001-500,000",1
DEBIT,Legitimate,277,101-500,5
DEBIT,Legitimate,277,"5,001-10,000",24
DEBIT,Legitimate,277,"50,001-100,000",1
DEBIT,Legitimate,277,"501-1,000",15
PAYMENT,Legitimate,277,0-100,55
PAYMENT,Legitimate,277,"1,001-5,000",2196
PAYMENT,Legitimate,277,"10,001-50,000",3272
PAYMENT,Legitimate,277,"100,001-500,000",3
PAYMENT,Legitimate,277,101-500,239
PAYMENT,Legitimate,277,"5,001-10,000",2305
PAYMENT,Legitimate,277,"50,001-100,000",87
PAYMENT,Legitimate,277,"501-1,000",246
TRANSFER,Fraud,277,"1,000,001+",1
TRANSFER,Fraud,277,"100,001-500,000",5
TRANSFER,Fraud,277,"500,001-1,000,000",1
TRANSFER,Legitimate,277,"1,000,001+",251
TRANSFER,Legitimate,277,"1,001-5,000",15
TRANSFER,Legitimate,277,"10,001-50,000",136
TRANSFER,Legitimate,277,"100,001-500,000",1049
TRANSFER,Legitimate,277,"5,001-10,000",13
TRANSFER,Legitimate,277,"50,001-100,000",161
TRANSFER,Legitimate,277,"500,001-1,000,000",475
TRANSFER,Legitimate,277,"501-1,000",2
CASH_IN,Legitimate,278,"1,001-5,000",89
CASH_IN,Legitimate,278,"10,001-50,000",857
CASH_IN,Legitimate,278,"100,001-500,000",3561
CASH_IN,Legitimate,278,101-500,12
CASH_IN,Legitimate,278,"5,001-10,000",93
CASH_IN,Legitimate,278,"50,001-100,000",1024
CASH_IN,Legitimate,278,"500,001-1,000,000",70
CASH_IN,Legitimate,278,"501-1,000",9
CASH_OUT,Fraud,278,"100,001-500,000",1
CASH_OUT,Fraud,278,"50,001-100,000",1
CASH_OUT,Legitimate,278,0-100,8
CASH_OUT,Legitimate,278,"1,001-5,000",134
CASH_OUT,Legitimate,278,"10,001-50,000",1399
CASH_OUT,Legitimate,278,"100,001-500,000",5513
CASH_OUT,Legitimate,278,101-500,16
CASH_OUT,Legitimate,278,"5,001-10,000",156
CASH_OUT,Legitimate,278,"50,001-100,000",1760
CASH_OUT,Legitimate,278,"500,001-1,000,000",67
CASH_OUT,Legitimate,278,"501-1,000",15
DEBIT,Legitimate,278,0-100,4
DEBIT,Legitimate,278,"1,001-5,000",89
DEBIT,Legitimate,278,"10,001-50,000",2
DEBIT,Legitimate,278,101-500,11
DEBIT,Legitimate,278,"5,001-10,000",19
DEBIT,Legitimate,278,"50,001-100,000",4
DEBIT,Legitimate,278,"501-1,000",11
PAYMENT,Legitimate,278,0-100,61
PAYMENT,Legitimate,278,"1,001-5,000",2496
PAYMENT,Legitimate,278,"10,001-50,000",3025
PAYMENT,Legitimate,278,"100,001-500,000",3
PAYMENT,Legitimate,278,101-500,209
PAYMENT,Legitimate,278,"5,001-10,000",2461
PAYMENT,Legitimate,278,"50,001-100,000",111
PAYMENT,Legitimate,278,"501-1,000",304
TRANSFER,Fraud,278,"100,001-500,000",1
TRANSFER,Fraud,278,"50,001-100,000",1
TRANSFER,Legitimate,278,"1,000,001+",290
TRANSFER,Legitimate,278,"1,001-5,000",14
TRANSFER,Legitimate,278,"10,001-50,000",123
TRANSFER,Legitimate,278,"100,001-500,000",1041
TRANSFER,Legitimate,278,101-500,1
TRANSFER,Legitimate,278,"5,001-10,000",13
TRANSFER,Legitimate,278,"50,001-100,000",149
TRANSFER,Legitimate,278,"500,001-1,000,000",508
TRANSFER,Legitimate,278,"501-1,000",1
CASH_IN,Legitimate,279,0-100,3
CASH_IN,Legitimate,279,"1,001-5,000",77
CASH_IN,Legitimate,279,"10,001-50,000",830
CASH_IN,Legitimate,279,"100,001-500,000",3517
CASH_IN,Legitimate,279,101-500,9
CASH_IN,Legitimate,279,"5,001-10,000",110
CASH_IN,Legitimate,279,"50,001-100,000",1070
CASH_IN,Legitimate,279,"500,001-1,000,000",68
CASH_IN,Legitimate,279,"501-1,000",10
CASH_OUT,Fraud,279,0-100,1
CASH_OUT,Fraud,279,"1,000,001+",3
CASH_OUT,Fraud,279,"100,001-500,000",4
CASH_OUT,Fraud,279,"50,001-100,000",1
CASH_OUT,Fraud,279,"500,001-1,000,000",2
CASH_OUT,Legitimate,279,0-100,5
CASH_OUT,Legitimate,279,"1,001-5,000",142
CASH_OUT,Legitimate,279,"10,001-50,000",1406
CASH_OUT,Legitimate,279,"100,001-500,000",5574
CASH_OUT,Legitimate,279,101-500,13
CASH_OUT,Legitimate,279,"5,001-10,000",148
CASH_OUT,Legitimate,279,"50,001-100,000",1838
CASH_OUT,Legitimate,279,"500,001-1,000,000",87
CASH_OUT,Legitimate,279,"501-1,000",18
DEBIT,Legitimate,279,0-100,5
DEBIT,Legitimate,279,"1,001-5,000",86
DEBIT,Legitimate,279,"10,001-50,000",2
DEBIT,Legitimate,279,"100,001-500,000",1
DEBIT,Legitimate,279,101-500,14
DEBIT,Legitimate,279,"5,001-10,000",14
DEBIT,Legitimate,279,"501-1,000",19
PAYMENT,Legitimate,279,0-100,75
PAYMENT,Legitimate,279,"1,001-5,000",2480
PAYMENT,Legitimate,279,"10,001-50,000",2986
PAYMENT,Legitimate,279,"100,001-500,000",3
PAYMENT,Legitimate,279,101-500,246
PAYMENT,Legitimate,279,"5,001-10,000",2499
PAYMENT,Legitimate,279,"50,001-100,000",110
PAYMENT,Legitimate,279,"501-1,000",339
TRANSFER,Fraud,279,"1,000,001+",3
TRANSFER,Fraud,279,"100,001-500,000",4
TRANSFER,Fraud,279,"50,001-100,000",1
TRANSFER,Fraud,279,"500,001-1,000,000",3
TRANSFER,Legitimate,279,"1,000,001+",204
TRANSFER,Legitimate,279,"1,001-5,000",8
TRANSFER,Legitimate,279,"10,001-50,000",137
TRANSFER,Legitimate,279,"100,001-500,000",1180
TRANSFER,Legitimate,279,"5,001-10,000",19
TRANSFER,Legitimate,279,"50,001-100,000",189
TRANSFER,Legitimate,279,"500,001-1,000,000",359
TRANSFER,Legitimate,279,"501-1,000",3
CASH_IN,Legitimate,280,"1,001-5,000",89
CASH_IN,Legitimate,280,"10,001-50,000",862
CASH_IN,Legitimate,280,"100,001-500,000",3558
CASH_IN,Legitimate,280,101-500,10
CASH_IN,Legitimate,280,"5,001-10,000",127
CASH_IN,Legitimate,280,"50,001-100,000",1170
CASH_IN,Legitimate,280,"500,001-1,000,000",63
CASH_IN,Legitimate,280,"501-1,000",12
CASH_OUT,Fraud,280,"100,001-500,000",2
CASH_OUT,Legitimate,280,0-100,1
CASH_OUT,Legitimate,280,"1,001-5,000",129
CASH_OUT,Legitimate,280,"10,001-50,000",1346
CASH_OUT,Legitimate,280,"100,001-500,000",5469
CASH_OUT,Legitimate,280,101-500,16
CASH_OUT,Legitimate,280,"5,001-10,000",171
CASH_OUT,Legitimate,280,"50,001-100,000",1864
CASH_OUT,Legitimate,280,"500,001-1,000,000",78
CASH_OUT,Legitimate,280,"501-1,000",11
DEBIT,Legitimate,280,"1,001-5,000",86
DEBIT,Legitimate,280,"10,001-50,000",4
DEBIT,Legitimate,280,101-500,13
DEBIT,Legitimate,280,"5,001-10,000",28
DEBIT,Legitimate,280,"501-1,000",17
PAYMENT,Legitimate,280,0-100,64
PAYMENT,Legitimate,280,"1,001-5,000",2281
PAYMENT,Legitimate,280,"10,001-50,000",3286
PAYMENT,Legitimate,280,"100,001-500,000",6
PAYMENT,Legitimate,280,101-500,257
PAYMENT,Legitimate,280,"5,001-10,000",2388
PAYMENT,Legitimate,280,"50,001-100,000",110
PAYMENT,Legitimate,280,"501-1,000",321
TRANSFER,Fraud,280,"100,001-500,000",2
TRANSFER,Legitimate,280,0-100,1
TRANSFER,Legitimate,280,"1,000,001+",253
TRANSFER,Legitimate,280,"1,001-5,000",11
TRANSFER,Legitimate,280,"10,001-50,000",170
TRANSFER,Legitimate,280,"100,001-500,000",1177
TRANSFER,Legitimate,280,101-500,1
TRANSFER,Legitimate,280,"5,001-10,000",17
TRANSFER,Legitimate,280,"50,001-100,000",191
TRANSFER,Legitimate,280,"500,001-1,000,000",293
TRANSFER,Legitimate,280,"501-1,000",1
CASH_IN,Legitimate,281,0-100,5
CASH_IN,Legitimate,281,"1,001-5,000",87
CASH_IN,Legitimate,281,"10,001-50,000",897
CASH_IN,Legitimate,281,"100,001-500,000",3488
CASH_IN,Legitimate,281,101-500,9
CASH_IN,Legitimate,281,"5,001-10,000",110
CASH_IN,Legitimate,281,"50,001-100,000",1181
CASH_IN,Legitimate,281,"500,001-1,000,000",75
CASH_IN,Legitimate,281,"501-1,000",15
CASH_OUT,Fraud,281,"1,000,001+",3
CASH_OUT,Fraud,281,"100,001-500,000",2
CASH_OUT,Fraud,281,"5,001-10,000",1
CASH_OUT,Fraud,281,"50,001-100,000",1
CASH_OUT,Fraud,281,"500,001-1,000,000",2
CASH_OUT,Legitimate,281,0-100,5
CASH_OUT,Legitimate,281,"1,001-5,000",158
CASH_OUT,Legitimate,281,"10,001-50,000",1644
CASH_OUT,Legitimate,281,"100,001-500,000",5973
CASH_OUT,Legitimate,281,101-500,12
CASH_OUT,Legitimate,281,"5,001-10,000",194
CASH_OUT,Legitimate,281,"50,001-100,000",2119
CASH_OUT,Legitimate,281,"500,001-1,000,000",86
CASH_OUT,Legitimate,281,"501-1,000",24
DEBIT,Legitimate,281,0-100,3
DEBIT,Legitimate,281,"1,001-5,000",68
DEBIT,Legitimate,281,"10,001-50,000",9
DEBIT,Legitimate,281,101-500,9
DEBIT,Legitimate,281,"5,001-10,000",38
DEBIT,Legitimate,281,"501-1,000",7
PAYMENT,Legitimate,281,0-100,73
PAYMENT,Legitimate,281,"1,001-5,000",2588
PAYMENT,Legitimate,281,"10,001-50,000",3260
PAYMENT,Legitimate,281,"100,001-500,000",3
PAYMENT,Legitimate,281,101-500,231
PAYMENT,Legitimate,281,"5,001-10,000",2775
PAYMENT,Legitimate,281,"50,001-100,000",137
PAYMENT,Legitimate,281,"501-1,000",328
TRANSFER,Fraud,281,"1,000,001+",3
TRANSFER,Fraud,281,"100,001-500,000",2
TRANSFER,Fraud,281,"5,001-10,000",1
TRANSFER,Fraud,281,"50,001-100,000",1
TRANSFER,Fraud,281,"500,001-1,000,000",2
TRANSFER,Legitimate,281,0-100,1
TRANSFER,Legitimate,281,"1,000,001+",288
TRANSFER,Legitimate,281,"1,001-5,000",18
TRANSFER,Legitimate,281,"10,001-50,000",154
TRANSFER,Legitimate,281,"100,001-500,000",1175
TRANSFER,Legitimate,281,101-500,3
TRANSFER,Legitimate,281,"5,001-10,000",27
TRANSFER,Legitimate,281,"50,001-100,000",220
TRANSFER,Legitimate,281,"500,001-1,000,000",261
TRANSFER,Legitimate,281,"501-1,000",2
CASH_IN,Legitimate,282,0-100,1
CASH_IN,Legitimate,282,"1,001-5,000",103
CASH_IN,Legitimate,282,"10,001-50,000",1005
CASH_IN,Legitimate,282,"100,001-500,000",3912
CASH_IN,Legitimate,282,101-500,9
CASH_IN,Legitimate,282,"5,001-10,000",133
CASH_IN,Legitimate,282,"50,001-100,000",1324
CASH_IN,Legitimate,282,"500,001-1,000,000",58
CASH_IN,Legitimate,282,"501-1,000",9
CASH_OUT,Fraud,282,"1,000,001+",2
CASH_OUT,Fraud,282,"10,001-50,000",2
CASH_OUT,Fraud,282,"100,001-500,000",3
CASH_OUT,Fraud,282,101-500,1
CASH_OUT,Fraud,282,"5,001-10,000",1
CASH_OUT,Legitimate,282,0-100,5
CASH_OUT,Legitimate,282,"1,001-5,000",196
CASH_OUT,Legitimate,282,"10,001-50,000",2120
CASH_OUT,Legitimate,282,"100,001-500,000",6641
CASH_OUT,Legitimate,282,101-500,21
CASH_OUT,Legitimate,282,"5,001-10,000",246
CASH_OUT,Legitimate,282,"50,001-100,000",2558
CASH_OUT,Legitimate,282,"500,001-1,000,000",94
CASH_OUT,Legitimate,282,"501-1,000",21
DEBIT,Legitimate,282,0-100,4
DEBIT,Legitimate,282,"1,001-5,000",100
DEBIT,Legitimate,282,"10,001-50,000",13
DEBIT,Legitimate,282,"100,001-500,000",2
DEBIT,Legitimate,282,101-500,13
DEBIT,Legitimate,282,"5,001-10,000",36
DEBIT,Legitimate,282,"50,001-100,000",2
DEBIT,Legitimate,282,"501-1,000",13
PAYMENT,Legitimate,282,0-100,72
PAYMENT,Legitimate,282,"1,001-5,000",2829
PAYMENT,Legitimate,282,"10,001-50,000",3509
PAYMENT,Legitimate,282,"100,001-500,000",7
PAYMENT,Legitimate,282,101-500,280
PAYMENT,Legitimate,282,"5,001-10,000",2896
PAYMENT,Legitimate,282,"50,001-100,000",184
PAYMENT,Legitimate,282,"501-1,000",360
TRANSFER,Fraud,282,"1,000,001+",2
TRANSFER,Fraud,282,"10,001-50,000",2
TRANSFER,Fraud,282,"100,001-500,000",3
TRANSFER,Fraud,282,101-500,1
TRANSFER,Fraud,282,"5,001-10,000",1
TRANSFER,Legitimate,282,"1,000,001+",324
TRANSFER,Legitimate,282,"1,001-5,000",18
TRANSFER,Legitimate,282,"10,001-50,000",176
TRANSFER,Legitimate,282,"100,001-500,000",1263
TRANSFER,Legitimate,282,101-500,1
TRANSFER,Legitimate,282,"5,001-10,000",16
TRANSFER,Legitimate,282,"50,001-100,000",224
TRANSFER,Legitimate,282,"500,001-1,000,000",301
TRANSFER,Legitimate,282,"501-1,000",1
CASH_IN,Legitimate,283,0-100,5
CASH_IN,Legitimate,283,"1,001-5,000",133
CASH_IN,Legitimate,283,"10,001-50,000",1291
CASH_IN,Legitimate,283,"100,001-500,000",4409
CASH_IN,Legitimate,283,101-500,14
CASH_IN,Legitimate,283,"5,001-10,000",153
CASH_IN,Legitimate,283,"50,001-100,000",1537
CASH_IN,Legitimate,283,"500,001-1,000,000",99
CASH_IN,Legitimate,283,"501-1,000",21
CASH_OUT,Fraud,283,"100,001-500,000",2
CASH_OUT,Fraud,283,"500,001-1,000,000",2
CASH_OUT,Legitimate,283,0-100,1
CASH_OUT,Legitimate,283,"1,001-5,000",239
CASH_OUT,Legitimate,283,"10,001-50,000",2556
CASH_OUT,Legitimate,283,"100,001-500,000",7560
CASH_OUT,Legitimate,283,101-500,26
CASH_OUT,Legitimate,283,"5,001-10,000",273
CASH_OUT,Legitimate,283,"50,001-100,000",3260
CASH_OUT,Legitimate,283,"500,001-1,000,000",127
CASH_OUT,Legitimate,283,"501-1,000",30
DEBIT,Legitimate,283,"1,001-5,000",45
DEBIT,Legitimate,283,"10,001-50,000",82
DEBIT,Legitimate,283,"100,001-500,000",1
DEBIT,Legitimate,283,101-500,2
DEBIT,Legitimate,283,"5,001-10,000",27
DEBIT,Legitimate,283,"50,001-100,000",7
DEBIT,Legitimate,283,"501-1,000",7
PAYMENT,Legitimate,283,0-100,70
PAYMENT,Legitimate,283,"1,001-5,000",3048
PAYMENT,Legitimate,283,"10,001-50,000",4843
PAYMENT,Legitimate,283,"100,001-500,000",5
PAYMENT,Legitimate,283,101-500,276
PAYMENT,Legitimate,283,"5,001-10,000",3181
PAYMENT,Legitimate,283,"50,001-100,000",207
PAYMENT,Legitimate,283,"501-1,000",385
TRANSFER,Fraud,283,"100,001-500,000",2
TRANSFER,Fraud,283,"500,001-1,000,000",2
TRANSFER,Legitimate,283,0-100,1
TRANSFER,Legitimate,283,"1,000,001+",451
TRANSFER,Legitimate,283,"1,001-5,000",24
TRANSFER,Legitimate,283,"10,001-50,000",188
TRANSFER,Legitimate,283,"100,001-500,000",1385
TRANSFER,Legitimate,283,101-500,1
TRANSFER,Legitimate,283,"5,001-10,000",33
TRANSFER,Legitimate,283,"50,001-100,000",250
TRANSFER,Legitimate,283,"500,001-1,000,000",382
TRANSFER,Legitimate,283,"501-1,000",1
CASH_IN,Legitimate,284,0-100,3
CASH_IN,Legitimate,284,"1,000,001+",1
CASH_IN,Legitimate,284,"1,001-5,000",105
CASH_IN,Legitimate,284,"10,001-50,000",1204
CASH_IN,Legitimate,284,"100,001-500,000",3832
CASH_IN,Legitimate,284,101-500,19
CASH_IN,Legitimate,284,"5,001-10,000",133
CASH_IN,Legitimate,284,"50,001-100,000",1433
CASH_IN,Legitimate,284,"500,001-1,000,000",80
CASH_IN,Legitimate,284,"501-1,000",9
CASH_OUT,Fraud,284,"100,001-500,000",3
CASH_OUT,Fraud,284,"500,001-1,000,000",5
CASH_OUT,Legitimate,284,0-100,3
CASH_OUT,Legitimate,284,"1,001-5,000",215
CASH_OUT,Legitimate,284,"10,001-50,000",2159
CASH_OUT,Legitimate,284,"100,001-500,000",6454
CASH_OUT,Legitimate,284,101-500,21
CASH_OUT,Legitimate,284,"5,001-10,000",262
CASH_OUT,Legitimate,284,"50,001-100,000",2682
CASH_OUT,Legitimate,284,"500,001-1,000,000",111
CASH_OUT,Legitimate,284,"501-1,000",23
DEBIT,Legitimate,284,0-100,3
DEBIT,Legitimate,284,"1,001-5,000",94
DEBIT,Legitimate,284,"10,001-50,000",5
DEBIT,Legitimate,284,"100,001-500,000",1
DEBIT,Legitimate,284,101-500,10
DEBIT,Legitimate,284,"5,001-10,000",10
DEBIT,Legitimate,284,"50,001-100,000",2
DEBIT,Legitimate,284,"501-1,000",26
PAYMENT,Legitimate,284,0-100,69
PAYMENT,Legitimate,284,"1,001-5,000",2868
PAYMENT,Legitimate,284,"10,001-50,000",5282
PAYMENT,Legitimate,284,"100,001-500,000",8
PAYMENT,Legitimate,284,101-500,304
PAYMENT,Legitimate,284,"5,001-10,000",3040
PAYMENT,Legitimate,284,"50,001-100,000",191
PAYMENT,Legitimate,284,"501-1,000",391
TRANSFER,Fraud,284,"100,001-500,000",3
TRANSFER,Fraud,284,"500,001-1,000,000",5
TRANSFER,Legitimate,284,"1,000,001+",435
TRANSFER,Legitimate,284,"1,001-5,000",19
TRANSFER,Legitimate,284,"10,001-50,000",159
TRANSFER,Legitimate,284,"100,001-500,000",1196
TRANSFER,Legitimate,284,101-500,1
TRANSFER,Legitimate,284,"5,001-10,000",27
TRANSFER,Legitimate,284,"50,001-100,000",199
TRANSFER,Legitimate,284,"500,001-1,000,000",343
TRANSFER,Legitimate,284,"501-1,000",1
CASH_IN,Legitimate,285,"1,001-5,000",40
CASH_IN,Legitimate,285,"10,001-50,000",456
CASH_IN,Legitimate,285,"100,001-500,000",1598
CASH_IN,Legitimate,285,101-500,2
CASH_IN,Legitimate,285,"5,001-10,000",49
CASH_IN,Legitimate,285,"50,001-100,000",567
CASH_IN,Legitimate,285,"500,001-1,000,000",30
CASH_IN,Legitimate,285,"501-1,000",5
CASH_OUT,Fraud,285,"1,000,001+",3
CASH_OUT,Fraud,285,"100,001-500,000",4
CASH_OUT,Fraud,285,"500,001-1,000,000",1
CASH_OUT,Legitimate,285,0-100,4
CASH_OUT,Legitimate,285,"1,001-5,000",49
CASH_OUT,Legitimate,285,"10,001-50,000",635
CASH_OUT,Legitimate,285,"100,001-500,000",2400
CASH_OUT,Legitimate,285,101-500,6
CASH_OUT,Legitimate,285,"5,001-10,000",78
CASH_OUT,Legitimate,285,"50,001-100,000",797
CASH_OUT,Legitimate,285,"500,001-1,000,000",56
CASH_OUT,Legitimate,285,"501-1,000",11
DEBIT,Legitimate,285,0-100,4
DEBIT,Legitimate,285,"1,001-5,000",63
DEBIT,Legitimate,285,"10,001-50,000",5
DEBIT,Legitimate,285,"100,001-500,000",1
DEBIT,Legitimate,285,101-500,9
DEBIT,Legitimate,285,"5,001-10,000",14
DEBIT,Legitimate,285,"50,001-100,000",5
DEBIT,Legitimate,285,"501-1,000",8
PAYMENT,Legitimate,285,0-100,40
PAYMENT,Legitimate,285,"1,001-5,000",1581
PAYMENT,Legitimate,285,"10,001-50,000",2523
PAYMENT,Legitimate,285,"100,001-500,000",4
PAYMENT,Legitimate,285,101-500,162
PAYMENT,Legitimate,285,"5,001-10,000",1607
PAYMENT,Legitimate,285,"50,001-100,000",151
PAYMENT,Legitimate,285,"501-1,000",220
TRANSFER,Fraud,285,"1,000,001+",3
TRANSFER,Fraud,285,"100,001-500,000",4
TRANSFER,Fraud,285,"500,001-1,000,000",1
TRANSFER,Legitimate,285,"1,000,001+",280
TRANSFER,Legitimate,285,"1,001-5,000",6
TRANSFER,Legitimate,285,"10,001-50,000",62
TRANSFER,Legitimate,285,"100,001-500,000",468
TRANSFER,Legitimate,285,101-500,3
TRANSFER,Legitimate,285,"5,001-10,000",6
TRANSFER,Legitimate,285,"50,001-100,000",75
TRANSFER,Legitimate,285,"500,001-1,000,000",170
CASH_IN,Legitimate,286,0-100,1
CASH_IN,Legitimate,286,"1,001-5,000",30
CASH_IN,Legitimate,286,"10,001-50,000",342
CASH_IN,Legitimate,286,"100,001-500,000",1322
CASH_IN,Legitimate,286,101-500,4
CASH_IN,Legitimate,286,"5,001-10,000",50
CASH_IN,Legitimate,286,"50,001-100,000",409
CASH_IN,Legitimate,286,"500,001-1,000,000",41
CASH_IN,Legitimate,286,"501-1,000",2
CASH_OUT,Fraud,286,"1,000,001+",1
CASH_OUT,Fraud,286,"100,001-500,000",2
CASH_OUT,Fraud,286,"50,001-100,000",1
CASH_OUT,Legitimate,286,0-100,1
CASH_OUT,Legitimate,286,"1,001-5,000",39
CASH_OUT,Legitimate,286,"10,001-50,000",345
CASH_OUT,Legitimate,286,"100,001-500,000",1593
CASH_OUT,Legitimate,286,101-500,5
CASH_OUT,Legitimate,286,"5,001-10,000",50
CASH_OUT,Legitimate,286,"50,001-100,000",457
CASH_OUT,Legitimate,286,"500,001-1,000,000",58
CASH_OUT,Legitimate,286,"501-1,000",4
DEBIT,Legitimate,286,0-100,2
DEBIT,Legitimate,286,"1,001-5,000",80
DEBIT,Legitimate,286,"10,001-50,000",4
DEBIT,Legitimate,286,101-500,13
DEBIT,Legitimate,286,"5,001-10,000",8
DEBIT,Legitimate,286,"501-1,000",13
PAYMENT,Legitimate,286,0-100,24
PAYMENT,Legitimate,286,"1,001-5,000",1542
PAYMENT,Legitimate,286,"10,001-50,000",1940
PAYMENT,Legitimate,286,"100,001-500,000",4
PAYMENT,Legitimate,286,101-500,152
PAYMENT,Legitimate,286,"5,001-10,000",1466
PAYMENT,Legitimate,286,"50,001-100,000",210
PAYMENT,Legitimate,286,"501-1,000",201
TRANSFER,Fraud,286,"1,000,001+",1
TRANSFER,Fraud,286,"100,001-500,000",2
TRANSFER,Fraud,286,"50,001-100,000",1
TRANSFER,Legitimate,286,0-100,1
TRANSFER,Legitimate,286,"1,000,001+",287
TRANSFER,Legitimate,286,"1,001-5,000",3
TRANSFER,Legitimate,286,"10,001-50,000",40
TRANSFER,Legitimate,286,"100,001-500,000",358
TRANSFER,Legitimate,286,101-500,2
TRANSFER,Legitimate,286,"5,001-10,000",5
TRANSFER,Legitimate,286,"50,001-100,000",59
TRANSFER,Legitimate,286,"500,001-1,000,000",157
TRANSFER,Legitimate,286,"501-1,000",1
CASH_IN,Legitimate,287,0-100,1
CASH_IN,Legitimate,287,"1,001-5,000",10
CASH_IN,Legitimate,287,"10,001-50,000",139
CASH_IN,Legitimate,287,"100,001-500,000",601
CASH_IN,Legitimate,287,101-500,2
CASH_IN,Legitimate,287,"5,001-10,000",14
CASH_IN,Legitimate,287,"50,001-100,000",179
CASH_IN,Legitimate,287,"500,001-1,000,000",22
CASH_IN,Legitimate,287,"501-1,000",2
CASH_OUT,Fraud,287,"1,000,001+",2
CASH_OUT,Fraud,287,"100,001-500,000",2
CASH_OUT,Fraud,287,"500,001-1,000,000",1
CASH_OUT,Legitimate,287,"1,001-5,000",15
CASH_OUT,Legitimate,287,"10,001-50,000",172
CASH_OUT,Legitimate,287,"100,001-500,000",816
CASH_OUT,Legitimate,287,"5,001-10,000",19
CASH_OUT,Legitimate,287,"50,001-100,000",232
CASH_OUT,Legitimate,287,"500,001-1,000,000",40
CASH_OUT,Legitimate,287,"501-1,000",4
DEBIT,Legitimate,287,"1,001-5,000",49
DEBIT,Legitimate,287,"10,001-50,000",8
DEBIT,Legitimate,287,101-500,5
DEBIT,Legitimate,287,"5,001-10,000",27
DEBIT,Legitimate,287,"501-1,000",7
PAYMENT,Legitimate,287,0-100,25
PAYMENT,Legitimate,287,"1,001-5,000",537
PAYMENT,Legitimate,287,"10,001-50,000",2455
PAYMENT,Legitimate,287,"100,001-500,000",4
PAYMENT,Legitimate,287,101-500,58
PAYMENT,Legitimate,287,"5,001-10,000",652
PAYMENT,Legitimate,287,"50,001-100,000",149
PAYMENT,Legitimate,287,"501-1,000",64
TRANSFER,Fraud,287,"1,000,001+",2
TRANSFER,Fraud,287,"100,001-500,000",2
TRANSFER,Fraud,287,"500,001-1,000,000",1
TRANSFER,Legitimate,287,"1,000,001+",196
TRANSFER,Legitimate,287,"1,001-5,000",1
TRANSFER,Legitimate,287,"10,001-50,000",31
TRANSFER,Legitimate,287,"100,001-500,000",212
TRANSFER,Legitimate,287,"5,001-10,000",6
TRANSFER,Legitimate,287,"50,001-100,000",42
TRANSFER,Legitimate,287,"500,001-1,000,000",83
CASH_IN,Legitimate,288,"1,001-5,000",2
CASH_IN,Legitimate,288,"10,001-50,000",70
CASH_IN,Legitimate,288,"100,001-500,000",358
CASH_IN,Legitimate,288,"5,001-10,000",6
CASH_IN,Legitimate,288,"50,001-100,000",85
CASH_IN,Legitimate,288,"500,001-1,000,000",10
CASH_IN,Legitimate,288,"501-1,000",2
CASH_OUT,Fraud,288,"1,000,001+",1
CASH_OUT,Fraud,288,"10,001-50,000",3
CASH_OUT,Fraud,288,"500,001-1,000,000",1
CASH_OUT,Legitimate,288,"1,001-5,000",9
CASH_OUT,Legitimate,288,"10,001-50,000",94
CASH_OUT,Legitimate,288,"100,001-500,000",429
CASH_OUT,Legitimate,288,101-500,2
CASH_OUT,Legitimate,288,"5,001-10,000",7
CASH_OUT,Legitimate,288,"50,001-100,000",107
CASH_OUT,Legitimate,288,"500,001-1,000,000",18
DEBIT,Legitimate,288,0-100,2
DEBIT,Legitimate,288,"1,001-5,000",72
DEBIT,Legitimate,288,101-500,7
DEBIT,Legitimate,288,"5,001-10,000",13
DEBIT,Legitimate,288,"501-1,000",6
PAYMENT,Legitimate,288,0-100,4
PAYMENT,Legitimate,288,"1,001-5,000",169
PAYMENT,Legitimate,288,"10,001-50,000",1241
PAYMENT,Legitimate,288,"100,001-500,000",135
PAYMENT,Legitimate,288,101-500,18
PAYMENT,Legitimate,288,"5,001-10,000",222
PAYMENT,Legitimate,288,"50,001-100,000",550
PAYMENT,Legitimate,288,"501-1,000",27
TRANSFER,Fraud,288,"1,000,001+",1
TRANSFER,Fraud,288,"10,001-50,000",3
TRANSFER,Fraud,288,"500,001-1,000,000",1
TRANSFER,Legitimate,288,"1,000,001+",111
TRANSFER,Legitimate,288,"1,001-5,000",2
TRANSFER,Legitimate,288,"10,001-50,000",19
TRANSFER,Legitimate,288,"100,001-500,000",118
TRANSFER,Legitimate,288,"5,001-10,000",3
TRANSFER,Legitimate,288,"50,001-100,000",29
TRANSFER,Legitimate,288,"500,001-1,000,000",61
CASH_IN,Legitimate,289,"1,001-5,000",4
CASH_IN,Legitimate,289,"10,001-50,000",30
CASH_IN,Legitimate,289,"100,001-500,000",125
CASH_IN,Legitimate,289,"5,001-10,000",5
CASH_IN,Legitimate,289,"50,001-100,000",48
CASH_IN,Legitimate,289,"500,001-1,000,000",8
CASH_OUT,Fraud,289,"1,001-5,000",1
CASH_OUT,Fraud,289,"10,001-50,000",2
CASH_OUT,Fraud,289,"100,001-500,000",1
CASH_OUT,Fraud,289,"50,001-100,000",1
CASH_OUT,Fraud,289,"500,001-1,000,000",1
CASH_OUT,Legitimate,289,"1,001-5,000",2
CASH_OUT,Legitimate,289,"10,001-50,000",19
CASH_OUT,Legitimate,289,"100,001-500,000",118
CASH_OUT,Legitimate,289,"5,001-10,000",5
CASH_OUT,Legitimate,289,"50,001-100,000",18
CASH_OUT,Legitimate,289,"500,001-1,000,000",8
DEBIT,Legitimate,289,0-100,1
DEBIT,Legitimate,289,"1,001-5,000",30
DEBIT,Legitimate,289,101-500,4
DEBIT,Legitimate,289,"5,001-10,000",14
DEBIT,Legitimate,289,"501-1,000",9
PAYMENT,Legitimate,289,0-100,7
PAYMENT,Legitimate,289,"1,001-5,000",303
PAYMENT,Legitimate,289,"10,001-50,000",233
PAYMENT,Legitimate,289,"100,001-500,000",2
PAYMENT,Legitimate,289,101-500,29
PAYMENT,Legitimate,289,"5,001-10,000",247
PAYMENT,Legitimate,289,"50,001-100,000",31
PAYMENT,Legitimate,289,"501-1,000",37
TRANSFER,Fraud,289,"1,001-5,000",1
TRANSFER,Fraud,289,"10,001-50,000",2
TRANSFER,Fraud,289,"100,001-500,000",1
TRANSFER,Fraud,289,"50,001-100,000",1
TRANSFER,Fraud,289,"500,001-1,000,000",1
TRANSFER,Legitimate,289,"1,000,001+",22
TRANSFER,Legitimate,289,"10,001-50,000",8
TRANSFER,Legitimate,289,"100,001-500,000",30
TRANSFER,Legitimate,289,"5,001-10,000",1
TRANSFER,Legitimate,289,"50,001-100,000",13
TRANSFER,Legitimate,289,"500,001-1,000,000",14
CASH_IN,Legitimate,290,"1,001-5,000",1
CASH_IN,Legitimate,290,"10,001-50,000",14
CASH_IN,Legitimate,290,"100,001-500,000",103
CASH_IN,Legitimate,290,"5,001-10,000",3
CASH_IN,Legitimate,290,"50,001-100,000",22
CASH_IN,Legitimate,290,"500,001-1,000,000",4
CASH_OUT,Fraud,290,"1,000,001+",1
CASH_OUT,Fraud,290,"1,001-5,000",1
CASH_OUT,Fraud,290,"100,001-500,000",1
CASH_OUT,Fraud,290,"500,001-1,000,000",1
CASH_OUT,Legitimate,290,"1,001-5,000",1
CASH_OUT,Legitimate,290,"10,001-50,000",4
CASH_OUT,Legitimate,290,"100,001-500,000",29
CASH_OUT,Legitimate,290,"50,001-100,000",10
CASH_OUT,Legitimate,290,"500,001-1,000,000",1
DEBIT,Legitimate,290,"1,001-5,000",13
DEBIT,Legitimate,290,"10,001-50,000",3
DEBIT,Legitimate,290,101-500,2
DEBIT,Legitimate,290,"5,001-10,000",9
DEBIT,Legitimate,290,"501-1,000",3
PAYMENT,Legitimate,290,0-100,6
PAYMENT,Legitimate,290,"1,001-5,000",112
PAYMENT,Legitimate,290,"10,001-50,000",54
PAYMENT,Legitimate,290,101-500,13
PAYMENT,Legitimate,290,"5,001-10,000",39
PAYMENT,Legitimate,290,"50,001-100,000",10
PAYMENT,Legitimate,290,"501-1,000",7
TRANSFER,Fraud,290,"1,000,001+",1
TRANSFER,Fraud,290,"1,001-5,000",1
TRANSFER,Fraud,290,"100,001-500,000",1
TRANSFER,Fraud,290,"500,001-1,000,000",1
TRANSFER,Legitimate,290,"1,000,001+",3
TRANSFER,Legitimate,290,"100,001-500,000",7
TRANSFER,Legitimate,290,"5,001-10,000",2
TRANSFER,Legitimate,290,"50,001-100,000",3
TRANSFER,Legitimate,290,"500,001-1,000,000",1
CASH_OUT,Fraud,291,"1,000,001+",2
CASH_OUT,Fraud,291,"10,001-50,000",1
CASH_OUT,Fraud,291,"100,001-500,000",1
CASH_OUT,Fraud,291,"50,001-100,000",1
CASH_OUT,Legitimate,291,"100,001-500,000",7
CASH_OUT,Legitimate,291,"5,001-10,000",1
CASH_OUT,Legitimate,291,"50,001-100,000",1
CASH_OUT,Legitimate,291,"500,001-1,000,000",1
PAYMENT,Legitimate,291,0-100,2
PAYMENT,Legitimate,291,"1,001-5,000",5
PAYMENT,Legitimate,291,"10,001-50,000",3
PAYMENT,Legitimate,291,"5,001-10,000",1
PAYMENT,Legitimate,291,"501-1,000",2
TRANSFER,Fraud,291,"1,000,001+",2
TRANSFER,Fraud,291,"10,001-50,000",1
TRANSFER,Fraud,291,"100,001-500,000",1
TRANSFER,Fraud,291,"50,001-100,000",1
TRANSFER,Legitimate,291,"1,000,001+",4
TRANSFER,Legitimate,291,"100,001-500,000",5
TRANSFER,Legitimate,291,"500,001-1,000,000",2
CASH_OUT,Fraud,292,"1,000,001+",1
CASH_OUT,Fraud,292,"10,001-50,000",2
CASH_OUT,Fraud,292,"100,001-500,000",1
TRANSFER,Fraud,292,"1,000,001+",1
TRANSFER,Fraud,292,"10,001-50,000",2
TRANSFER,Fraud,292,"100,001-500,000",1
CASH_OUT,Fraud,293,"100,001-500,000",1
CASH_OUT,Fraud,293,"500,001-1,000,000",1
TRANSFER,Fraud,293,"100,001-500,000",1
TRANSFER,Fraud,293,"500,001-1,000,000",1
CASH_OUT,Fraud,294,"1,000,001+",2
CASH_OUT,Fraud,294,"10,001-50,000",1
CASH_OUT,Fraud,294,"100,001-500,000",3
CASH_OUT,Fraud,294,"50,001-100,000",2
CASH_OUT,Fraud,294,"500,001-1,000,000",1
TRANSFER,Fraud,294,"1,000,001+",2
TRANSFER,Fraud,294,"10,001-50,000",1
TRANSFER,Fraud,294,"100,001-500,000",3
TRANSFER,Fraud,294,"50,001-100,000",2
TRANSFER,Fraud,294,"500,001-1,000,000",1
CASH_OUT,Fraud,295,"1,000,001+",2
CASH_OUT,Fraud,295,"100,001-500,000",2
CASH_OUT,Fraud,295,"5,001-10,000",1
TRANSFER,Fraud,295,"1,000,001+",2
TRANSFER,Fraud,295,"100,001-500,000",2
TRANSFER,Fraud,295,"5,001-10,000",1
CASH_OUT,Fraud,296,"1,000,001+",4
CASH_OUT,Fraud,296,"10,001-50,000",1
CASH_OUT,Fraud,296,"100,001-500,000",3
CASH_OUT,Fraud,296,"500,001-1,000,000",3
TRANSFER,Fraud,296,"1,000,001+",4
TRANSFER,Fraud,296,"10,001-50,000",1
TRANSFER,Fraud,296,"100,001-500,000",3
TRANSFER,Fraud,296,"500,001-1,000,000",3
CASH_IN,Legitimate,297,"1,001-5,000",77
CASH_IN,Legitimate,297,"10,001-50,000",635
CASH_IN,Legitimate,297,"100,001-500,000",3119
CASH_IN,Legitimate,297,101-500,9
CASH_IN,Legitimate,297,"5,001-10,000",83
CASH_IN,Legitimate,297,"50,001-100,000",776
CASH_IN,Legitimate,297,"500,001-1,000,000",134
CASH_IN,Legitimate,297,"501-1,000",10
CASH_OUT,Fraud,297,"1,000,001+",3
CASH_OUT,Fraud,297,"50,001-100,000",1
CASH_OUT,Legitimate,297,0-100,5
CASH_OUT,Legitimate,297,"1,000,001+",1
CASH_OUT,Legitimate,297,"1,001-5,000",86
CASH_OUT,Legitimate,297,"10,001-50,000",778
CASH_OUT,Legitimate,297,"100,001-500,000",4688
CASH_OUT,Legitimate,297,101-500,7
CASH_OUT,Legitimate,297,"5,001-10,000",80
CASH_OUT,Legitimate,297,"50,001-100,000",1085
CASH_OUT,Legitimate,297,"500,001-1,000,000",275
CASH_OUT,Legitimate,297,"501-1,000",8
DEBIT,Legitimate,297,0-100,1
DEBIT,Legitimate,297,"1,001-5,000",59
DEBIT,Legitimate,297,"10,001-50,000",7
DEBIT,Legitimate,297,101-500,2
DEBIT,Legitimate,297,"5,001-10,000",27
DEBIT,Legitimate,297,"501-1,000",6
PAYMENT,Legitimate,297,0-100,22
PAYMENT,Legitimate,297,"1,001-5,000",812
PAYMENT,Legitimate,297,"10,001-50,000",4228
PAYMENT,Legitimate,297,"100,001-500,000",21
PAYMENT,Legitimate,297,101-500,69
PAYMENT,Legitimate,297,"5,001-10,000",875
PAYMENT,Legitimate,297,"50,001-100,000",797
PAYMENT,Legitimate,297,"501-1,000",82
TRANSFER,Fraud,297,"1,000,001+",3
TRANSFER,Fraud,297,"50,001-100,000",1
TRANSFER,Legitimate,297,"1,000,001+",856
TRANSFER,Legitimate,297,"1,001-5,000",5
TRANSFER,Legitimate,297,"10,001-50,000",39
TRANSFER,Legitimate,297,"100,001-500,000",381
TRANSFER,Legitimate,297,"5,001-10,000",3
TRANSFER,Legitimate,297,"50,001-100,000",49
TRANSFER,Legitimate,297,"500,001-1,000,000",403
TRANSFER,Legitimate,297,"501-1,000",1
CASH_IN,Legitimate,298,0-100,3
CASH_IN,Legitimate,298,"1,000,001+",1
CASH_IN,Legitimate,298,"1,001-5,000",95
CASH_IN,Legitimate,298,"10,001-50,000",873
CASH_IN,Legitimate,298,"100,001-500,000",4477
CASH_IN,Legitimate,298,101-500,12
CASH_IN,Legitimate,298,"5,001-10,000",107
CASH_IN,Legitimate,298,"50,001-100,000",1173
CASH_IN,Legitimate,298,"500,001-1,000,000",170
CASH_IN,Legitimate,298,"501-1,000",13
CASH_OUT,Fraud,298,"10,001-50,000",1
CASH_OUT,Fraud,298,"100,001-500,000",1
CASH_OUT,Legitimate,298,0-100,3
CASH_OUT,Legitimate,298,"1,001-5,000",117
CASH_OUT,Legitimate,298,"10,001-50,000",1218
CASH_OUT,Legitimate,298,"100,001-500,000",7240
CASH_OUT,Legitimate,298,101-500,13
CASH_OUT,Legitimate,298,"5,001-10,000",144
CASH_OUT,Legitimate,298,"50,001-100,000",1675
CASH_OUT,Legitimate,298,"500,001-1,000,000",350
CASH_OUT,Legitimate,298,"501-1,000",20
DEBIT,Legitimate,298,0-100,1
DEBIT,Legitimate,298,"1,001-5,000",60
DEBIT,Legitimate,298,"10,001-50,000",19
DEBIT,Legitimate,298,101-500,6
DEBIT,Legitimate,298,"5,001-10,000",30
DEBIT,Legitimate,298,"50,001-100,000",3
DEBIT,Legitimate,298,"501-1,000",4
PAYMENT,Legitimate,298,0-100,31
PAYMENT,Legitimate,298,"1,001-5,000",1013
PAYMENT,Legitimate,298,"10,001-50,000",5508
PAYMENT,Legitimate,298,"100,001-500,000",39
PAYMENT,Legitimate,298,101-500,92
PAYMENT,Legitimate,298,"5,001-10,000",1268
PAYMENT,Legitimate,298,"50,001-100,000",1045
PAYMENT,Legitimate,298,"501-1,000",133
TRANSFER,Fraud,298,"10,001-50,000",1
TRANSFER,Fraud,298,"100,001-500,000",1
TRANSFER,Legitimate,298,"1,000,001+",1398
TRANSFER,Legitimate,298,"1,001-5,000",11
TRANSFER,Legitimate,298,"10,001-50,000",75
TRANSFER,Legitimate,298,"100,001-500,000",563
TRANSFER,Legitimate,298,"5,001-10,000",9
TRANSFER,Legitimate,298,"50,001-100,000",72
TRANSFER,Legitimate,298,"500,001-1,000,000",491
CASH_IN,Legitimate,299,0-100,4
CASH_IN,Legitimate,299,"1,001-5,000",83
CASH_IN,Legitimate,299,"10,001-50,000",964
CASH_IN,Legitimate,299,"100,001-500,000",4975
CASH_IN,Legitimate,299,101-500,7
CASH_IN,Legitimate,299,"5,001-10,000",120
CASH_IN,Legitimate,299,"50,001-100,000",1190
CASH_IN,Legitimate,299,"500,001-1,000,000",145
CASH_IN,Legitimate,299,"501-1,000",12
CASH_OUT,Fraud,299,"1,000,001+",3
CASH_OUT,Fraud,299,"500,001-1,000,000",2
CASH_OUT,Legitimate,299,0-100,3
CASH_OUT,Legitimate,299,"1,001-5,000",122
CASH_OUT,Legitimate,299,"10,001-50,000",1412
CASH_OUT,Legitimate,299,"100,001-500,000",7649
CASH_OUT,Legitimate,299,101-500,8
CASH_OUT,Legitimate,299,"5,001-10,000",158
CASH_OUT,Legitimate,299,"50,001-100,000",1765
CASH_OUT,Legitimate,299,"500,001-1,000,000",413
CASH_OUT,Legitimate,299,"501-1,000",12
DEBIT,Legitimate,299,0-100,1
DEBIT,Legitimate,299,"1,001-5,000",26
DEBIT,Legitimate,299,"10,001-50,000",70
DEBIT,Legitimate,299,"100,001-500,000",6
DEBIT,Legitimate,299,101-500,6
DEBIT,Legitimate,299,"5,001-10,000",24
DEBIT,Legitimate,299,"50,001-100,000",27
DEBIT,Legitimate,299,"501-1,000",7
PAYMENT,Legitimate,299,0-100,35
PAYMENT,Legitimate,299,"1,001-5,000",1319
PAYMENT,Legitimate,299,"10,001-50,000",6363
PAYMENT,Legitimate,299,"100,001-500,000",7
PAYMENT,Legitimate,299,101-500,145
PAYMENT,Legitimate,299,"5,001-10,000",1557
PAYMENT,Legitimate,299,"50,001-100,000",678
PAYMENT,Legitimate,299,"501-1,000",155
TRANSFER,Fraud,299,"1,000,001+",3
TRANSFER,Fraud,299,"500,001-1,000,000",2
TRANSFER,Legitimate,299,"1,000,001+",1250
TRANSFER,Legitimate,299,"1,001-5,000",7
TRANSFER,Legitimate,299,"10,001-50,000",65
TRANSFER,Legitimate,299,"100,001-500,000",551
TRANSFER,Legitimate,299,101-500,2
TRANSFER,Legitimate,299,"5,001-10,000",5
TRANSFER,Legitimate,299,"50,001-100,000",70
TRANSFER,Legitimate,299,"500,001-1,000,000",512
CASH_IN,Legitimate,300,0-100,1
CASH_IN,Legitimate,300,"1,001-5,000",78
CASH_IN,Legitimate,300,"10,001-50,000",923
CASH_IN,Legitimate,300,"100,001-500,000",4603
CASH_IN,Legitimate,300,101-500,7
CASH_IN,Legitimate,300,"5,001-10,000",116
CASH_IN,Legitimate,300,"50,001-100,000",1134
CASH_IN,Legitimate,300,"500,001-1,000,000",225
CASH_IN,Legitimate,300,"501-1,000",13
CASH_OUT,Fraud,300,"100,001-500,000",2
CASH_OUT,Fraud,300,"500,001-1,000,000",2
CASH_OUT,Legitimate,300,0-100,3
CASH_OUT,Legitimate,300,"1,001-5,000",127
CASH_OUT,Legitimate,300,"10,001-50,000",1480
CASH_OUT,Legitimate,300,"100,001-500,000",7653
CASH_OUT,Legitimate,300,101-500,14
CASH_OUT,Legitimate,300,"5,001-10,000",197
CASH_OUT,Legitimate,300,"50,001-100,000",1820
CASH_OUT,Legitimate,300,"500,001-1,000,000",342
CASH_OUT,Legitimate,300,"501-1,000",17
DEBIT,Legitimate,300,0-100,1
DEBIT,Legitimate,300,"1,001-5,000",68
DEBIT,Legitimate,300,"10,001-50,000",26
DEBIT,Legitimate,300,101-500,3
DEBIT,Legitimate,300,"5,001-10,000",61
DEBIT,Legitimate,300,"501-1,000",11
PAYMENT,Legitimate,300,0-100,30
PAYMENT,Legitimate,300,"1,001-5,000",1365
PAYMENT,Legitimate,300,"10,001-50,000",5963
PAYMENT,Legitimate,300,"100,001-500,000",4
PAYMENT,Legitimate,300,101-500,132
PAYMENT,Legitimate,300,"5,001-10,000",1608
PAYMENT,Legitimate,300,"50,001-100,000",477
PAYMENT,Legitimate,300,"501-1,000",156
TRANSFER,Fraud,300,"100,001-500,000",2
TRANSFER,Fraud,300,"500,001-1,000,000",2
TRANSFER,Legitimate,300,"1,000,001+",1218
TRANSFER,Legitimate,300,"1,001-5,000",5
TRANSFER,Legitimate,300,"10,001-50,000",60
TRANSFER,Legitimate,300,"100,001-500,000",607
TRANSFER,Legitimate,300,"5,001-10,000",6
TRANSFER,Legitimate,300,"50,001-100,000",65
TRANSFER,Legitimate,300,"500,001-1,000,000",549
CASH_IN,Legitimate,301,0-100,1
CASH_IN,Legitimate,301,"1,001-5,000",75
CASH_IN,Legitimate,301,"10,001-50,000",858
CASH_IN,Legitimate,301,"100,001-500,000",4495
CASH_IN,Legitimate,301,101-500,13
CASH_IN,Legitimate,301,"5,001-10,000",119
CASH_IN,Legitimate,301,"50,001-100,000",1070
CASH_IN,Legitimate,301,"500,001-1,000,000",164
CASH_IN,Legitimate,301,"501-1,000",12
CASH_OUT,Fraud,301,"100,001-500,000",1
CASH_OUT,Fraud,301,"50,001-100,000",1
CASH_OUT,Legitimate,301,0-100,5
CASH_OUT,Legitimate,301,"1,001-5,000",136
CASH_OUT,Legitimate,301,"10,001-50,000",1414
CASH_OUT,Legitimate,301,"100,001-500,000",7664
CASH_OUT,Legitimate,301,101-500,15
CASH_OUT,Legitimate,301,"5,001-10,000",167
CASH_OUT,Legitimate,301,"50,001-100,000",1764
CASH_OUT,Legitimate,301,"500,001-1,000,000",418
CASH_OUT,Legitimate,301,"501-1,000",16
DEBIT,Legitimate,301,"1,001-5,000",82
DEBIT,Legitimate,301,"10,001-50,000",23
DEBIT,Legitimate,301,101-500,7
DEBIT,Legitimate,301,"5,001-10,000",43
DEBIT,Legitimate,301,"501-1,000",16
PAYMENT,Legitimate,301,0-100,28
PAYMENT,Legitimate,301,"1,001-5,000",1345
PAYMENT,Legitimate,301,"10,001-50,000",5775
PAYMENT,Legitimate,301,"100,001-500,000",22
PAYMENT,Legitimate,301,101-500,147
PAYMENT,Legitimate,301,"5,001-10,000",1780
PAYMENT,Legitimate,301,"50,001-100,000",446
PAYMENT,Legitimate,301,"501-1,000",200
TRANSFER,Fraud,301,"100,001-500,000",1
TRANSFER,Fraud,301,"50,001-100,000",1
TRANSFER,Legitimate,301,"1,000,001+",1071
TRANSFER,Legitimate,301,"1,001-5,000",18
TRANSFER,Legitimate,301,"10,001-50,000",60
TRANSFER,Legitimate,301,"100,001-500,000",681
TRANSFER,Legitimate,301,101-500,3
TRANSFER,Legitimate,301,"5,001-10,000",5
TRANSFER,Legitimate,301,"50,001-100,000",97
TRANSFER,Legitimate,301,"500,001-1,000,000",622
CASH_IN,Legitimate,302,0-100,3
CASH_IN,Legitimate,302,"1,001-5,000",85
CASH_IN,Legitimate,302,"10,001-50,000",787
CASH_IN,Legitimate,302,"100,001-500,000",4295
CASH_IN,Legitimate,302,101-500,13
CASH_IN,Legitimate,302,"5,001-10,000",97
CASH_IN,Legitimate,302,"50,001-100,000",1094
CASH_IN,Legitimate,302,"500,001-1,000,000",179
CASH_IN,Legitimate,302,"501-1,000",10
CASH_OUT,Fraud,302,"1,000,001+",2
CASH_OUT,Fraud,302,"10,001-50,000",1
CASH_OUT,Fraud,302,"500,001-1,000,000",1
CASH_OUT,Legitimate,302,0-100,1
CASH_OUT,Legitimate,302,"1,001-5,000",103
CASH_OUT,Legitimate,302,"10,001-50,000",1259
CASH_OUT,Legitimate,302,"100,001-500,000",7176
CASH_OUT,Legitimate,302,101-500,22
CASH_OUT,Legitimate,302,"5,001-10,000",145
CASH_OUT,Legitimate,302,"50,001-100,000",1682
CASH_OUT,Legitimate,302,"500,001-1,000,000",341
CASH_OUT,Legitimate,302,"501-1,000",15
DEBIT,Legitimate,302,0-100,4
DEBIT,Legitimate,302,"1,001-5,000",110
DEBIT,Legitimate,302,"10,001-50,000",4
DEBIT,Legitimate,302,101-500,11
DEBIT,Legitimate,302,"5,001-10,000",40
DEBIT,Legitimate,302,"501-1,000",13
PAYMENT,Legitimate,302,0-100,41
PAYMENT,Legitimate,302,"1,001-5,000",1521
PAYMENT,Legitimate,302,"10,001-50,000",4948
PAYMENT,Legitimate,302,"100,001-500,000",43
PAYMENT,Legitimate,302,101-500,143
PAYMENT,Legitimate,302,"5,001-10,000",1723
PAYMENT,Legitimate,302,"50,001-100,000",552
PAYMENT,Legitimate,302,"501-1,000",180
TRANSFER,Fraud,302,"1,000,001+",2
TRANSFER,Fraud,302,"10,001-50,000",1
TRANSFER,Fraud,302,"500,001-1,000,000",1
TRANSFER,Legitimate,302,"1,000,001+",972
TRANSFER,Legitimate,302,"1,001-5,000",11
TRANSFER,Legitimate,302,"10,001-50,000",64
TRANSFER,Legitimate,302,"100,001-500,000",685
TRANSFER,Legitimate,302,"5,001-10,000",5
TRANSFER,Legitimate,302,"50,001-100,000",103
TRANSFER,Legitimate,302,"500,001-1,000,000",638
TRANSFER,Legitimate,302,"501-1,000",1
CASH_IN,Legitimate,303,0-100,3
CASH_IN,Legitimate,303,"1,001-5,000",60
CASH_IN,Legitimate,303,"10,001-50,000",708
CASH_IN,Legitimate,303,"100,001-500,000",3857
CASH_IN,Legitimate,303,101-500,6
CASH_IN,Legitimate,303,"5,001-10,000",104
CASH_IN,Legitimate,303,"50,001-100,000",933
CASH_IN,Legitimate,303,"500,001-1,000,000",167
CASH_IN,Legitimate,303,"501-1,000",7
CASH_OUT,Fraud,303,"1,000,001+",3
CASH_OUT,Fraud,303,"100,001-500,000",3
CASH_OUT,Fraud,303,"500,001-1,000,000",1
CASH_OUT,Legitimate,303,0-100,4
CASH_OUT,Legitimate,303,"1,001-5,000",99
CASH_OUT,Legitimate,303,"10,001-50,000",1050
CASH_OUT,Legitimate,303,"100,001-500,000",5888
CASH_OUT,Legitimate,303,101-500,12
CASH_OUT,Legitimate,303,"5,001-10,000",132
CASH_OUT,Legitimate,303,"50,001-100,000",1289
CASH_OUT,Legitimate,303,"500,001-1,000,000",354
CASH_OUT,Legitimate,303,"501-1,000",12
DEBIT,Legitimate,303,0-100,4
DEBIT,Legitimate,303,"1,001-5,000",50
DEBIT,Legitimate,303,"10,001-50,000",35
DEBIT,Legitimate,303,101-500,10
DEBIT,Legitimate,303,"5,001-10,000",49
DEBIT,Legitimate,303,"501-1,000",12
PAYMENT,Legitimate,303,0-100,23
PAYMENT,Legitimate,303,"1,001-5,000",1044
PAYMENT,Legitimate,303,"10,001-50,000",4389
PAYMENT,Legitimate,303,"100,001-500,000",71
PAYMENT,Legitimate,303,101-500,98
PAYMENT,Legitimate,303,"5,001-10,000",1172
PAYMENT,Legitimate,303,"50,001-100,000",838
PAYMENT,Legitimate,303,"501-1,000",110
TRANSFER,Fraud,303,"1,000,001+",3
TRANSFER,Fraud,303,"100,001-500,000",3
TRANSFER,Fraud,303,"500,001-1,000,000",1
TRANSFER,Legitimate,303,"1,000,001+",923
TRANSFER,Legitimate,303,"1,001-5,000",7
TRANSFER,Legitimate,303,"10,001-50,000",79
TRANSFER,Legitimate,303,"100,001-500,000",542
TRANSFER,Legitimate,303,"5,001-10,000",6
TRANSFER,Legitimate,303,"50,001-100,000",73
TRANSFER,Legitimate,303,"500,001-1,000,000",478
TRANSFER,Legitimate,303,"501-1,000",2
CASH_IN,Legitimate,304,0-100,2
CASH_IN,Legitimate,304,"1,001-5,000",71
CASH_IN,Legitimate,304,"10,001-50,000",808
CASH_IN,Legitimate,304,"100,001-500,000",3889
CASH_IN,Legitimate,304,101-500,7
CASH_IN,Legitimate,304,"5,001-10,000",93
CASH_IN,Legitimate,304,"50,001-100,000",1083
CASH_IN,Legitimate,304,"500,001-1,000,000",106
CASH_IN,Legitimate,304,"501-1,000",6
CASH_OUT,Fraud,304,"10,001-50,000",1
CASH_OUT,Legitimate,304,0-100,3
CASH_OUT,Legitimate,304,"1,001-5,000",95
CASH_OUT,Legitimate,304,"10,001-50,000",1125
CASH_OUT,Legitimate,304,"100,001-500,000",6074
CASH_OUT,Legitimate,304,101-500,14
CASH_OUT,Legitimate,304,"5,001-10,000",122
CASH_OUT,Legitimate,304,"50,001-100,000",1409
CASH_OUT,Legitimate,304,"500,001-1,000,000",282
CASH_OUT,Legitimate,304,"501-1,000",10
DEBIT,Legitimate,304,0-100,3
DEBIT,Legitimate,304,"1,001-5,000",94
DEBIT,Legitimate,304,"10,001-50,000",10
DEBIT,Legitimate,304,101-500,6
DEBIT,Legitimate,304,"5,001-10,000",31
DEBIT,Legitimate,304,"501-1,000",20
PAYMENT,Legitimate,304,0-100,25
PAYMENT,Legitimate,304,"1,001-5,000",1360
PAYMENT,Legitimate,304,"10,001-50,000",4452
PAYMENT,Legitimate,304,"100,001-500,000",3
PAYMENT,Legitimate,304,101-500,126
PAYMENT,Legitimate,304,"5,001-10,000",1579
PAYMENT,Legitimate,304,"50,001-100,000",189
PAYMENT,Legitimate,304,"501-1,000",139
TRANSFER,Fraud,304,"10,001-50,000",1
TRANSFER,Legitimate,304,"1,000,001+",2653
TRANSFER,Legitimate,304,"1,001-5,000",2
TRANSFER,Legitimate,304,"10,001-50,000",44
TRANSFER,Legitimate,304,"100,001-500,000",386
TRANSFER,Legitimate,304,"5,001-10,000",4
TRANSFER,Legitimate,304,"50,001-100,000",50
TRANSFER,Legitimate,304,"500,001-1,000,000",320
CASH_IN,Legitimate,305,0-100,1
CASH_IN,Legitimate,305,"1,000,001+",1
CASH_IN,Legitimate,305,"1,001-5,000",98
CASH_IN,Legitimate,305,"10,001-50,000",950
CASH_IN,Legitimate,305,"100,001-500,000",5037
CASH_IN,Legitimate,305,101-500,10
CASH_IN,Legitimate,305,"5,001-10,000",132
CASH_IN,Legitimate,305,"50,001-100,000",1243
CASH_IN,Legitimate,305,"500,001-1,000,000",154
CASH_IN,Legitimate,305,"501-1,000",7
CASH_OUT,Fraud,305,"1,000,001+",4
CASH_OUT,Fraud,305,"10,001-50,000",1
CASH_OUT,Fraud,305,"100,001-500,000",2
CASH_OUT,Legitimate,305,0-100,1
CASH_OUT,Legitimate,305,"1,001-5,000",159
CASH_OUT,Legitimate,305,"10,001-50,000",1601
CASH_OUT,Legitimate,305,"100,001-500,000",8463
CASH_OUT,Legitimate,305,101-500,19
CASH_OUT,Legitimate,305,"5,001-10,000",196
CASH_OUT,Legitimate,305,"50,001-100,000",2163
CASH_OUT,Legitimate,305,"500,001-1,000,000",338
CASH_OUT,Legitimate,305,"501-1,000",20
DEBIT,Legitimate,305,0-100,3
DEBIT,Legitimate,305,"1,001-5,000",107
DEBIT,Legitimate,305,"10,001-50,000",17
DEBIT,Legitimate,305,101-500,10
DEBIT,Legitimate,305,"5,001-10,000",66
DEBIT,Legitimate,305,"501-1,000",14
PAYMENT,Legitimate,305,0-100,33
PAYMENT,Legitimate,305,"1,001-5,000",1606
PAYMENT,Legitimate,305,"10,001-50,000",5996
PAYMENT,Legitimate,305,"100,001-500,000",3
PAYMENT,Legitimate,305,101-500,160
PAYMENT,Legitimate,305,"5,001-10,000",1886
PAYMENT,Legitimate,305,"50,001-100,000",356
PAYMENT,Legitimate,305,"501-1,000",195
TRANSFER,Fraud,305,"1,000,001+",4
TRANSFER,Fraud,305,"10,001-50,000",1
TRANSFER,Fraud,305,"100,001-500,000",2
TRANSFER,Legitimate,305,"1,000,001+",2209
TRANSFER,Legitimate,305,"1,001-5,000",4
TRANSFER,Legitimate,305,"10,001-50,000",74
TRANSFER,Legitimate,305,"100,001-500,000",641
TRANSFER,Legitimate,305,101-500,1
TRANSFER,Legitimate,305,"5,001-10,000",9
TRANSFER,Legitimate,305,"50,001-100,000",99
TRANSFER,Legitimate,305,"500,001-1,000,000",498
TRANSFER,Legitimate,305,"501-1,000",1
CASH_IN,Legitimate,306,0-100,1
CASH_IN,Legitimate,306,"1,001-5,000",134
CASH_IN,Legitimate,306,"10,001-50,000",1333
CASH_IN,Legitimate,306,"100,001-500,000",6352
CASH_IN,Legitimate,306,101-500,12
CASH_IN,Legitimate,306,"5,001-10,000",180
CASH_IN,Legitimate,306,"50,001-100,000",1709
CASH_IN,Legitimate,306,"500,001-1,000,000",178
CASH_IN,Legitimate,306,"501-1,000",18
CASH_OUT,Fraud,306,"1,000,001+",3
CASH_OUT,Fraud,306,"100,001-500,000",1
CASH_OUT,Fraud,306,"500,001-1,000,000",2
CASH_OUT,Legitimate,306,0-100,6
CASH_OUT,Legitimate,306,"1,001-5,000",223
CASH_OUT,Legitimate,306,"10,001-50,000",2384
CASH_OUT,Legitimate,306,"100,001-500,000",10800
CASH_OUT,Legitimate,306,101-500,18
CASH_OUT,Legitimate,306,"5,001-10,000",275
CASH_OUT,Legitimate,306,"50,001-100,000",3130
CASH_OUT,Legitimate,306,"500,001-1,000,000",255
CASH_OUT,Legitimate,306,"501-1,000",32
DEBIT,Legitimate,306,0-100,2
DEBIT,Legitimate,306,"1,001-5,000",137
DEBIT,Legitimate,306,"10,001-50,000",23
DEBIT,Legitimate,306,101-500,12
DEBIT,Legitimate,306,"5,001-10,000",67
DEBIT,Legitimate,306,"501-1,000",15
PAYMENT,Legitimate,306,0-100,78
PAYMENT,Legitimate,306,"1,001-5,000",2487
PAYMENT,Legitimate,306,"10,001-50,000",6956
PAYMENT,Legitimate,306,"100,001-500,000",3
PAYMENT,Legitimate,306,101-500,221
PAYMENT,Legitimate,306,"5,001-10,000",2757
PAYMENT,Legitimate,306,"50,001-100,000",198
PAYMENT,Legitimate,306,"501-1,000",295
TRANSFER,Fraud,306,"1,000,001+",3
TRANSFER,Fraud,306,"100,001-500,000",1
TRANSFER,Fraud,306,"500,001-1,000,000",2
TRANSFER,Legitimate,306,"1,000,001+",753
TRANSFER,Legitimate,306,"1,001-5,000",13
TRANSFER,Legitimate,306,"10,001-50,000",129
TRANSFER,Legitimate,306,"100,001-500,000",1269
TRANSFER,Legitimate,306,101-500,2
TRANSFER,Legitimate,306,"5,001-10,000",17
TRANSFER,Legitimate,306,"50,001-100,000",182
TRANSFER,Legitimate,306,"500,001-1,000,000",944
TRANSFER,Legitimate,306,"501-1,000",3
CASH_IN,Legitimate,307,0-100,3
CASH_IN,Legitimate,307,"1,001-5,000",163
CASH_IN,Legitimate,307,"10,001-50,000",1548
CASH_IN,Legitimate,307,"100,001-500,000",6844
CASH_IN,Legitimate,307,101-500,16
CASH_IN,Legitimate,307,"5,001-10,000",186
CASH_IN,Legitimate,307,"50,001-100,000",1951
CASH_IN,Legitimate,307,"500,001-1,000,000",149
CASH_IN,Legitimate,307,"501-1,000",20
CASH_OUT,Fraud,307,"1,000,001+",3
CASH_OUT,Fraud,307,"10,001-50,000",1
CASH_OUT,Fraud,307,"100,001-500,000",4
CASH_OUT,Legitimate,307,0-100,7
CASH_OUT,Legitimate,307,"1,001-5,000",270
CASH_OUT,Legitimate,307,"10,001-50,000",2750
CASH_OUT,Legitimate,307,"100,001-500,000",10744
CASH_OUT,Legitimate,307,101-500,38
CASH_OUT,Legitimate,307,"5,001-10,000",327
CASH_OUT,Legitimate,307,"50,001-100,000",3474
CASH_OUT,Legitimate,307,"500,001-1,000,000",207
CASH_OUT,Legitimate,307,"501-1,000",30
DEBIT,Legitimate,307,0-100,3
DEBIT,Legitimate,307,"1,001-5,000",101
DEBIT,Legitimate,307,"10,001-50,000",29
DEBIT,Legitimate,307,101-500,19
DEBIT,Legitimate,307,"5,001-10,000",58
DEBIT,Legitimate,307,"501-1,000",14
PAYMENT,Legitimate,307,0-100,69
PAYMENT,Legitimate,307,"1,001-5,000",2889
PAYMENT,Legitimate,307,"10,001-50,000",7310
PAYMENT,Legitimate,307,"100,001-500,000",5
PAYMENT,Legitimate,307,101-500,293
PAYMENT,Legitimate,307,"5,001-10,000",3286
PAYMENT,Legitimate,307,"50,001-100,000",192
PAYMENT,Legitimate,307,"501-1,000",335
TRANSFER,Fraud,307,"1,000,001+",3
TRANSFER,Fraud,307,"10,001-50,000",1
TRANSFER,Fraud,307,"100,001-500,000",4
TRANSFER,Legitimate,307,0-100,1
TRANSFER,Legitimate,307,"1,000,001+",960
TRANSFER,Legitimate,307,"1,001-5,000",16
TRANSFER,Legitimate,307,"10,001-50,000",149
TRANSFER,Legitimate,307,"100,001-500,000",1323
TRANSFER,Legitimate,307,101-500,1
TRANSFER,Legitimate,307,"5,001-10,000",16
TRANSFER,Legitimate,307,"50,001-100,000",192
TRANSFER,Legitimate,307,"500,001-1,000,000",963
TRANSFER,Legitimate,307,"501-1,000",1
CASH_IN,Legitimate,308,0-100,4
CASH_IN,Legitimate,308,"1,001-5,000",105
CASH_IN,Legitimate,308,"10,001-50,000",1162
CASH_IN,Legitimate,308,"100,001-500,000",4683
CASH_IN,Legitimate,308,101-500,8
CASH_IN,Legitimate,308,"5,001-10,000",148
CASH_IN,Legitimate,308,"50,001-100,000",1538
CASH_IN,Legitimate,308,"500,001-1,000,000",78
CASH_IN,Legitimate,308,"501-1,000",15
CASH_OUT,Fraud,308,"1,000,001+",1
CASH_OUT,Fraud,308,"100,001-500,000",2
CASH_OUT,Legitimate,308,0-100,3
CASH_OUT,Legitimate,308,"1,001-5,000",187
CASH_OUT,Legitimate,308,"10,001-50,000",2065
CASH_OUT,Legitimate,308,"100,001-500,000",7782
CASH_OUT,Legitimate,308,101-500,18
CASH_OUT,Legitimate,308,"5,001-10,000",257
CASH_OUT,Legitimate,308,"50,001-100,000",2750
CASH_OUT,Legitimate,308,"500,001-1,000,000",144
CASH_OUT,Legitimate,308,"501-1,000",26
DEBIT,Legitimate,308,0-100,2
DEBIT,Legitimate,308,"1,001-5,000",122
DEBIT,Legitimate,308,"10,001-50,000",8
DEBIT,Legitimate,308,101-500,16
DEBIT,Legitimate,308,"5,001-10,000",15
DEBIT,Legitimate,308,"501-1,000",19
PAYMENT,Legitimate,308,0-100,58
PAYMENT,Legitimate,308,"1,001-5,000",2401
PAYMENT,Legitimate,308,"10,001-50,000",7000
PAYMENT,Legitimate,308,101-500,250
PAYMENT,Legitimate,308,"5,001-10,000",2756
PAYMENT,Legitimate,308,"50,001-100,000",290
PAYMENT,Legitimate,308,"501-1,000",308
TRANSFER,Fraud,308,"1,000,001+",1
TRANSFER,Fraud,308,"100,001-500,000",2
TRANSFER,Legitimate,308,0-100,1
TRANSFER,Legitimate,308,"1,000,001+",793
TRANSFER,Legitimate,308,"1,001-5,000",11
TRANSFER,Legitimate,308,"10,001-50,000",133
TRANSFER,Legitimate,308,"100,001-500,000",990
TRANSFER,Legitimate,308,101-500,1
TRANSFER,Legitimate,308,"5,001-10,000",12
TRANSFER,Legitimate,308,"50,001-100,000",142
TRANSFER,Legitimate,308,"500,001-1,000,000",673
TRANSFER,Legitimate,308,"501-1,000",3
CASH_IN,Legitimate,309,0-100,2
CASH_IN,Legitimate,309,"1,000,001+",1
CASH_IN,Legitimate,309,"1,001-5,000",44
CASH_IN,Legitimate,309,"10,001-50,000",495
CASH_IN,Legitimate,309,"100,001-500,000",1830
CASH_IN,Legitimate,309,101-500,4
CASH_IN,Legitimate,309,"5,001-10,000",53
CASH_IN,Legitimate,309,"50,001-100,000",616
CASH_IN,Legitimate,309,"500,001-1,000,000",36
CASH_IN,Legitimate,309,"501-1,000",3
CASH_OUT,Fraud,309,"1,000,001+",2
CASH_OUT,Fraud,309,"100,001-500,000",1
CASH_OUT,Fraud,309,"50,001-100,000",1
CASH_OUT,Legitimate,309,0-100,1
CASH_OUT,Legitimate,309,"1,001-5,000",56
CASH_OUT,Legitimate,309,"10,001-50,000",650
CASH_OUT,Legitimate,309,"100,001-500,000",2572
CASH_OUT,Legitimate,309,101-500,6
CASH_OUT,Legitimate,309,"5,001-10,000",67
CASH_OUT,Legitimate,309,"50,001-100,000",794
CASH_OUT,Legitimate,309,"500,001-1,000,000",60
CASH_OUT,Legitimate,309,"501-1,000",1
DEBIT,Legitimate,309,0-100,1
DEBIT,Legitimate,309,"1,001-5,000",65
DEBIT,Legitimate,309,"10,001-50,000",4
DEBIT,Legitimate,309,101-500,8
DEBIT,Legitimate,309,"5,001-10,000",3
DEBIT,Legitimate,309,"501-1,000",10
PAYMENT,Legitimate,309,0-100,19
PAYMENT,Legitimate,309,"1,001-5,000",1061
PAYMENT,Legitimate,309,"10,001-50,000",3771
PAYMENT,Legitimate,309,"100,001-500,000",4
PAYMENT,Legitimate,309,101-500,97
PAYMENT,Legitimate,309,"5,001-10,000",1178
PAYMENT,Legitimate,309,"50,001-100,000",227
PAYMENT,Legitimate,309,"501-1,000",130
TRANSFER,Fraud,309,"1,000,001+",2
TRANSFER,Fraud,309,"100,001-500,000",1
TRANSFER,Fraud,309,"50,001-100,000",1
TRANSFER,Legitimate,309,0-100,1
TRANSFER,Legitimate,309,"1,000,001+",382
TRANSFER,Legitimate,309,"1,001-5,000",8
TRANSFER,Legitimate,309,"10,001-50,000",50
TRANSFER,Legitimate,309,"100,001-500,000",518
TRANSFER,Legitimate,309,"5,001-10,000",7
TRANSFER,Legitimate,309,"50,001-100,000",65
TRANSFER,Legitimate,309,"500,001-1,000,000",239
CASH_IN,Legitimate,310,0-100,1
CASH_IN,Legitimate,310,"1,001-5,000",28
CASH_IN,Legitimate,310,"10,001-50,000",328
CASH_IN,Legitimate,310,"100,001-500,000",1362
CASH_IN,Legitimate,310,"5,001-10,000",37
CASH_IN,Legitimate,310,"50,001-100,000",403
CASH_IN,Legitimate,310,"500,001-1,000,000",33
CASH_IN,Legitimate,310,"501-1,000",5
CASH_OUT,Fraud,310,"1,000,001+",5
CASH_OUT,Legitimate,310,0-100,1
CASH_OUT,Legitimate,310,"1,001-5,000",31
CASH_OUT,Legitimate,310,"10,001-50,000",339
CASH_OUT,Legitimate,310,"100,001-500,000",1583
CASH_OUT,Legitimate,310,101-500,4
CASH_OUT,Legitimate,310,"5,001-10,000",38
CASH_OUT,Legitimate,310,"50,001-100,000",479
CASH_OUT,Legitimate,310,"500,001-1,000,000",41
CASH_OUT,Legitimate,310,"501-1,000",3
DEBIT,Legitimate,310,0-100,1
DEBIT,Legitimate,310,"1,001-5,000",59
DEBIT,Legitimate,310,"10,001-50,000",3
DEBIT,Legitimate,310,101-500,9
DEBIT,Legitimate,310,"5,001-10,000",12
DEBIT,Legitimate,310,"501-1,000",14
PAYMENT,Legitimate,310,0-100,16
PAYMENT,Legitimate,310,"1,001-5,000",859
PAYMENT,Legitimate,310,"10,001-50,000",3335
PAYMENT,Legitimate,310,"100,001-500,000",1
PAYMENT,Legitimate,310,101-500,89
PAYMENT,Legitimate,310,"5,001-10,000",962
PAYMENT,Legitimate,310,"50,001-100,000",114
PAYMENT,Legitimate,310,"501-1,000",119
TRANSFER,Fraud,310,"1,000,001+",5
TRANSFER,Legitimate,310,"1,000,001+",375
TRANSFER,Legitimate,310,"1,001-5,000",5
TRANSFER,Legitimate,310,"10,001-50,000",55
TRANSFER,Legitimate,310,"100,001-500,000",357
TRANSFER,Legitimate,310,"5,001-10,000",7
TRANSFER,Legitimate,310,"50,001-100,000",55
TRANSFER,Legitimate,310,"500,001-1,000,000",219
TRANSFER,Legitimate,310,"501-1,000",1
CASH_IN,Legitimate,311,"1,001-5,000",30
CASH_IN,Legitimate,311,"10,001-50,000",242
CASH_IN,Legitimate,311,"100,001-500,000",1137
CASH_IN,Legitimate,311,101-500,4
CASH_IN,Legitimate,311,"5,001-10,000",26
CASH_IN,Legitimate,311,"50,001-100,000",328
CASH_IN,Legitimate,311,"500,001-1,000,000",25
CASH_IN,Legitimate,311,"501-1,000",8
CASH_OUT,Fraud,311,"1,000,001+",4
CASH_OUT,Fraud,311,"100,001-500,000",3
CASH_OUT,Fraud,311,"50,001-100,000",1
CASH_OUT,Legitimate,311,0-100,3
CASH_OUT,Legitimate,311,"1,001-5,000",25
CASH_OUT,Legitimate,311,"10,001-50,000",224
CASH_OUT,Legitimate,311,"100,001-500,000",1130
CASH_OUT,Legitimate,311,101-500,3
CASH_OUT,Legitimate,311,"5,001-10,000",23
CASH_OUT,Legitimate,311,"50,001-100,000",324
CASH_OUT,Legitimate,311,"500,001-1,000,000",39
CASH_OUT,Legitimate,311,"501-1,000",1
DEBIT,Legitimate,311,0-100,2
DEBIT,Legitimate,311,"1,001-5,000",90
DEBIT,Legitimate,311,"10,001-50,000",5
DEBIT,Legitimate,311,101-500,13
DEBIT,Legitimate,311,"5,001-10,000",12
DEBIT,Legitimate,311,"501-1,000",17
PAYMENT,Legitimate,311,0-100,27
PAYMENT,Legitimate,311,"1,001-5,000",1454
PAYMENT,Legitimate,311,"10,001-50,000",2058
PAYMENT,Legitimate,311,"100,001-500,000",2
PAYMENT,Legitimate,311,101-500,146
PAYMENT,Legitimate,311,"5,001-10,000",1437
PAYMENT,Legitimate,311,"50,001-100,000",45
PAYMENT,Legitimate,311,"501-1,000",192
TRANSFER,Fraud,311,"1,000,001+",4
TRANSFER,Fraud,311,"100,001-500,000",3
TRANSFER,Fraud,311,"50,001-100,000",1
TRANSFER,Legitimate,311,"1,000,001+",287
TRANSFER,Legitimate,311,"1,001-5,000",4
TRANSFER,Legitimate,311,"10,001-50,000",30
TRANSFER,Legitimate,311,"100,001-500,000",263
TRANSFER,Legitimate,311,101-500,1
TRANSFER,Legitimate,311,"5,001-10,000",1
TRANSFER,Legitimate,311,"50,001-100,000",38
TRANSFER,Legitimate,311,"500,001-1,000,000",151
CASH_IN,Legitimate,312,"1,001-5,000",7
CASH_IN,Legitimate,312,"10,001-50,000",90
CASH_IN,Legitimate,312,"100,001-500,000",375
CASH_IN,Legitimate,312,101-500,1
CASH_IN,Legitimate,312,"5,001-10,000",8
CASH_IN,Legitimate,312,"50,001-100,000",81
CASH_IN,Legitimate,312,"500,001-1,000,000",10
CASH_IN,Legitimate,312,"501-1,000",2
CASH_OUT,Fraud,312,"1,000,001+",2
CASH_OUT,Fraud,312,"100,001-500,000",2
CASH_OUT,Fraud,312,"500,001-1,000,000",1
CASH_OUT,Legitimate,312,"1,001-5,000",7
CASH_OUT,Legitimate,312,"10,001-50,000",69
CASH_OUT,Legitimate,312,"100,001-500,000",371
CASH_OUT,Legitimate,312,"5,001-10,000",9
CASH_OUT,Legitimate,312,"50,001-100,000",104
CASH_OUT,Legitimate,312,"500,001-1,000,000",13
DEBIT,Legitimate,312,0-100,3
DEBIT,Legitimate,312,"1,001-5,000",70
DEBIT,Legitimate,312,101-500,9
DEBIT,Legitimate,312,"5,001-10,000",2
DEBIT,Legitimate,312,"501-1,000",8
PAYMENT,Legitimate,312,0-100,11
PAYMENT,Legitimate,312,"1,001-5,000",524
PAYMENT,Legitimate,312,"10,001-50,000",608
PAYMENT,Legitimate,312,"100,001-500,000",2
PAYMENT,Legitimate,312,101-500,45
PAYMENT,Legitimate,312,"5,001-10,000",483
PAYMENT,Legitimate,312,"50,001-100,000",20
PAYMENT,Legitimate,312,"501-1,000",68
TRANSFER,Fraud,312,"1,000,001+",2
TRANSFER,Fraud,312,"100,001-500,000",2
TRANSFER,Fraud,312,"500,001-1,000,000",1
TRANSFER,Legitimate,312,"1,000,001+",88
TRANSFER,Legitimate,312,"1,001-5,000",1
TRANSFER,Legitimate,312,"10,001-50,000",8
TRANSFER,Legitimate,312,"100,001-500,000",96
TRANSFER,Legitimate,312,"5,001-10,000",5
TRANSFER,Legitimate,312,"50,001-100,000",10
TRANSFER,Legitimate,312,"500,001-1,000,000",48
CASH_IN,Legitimate,313,"1,001-5,000",4
CASH_IN,Legitimate,313,"10,001-50,000",24
CASH_IN,Legitimate,313,"100,001-500,000",158
CASH_IN,Legitimate,313,"5,001-10,000",2
CASH_IN,Legitimate,313,"50,001-100,000",30
CASH_IN,Legitimate,313,"500,001-1,000,000",4
CASH_IN,Legitimate,313,"501-1,000",1
CASH_OUT,Fraud,313,"1,000,001+",4
CASH_OUT,Fraud,313,"100,001-500,000",1
CASH_OUT,Legitimate,313,"1,001-5,000",3
CASH_OUT,Legitimate,313,"10,001-50,000",16
CASH_OUT,Legitimate,313,"100,001-500,000",78
CASH_OUT,Legitimate,313,"5,001-10,000",4
CASH_OUT,Legitimate,313,"50,001-100,000",21
CASH_OUT,Legitimate,313,"500,001-1,000,000",4
DEBIT,Legitimate,313,"1,001-5,000",48
DEBIT,Legitimate,313,"10,001-50,000",1
DEBIT,Legitimate,313,101-500,2
DEBIT,Legitimate,313,"5,001-10,000",13
DEBIT,Legitimate,313,"501-1,000",5
PAYMENT,Legitimate,313,"1,001-5,000",79
PAYMENT,Legitimate,313,"10,001-50,000",411
PAYMENT,Legitimate,313,"100,001-500,000",19
PAYMENT,Legitimate,313,101-500,7
PAYMENT,Legitimate,313,"5,001-10,000",91
PAYMENT,Legitimate,313,"50,001-100,000",144
PAYMENT,Legitimate,313,"501-1,000",9
TRANSFER,Fraud,313,"1,000,001+",4
TRANSFER,Fraud,313,"100,001-500,000",1
TRANSFER,Legitimate,313,"1,000,001+",33
TRANSFER,Legitimate,313,"10,001-50,000",14
TRANSFER,Legitimate,313,"100,001-500,000",45
TRANSFER,Legitimate,313,"5,001-10,000",1
TRANSFER,Legitimate,313,"50,001-100,000",15
TRANSFER,Legitimate,313,"500,001-1,000,000",9
CASH_IN,Legitimate,314,"1,001-5,000",1
CASH_IN,Legitimate,314,"10,001-50,000",19
CASH_IN,Legitimate,314,"100,001-500,000",89
CASH_IN,Legitimate,314,"5,001-10,000",3
CASH_IN,Legitimate,314,"50,001-100,000",27
CASH_IN,Legitimate,314,"500,001-1,000,000",4
CASH_OUT,Fraud,314,"1,000,001+",1
CASH_OUT,Fraud,314,"100,001-500,000",1
CASH_OUT,Fraud,314,"50,001-100,000",1
CASH_OUT,Legitimate,314,"10,001-50,000",7
CASH_OUT,Legitimate,314,"100,001-500,000",47
CASH_OUT,Legitimate,314,"50,001-100,000",9
CASH_OUT,Legitimate,314,"500,001-1,000,000",4
DEBIT,Legitimate,314,"1,001-5,000",17
DEBIT,Legitimate,314,"5,001-10,000",3
DEBIT,Legitimate,314,"501-1,000",1
PAYMENT,Legitimate,314,0-100,4
PAYMENT,Legitimate,314,"1,001-5,000",120
PAYMENT,Legitimate,314,"10,001-50,000",49
PAYMENT,Legitimate,314,101-500,16
PAYMENT,Legitimate,314,"5,001-10,000",45
PAYMENT,Legitimate,314,"50,001-100,000",2
PAYMENT,Legitimate,314,"501-1,000",17
TRANSFER,Fraud,314,"1,000,001+",1
TRANSFER,Fraud,314,"100,001-500,000",1
TRANSFER,Fraud,314,"50,001-100,000",1
TRANSFER,Legitimate,314,"1,000,001+",3
TRANSFER,Legitimate,314,"10,001-50,000",1
TRANSFER,Legitimate,314,"100,001-500,000",11
TRANSFER,Legitimate,314,"50,001-100,000",2
TRANSFER,Legitimate,314,"500,001-1,000,000",5
CASH_OUT,Fraud,315,"1,000,001+",3
CASH_OUT,Fraud,315,"5,001-10,000",1
CASH_OUT,Fraud,315,"50,001-100,000",2
TRANSFER,Fraud,315,"1,000,001+",3
TRANSFER,Fraud,315,"5,001-10,000",1
TRANSFER,Fraud,315,"50,001-100,000",2
CASH_OUT,Fraud,316,"1,000,001+",2
CASH_OUT,Fraud,316,"100,001-500,000",1
CASH_OUT,Fraud,316,"50,001-100,000",1
CASH_OUT,Fraud,316,"500,001-1,000,000",2
TRANSFER,Fraud,316,"1,000,001+",2
TRANSFER,Fraud,316,"100,001-500,000",1
TRANSFER,Fraud,316,"50,001-100,000",1
TRANSFER,Fraud,316,"500,001-1,000,000",2
CASH_OUT,Fraud,317,"1,000,001+",1
CASH_OUT,Fraud,317,"10,001-50,000",1
CASH_OUT,Fraud,317,"100,001-500,000",4
CASH_OUT,Fraud,317,101-500,1
CASH_OUT,Fraud,317,"5,001-10,000",2
CASH_OUT,Fraud,317,"500,001-1,000,000",1
TRANSFER,Fraud,317,"1,000,001+",1
TRANSFER,Fraud,317,"10,001-50,000",1
TRANSFER,Fraud,317,"100,001-500,000",4
TRANSFER,Fraud,317,101-500,1
TRANSFER,Fraud,317,"5,001-10,000",2
TRANSFER,Fraud,317,"500,001-1,000,000",1
CASH_OUT,Fraud,318,"100,001-500,000",1
CASH_OUT,Fraud,318,"500,001-1,000,000",2
TRANSFER,Fraud,318,"100,001-500,000",1
TRANSFER,Fraud,318,"500,001-1,000,000",2
CASH_OUT,Fraud,319,"1,000,001+",2
CASH_OUT,Fraud,319,"50,001-100,000",2
TRANSFER,Fraud,319,"1,000,001+",2
TRANSFER,Fraud,319,"50,001-100,000",2
CASH_OUT,Fraud,320,"1,000,001+",1
CASH_OUT,Fraud,320,"10,001-50,000",1
CASH_OUT,Fraud,320,"100,001-500,000",3
CASH_OUT,Fraud,320,"50,001-100,000",1
CASH_OUT,Fraud,320,"500,001-1,000,000",1
TRANSFER,Fraud,320,"1,000,001+",1
TRANSFER,Fraud,320,"10,001-50,000",1
TRANSFER,Fraud,320,"100,001-500,000",3
TRANSFER,Fraud,320,"50,001-100,000",1
TRANSFER,Fraud,320,"500,001-1,000,000",1
CASH_IN,Legitimate,321,0-100,1
CASH_IN,Legitimate,321,"1,001-5,000",49
CASH_IN,Legitimate,321,"10,001-50,000",553
CASH_IN,Legitimate,321,"100,001-500,000",2539
CASH_IN,Legitimate,321,101-500,9
CASH_IN,Legitimate,321,"5,001-10,000",73
CASH_IN,Legitimate,321,"50,001-100,000",668
CASH_IN,Legitimate,321,"500,001-1,000,000",51
CASH_IN,Legitimate,321,"501-1,000",4
CASH_OUT,Fraud,321,"100,001-500,000",2
CASH_OUT,Fraud,321,"50,001-100,000",1
CASH_OUT,Fraud,321,"500,001-1,000,000",1
CASH_OUT,Legitimate,321,0-100,2
CASH_OUT,Legitimate,321,"1,001-5,000",70
CASH_OUT,Legitimate,321,"10,001-50,000",754
CASH_OUT,Legitimate,321,"100,001-500,000",3976
CASH_OUT,Legitimate,321,101-500,6
CASH_OUT,Legitimate,321,"5,001-10,000",87
CASH_OUT,Legitimate,321,"50,001-100,000",932
CASH_OUT,Legitimate,321,"500,001-1,000,000",144
CASH_OUT,Legitimate,321,"501-1,000",12
DEBIT,Legitimate,321,0-100,3
DEBIT,Legitimate,321,"1,001-5,000",91
DEBIT,Legitimate,321,"10,001-50,000",8
DEBIT,Legitimate,321,101-500,8
DEBIT,Legitimate,321,"5,001-10,000",13
DEBIT,Legitimate,321,"501-1,000",10
PAYMENT,Legitimate,321,0-100,22
PAYMENT,Legitimate,321,"1,001-5,000",1073
PAYMENT,Legitimate,321,"10,001-50,000",3254
PAYMENT,Legitimate,321,"100,001-500,000",2
PAYMENT,Legitimate,321,101-500,102
PAYMENT,Legitimate,321,"5,001-10,000",1283
PAYMENT,Legitimate,321,"50,001-100,000",151
PAYMENT,Legitimate,321,"501-1,000",149
TRANSFER,Fraud,321,"100,001-500,000",2
TRANSFER,Fraud,321,"50,001-100,000",1
TRANSFER,Fraud,321,"500,001-1,000,000",1
TRANSFER,Legitimate,321,"1,000,001+",826
TRANSFER,Legitimate,321,"1,001-5,000",3
TRANSFER,Legitimate,321,"10,001-50,000",45
TRANSFER,Legitimate,321,"100,001-500,000",369
TRANSFER,Legitimate,321,101-500,1
TRANSFER,Legitimate,321,"5,001-10,000",5
TRANSFER,Legitimate,321,"50,001-100,000",43
TRANSFER,Legitimate,321,"500,001-1,000,000",369
CASH_IN,Legitimate,322,0-100,1
CASH_IN,Legitimate,322,"1,001-5,000",75
CASH_IN,Legitimate,322,"10,001-50,000",783
CASH_IN,Legitimate,322,"100,001-500,000",4015
CASH_IN,Legitimate,322,101-500,6
CASH_IN,Legitimate,322,"5,001-10,000",92
CASH_IN,Legitimate,322,"50,001-100,000",964
CASH_IN,Legitimate,322,"500,001-1,000,000",115
CASH_IN,Legitimate,322,"501-1,000",2
CASH_OUT,Fraud,322,"1,000,001+",3
CASH_OUT,Fraud,322,"10,001-50,000",1
CASH_OUT,Fraud,322,"100,001-500,000",3
CASH_OUT,Fraud,322,"50,001-100,000",1
CASH_OUT,Legitimate,322,0-100,4
CASH_OUT,Legitimate,322,"1,001-5,000",119
CASH_OUT,Legitimate,322,"10,001-50,000",1134
CASH_OUT,Legitimate,322,"100,001-500,000",6401
CASH_OUT,Legitimate,322,101-500,10
CASH_OUT,Legitimate,322,"5,001-10,000",140
CASH_OUT,Legitimate,322,"50,001-100,000",1480
CASH_OUT,Legitimate,322,"500,001-1,000,000",367
CASH_OUT,Legitimate,322,"501-1,000",14
DEBIT,Legitimate,322,0-100,5
DEBIT,Legitimate,322,"1,001-5,000",127
DEBIT,Legitimate,322,"10,001-50,000",10
DEBIT,Legitimate,322,101-500,15
DEBIT,Legitimate,322,"5,001-10,000",55
DEBIT,Legitimate,322,"501-1,000",19
PAYMENT,Legitimate,322,0-100,44
PAYMENT,Legitimate,322,"1,001-5,000",1174
PAYMENT,Legitimate,322,"10,001-50,000",5401
PAYMENT,Legitimate,322,"100,001-500,000",6
PAYMENT,Legitimate,322,101-500,115
PAYMENT,Legitimate,322,"5,001-10,000",1466
PAYMENT,Legitimate,322,"50,001-100,000",527
PAYMENT,Legitimate,322,"501-1,000",141
TRANSFER,Fraud,322,"1,000,001+",3
TRANSFER,Fraud,322,"10,001-50,000",1
TRANSFER,Fraud,322,"100,001-500,000",3
TRANSFER,Fraud,322,"50,001-100,000",1
TRANSFER,Legitimate,322,"1,000,001+",1254
TRANSFER,Legitimate,322,"1,001-5,000",2
TRANSFER,Legitimate,322,"10,001-50,000",52
TRANSFER,Legitimate,322,"100,001-500,000",504
TRANSFER,Legitimate,322,"5,001-10,000",4
TRANSFER,Legitimate,322,"50,001-100,000",56
TRANSFER,Legitimate,322,"500,001-1,000,000",431
TRANSFER,Legitimate,322,"501-1,000",1
CASH_IN,Legitimate,323,0-100,1
CASH_IN,Legitimate,323,"1,001-5,000",76
CASH_IN,Legitimate,323,"10,001-50,000",783
CASH_IN,Legitimate,323,"100,001-500,000",4417
CASH_IN,Legitimate,323,101-500,7
CASH_IN,Legitimate,323,"5,001-10,000",90
CASH_IN,Legitimate,323,"50,001-100,000",1078
CASH_IN,Legitimate,323,"500,001-1,000,000",177
CASH_IN,Legitimate,323,"501-1,000",11
CASH_OUT,Fraud,323,"1,000,001+",1
CASH_OUT,Fraud,323,"10,001-50,000",1
CASH_OUT,Fraud,323,"100,001-500,000",2
CASH_OUT,Fraud,323,"500,001-1,000,000",1
CASH_OUT,Legitimate,323,0-100,2
CASH_OUT,Legitimate,323,"1,000,001+",1
CASH_OUT,Legitimate,323,"1,001-5,000",124
CASH_OUT,Legitimate,323,"10,001-50,000",1303
CASH_OUT,Legitimate,323,"100,001-500,000",7278
CASH_OUT,Legitimate,323,101-500,9
CASH_OUT,Legitimate,323,"5,001-10,000",153
CASH_OUT,Legitimate,323,"50,001-100,000",1673
CASH_OUT,Legitimate,323,"500,001-1,000,000",439
CASH_OUT,Legitimate,323,"501-1,000",18
DEBIT,Legitimate,323,0-100,4
DEBIT,Legitimate,323,"1,001-5,000",135
DEBIT,Legitimate,323,"10,001-50,000",20
DEBIT,Legitimate,323,101-500,13
DEBIT,Legitimate,323,"5,001-10,000",77
DEBIT,Legitimate,323,"501-1,000",16
PAYMENT,Legitimate,323,0-100,24
PAYMENT,Legitimate,323,"1,001-5,000",1141
PAYMENT,Legitimate,323,"10,001-50,000",5760
PAYMENT,Legitimate,323,"100,001-500,000",26
PAYMENT,Legitimate,323,101-500,114
PAYMENT,Legitimate,323,"5,001-10,000",1376
PAYMENT,Legitimate,323,"50,001-100,000",984
PAYMENT,Legitimate,323,"501-1,000",143
TRANSFER,Fraud,323,"1,000,001+",1
TRANSFER,Fraud,323,"10,001-50,000",1
TRANSFER,Fraud,323,"100,001-500,000",2
TRANSFER,Fraud,323,"500,001-1,000,000",1
TRANSFER,Legitimate,323,"1,000,001+",1229
TRANSFER,Legitimate,323,"1,001-5,000",5
TRANSFER,Legitimate,323,"10,001-50,000",56
TRANSFER,Legitimate,323,"100,001-500,000",503
TRANSFER,Legitimate,323,"5,001-10,000",8
TRANSFER,Legitimate,323,"50,001-100,000",61
TRANSFER,Legitimate,323,"500,001-1,000,000",538
TRANSFER,Legitimate,323,"501-1,000",1
CASH_IN,Legitimate,324,0-100,2
CASH_IN,Legitimate,324,"1,001-5,000",88
CASH_IN,Legitimate,324,"10,001-50,000",850
CASH_IN,Legitimate,324,"100,001-500,000",4355
CASH_IN,Legitimate,324,101-500,7
CASH_IN,Legitimate,324,"5,001-10,000",106
CASH_IN,Legitimate,324,"50,001-100,000",1079
CASH_IN,Legitimate,324,"500,001-1,000,000",179
CASH_IN,Legitimate,324,"501-1,000",6
CASH_OUT,Fraud,324,"10,001-50,000",2
CASH_OUT,Fraud,324,"100,001-500,000",3
CASH_OUT,Legitimate,324,0-100,2
CASH_OUT,Legitimate,324,"1,001-5,000",99
CASH_OUT,Legitimate,324,"10,001-50,000",1303
CASH_OUT,Legitimate,324,"100,001-500,000",7037
CASH_OUT,Legitimate,324,101-500,16
CASH_OUT,Legitimate,324,"5,001-10,000",184
CASH_OUT,Legitimate,324,"50,001-100,000",1608
CASH_OUT,Legitimate,324,"500,001-1,000,000",387
CASH_OUT,Legitimate,324,"501-1,000",16
DEBIT,Legitimate,324,0-100,4
DEBIT,Legitimate,324,"1,001-5,000",91
DEBIT,Legitimate,324,"10,001-50,000",48
DEBIT,Legitimate,324,101-500,9
DEBIT,Legitimate,324,"5,001-10,000",72
DEBIT,Legitimate,324,"501-1,000",14
PAYMENT,Legitimate,324,0-100,26
PAYMENT,Legitimate,324,"1,001-5,000",1304
PAYMENT,Legitimate,324,"10,001-50,000",5621
PAYMENT,Legitimate,324,"100,001-500,000",7
PAYMENT,Legitimate,324,101-500,132
PAYMENT,Legitimate,324,"5,001-10,000",1600
PAYMENT,Legitimate,324,"50,001-100,000",453
PAYMENT,Legitimate,324,"501-1,000",163
TRANSFER,Fraud,324,"10,001-50,000",2
TRANSFER,Fraud,324,"100,001-500,000",3
TRANSFER,Legitimate,324,"1,000,001+",1141
TRANSFER,Legitimate,324,"1,001-5,000",7
TRANSFER,Legitimate,324,"10,001-50,000",81
TRANSFER,Legitimate,324,"100,001-500,000",644
TRANSFER,Legitimate,324,"5,001-10,000",8
TRANSFER,Legitimate,324,"50,001-100,000",88
TRANSFER,Legitimate,324,"500,001-1,000,000",583
CASH_IN,Legitimate,325,0-100,1
CASH_IN,Legitimate,325,"1,001-5,000",74
CASH_IN,Legitimate,325,"10,001-50,000",813
CASH_IN,Legitimate,325,"100,001-500,000",4220
CASH_IN,Legitimate,325,101-500,4
CASH_IN,Legitimate,325,"5,001-10,000",86
CASH_IN,Legitimate,325,"50,001-100,000",1052
CASH_IN,Legitimate,325,"500,001-1,000,000",161
CASH_IN,Legitimate,325,"501-1,000",12
CASH_OUT,Fraud,325,"1,000,001+",1
CASH_OUT,Fraud,325,"10,001-50,000",1
CASH_OUT,Fraud,325,"100,001-500,000",3
CASH_OUT,Legitimate,325,0-100,2
CASH_OUT,Legitimate,325,"1,001-5,000",131
CASH_OUT,Legitimate,325,"10,001-50,000",1274
CASH_OUT,Legitimate,325,"100,001-500,000",6771
CASH_OUT,Legitimate,325,101-500,11
CASH_OUT,Legitimate,325,"5,001-10,000",168
CASH_OUT,Legitimate,325,"50,001-100,000",1681
CASH_OUT,Legitimate,325,"500,001-1,000,000",271
CASH_OUT,Legitimate,325,"501-1,000",14
DEBIT,Legitimate,325,0-100,1
DEBIT,Legitimate,325,"1,001-5,000",82
DEBIT,Legitimate,325,"10,001-50,000",21
DEBIT,Legitimate,325,101-500,6
DEBIT,Legitimate,325,"5,001-10,000",62
DEBIT,Legitimate,325,"50,001-100,000",1
DEBIT,Legitimate,325,"501-1,000",15
PAYMENT,Legitimate,325,0-100,35
PAYMENT,Legitimate,325,"1,001-5,000",1423
PAYMENT,Legitimate,325,"10,001-50,000",5067
PAYMENT,Legitimate,325,"100,001-500,000",1
PAYMENT,Legitimate,325,101-500,139
PAYMENT,Legitimate,325,"5,001-10,000",1622
PAYMENT,Legitimate,325,"50,001-100,000",163
PAYMENT,Legitimate,325,"501-1,000",134
TRANSFER,Fraud,325,"1,000,001+",1
TRANSFER,Fraud,325,"10,001-50,000",1
TRANSFER,Fraud,325,"100,001-500,000",3
TRANSFER,Legitimate,325,"1,000,001+",1145
TRANSFER,Legitimate,325,"1,001-5,000",9
TRANSFER,Legitimate,325,"10,001-50,000",46
TRANSFER,Legitimate,325,"100,001-500,000",577
TRANSFER,Legitimate,325,"5,001-10,000",10
TRANSFER,Legitimate,325,"50,001-100,000",84
TRANSFER,Legitimate,325,"500,001-1,000,000",502
CASH_IN,Legitimate,326,0-100,1
CASH_IN,Legitimate,326,"1,001-5,000",67
CASH_IN,Legitimate,326,"10,001-50,000",761
CASH_IN,Legitimate,326,"100,001-500,000",3842
CASH_IN,Legitimate,326,101-500,7
CASH_IN,Legitimate,326,"5,001-10,000",87
CASH_IN,Legitimate,326,"50,001-100,000",965
CASH_IN,Legitimate,326,"500,001-1,000,000",182
CASH_IN,Legitimate,326,"501-1,000",13
CASH_OUT,Fraud,326,"1,000,001+",1
CASH_OUT,Fraud,326,"10,001-50,000",1
CASH_OUT,Fraud,326,"100,001-500,000",3
CASH_OUT,Fraud,326,"500,001-1,000,000",2
CASH_OUT,Legitimate,326,0-100,2
CASH_OUT,Legitimate,326,"1,001-5,000",121
CASH_OUT,Legitimate,326,"10,001-50,000",1226
CASH_OUT,Legitimate,326,"100,001-500,000",6368
CASH_OUT,Legitimate,326,101-500,12
CASH_OUT,Legitimate,326,"5,001-10,000",123
CASH_OUT,Legitimate,326,"50,001-100,000",1548
CASH_OUT,Legitimate,326,"500,001-1,000,000",249
CASH_OUT,Legitimate,326,"501-1,000",16
DEBIT,Legitimate,326,0-100,2
DEBIT,Legitimate,326,"1,001-5,000",90
DEBIT,Legitimate,326,"10,001-50,000",12
DEBIT,Legitimate,326,101-500,15
DEBIT,Legitimate,326,"5,001-10,000",33
DEBIT,Legitimate,326,"501-1,000",14
PAYMENT,Legitimate,326,0-100,34
PAYMENT,Legitimate,326,"1,001-5,000",1266
PAYMENT,Legitimate,326,"10,001-50,000",5294
PAYMENT,Legitimate,326,"100,001-500,000",2
PAYMENT,Legitimate,326,101-500,121
PAYMENT,Legitimate,326,"5,001-10,000",1412
PAYMENT,Legitimate,326,"50,001-100,000",289
PAYMENT,Legitimate,326,"501-1,000",163
TRANSFER,Fraud,326,"1,000,001+",1
TRANSFER,Fraud,326,"10,001-50,000",1
TRANSFER,Fraud,326,"100,001-500,000",3
TRANSFER,Fraud,326,"500,001-1,000,000",2
TRANSFER,Legitimate,326,0-100,1
TRANSFER,Legitimate,326,"1,000,001+",1116
TRANSFER,Legitimate,326,"1,001-5,000",5
TRANSFER,Legitimate,326,"10,001-50,000",47
TRANSFER,Legitimate,326,"100,001-500,000",549
TRANSFER,Legitimate,326,101-500,1
TRANSFER,Legitimate,326,"5,001-10,000",5
TRANSFER,Legitimate,326,"50,001-100,000",68
TRANSFER,Legitimate,326,"500,001-1,000,000",511
TRANSFER,Legitimate,326,"501-1,000",1
CASH_IN,Legitimate,327,0-100,1
CASH_IN,Legitimate,327,"1,001-5,000",72
CASH_IN,Legitimate,327,"10,001-50,000",764
CASH_IN,Legitimate,327,"100,001-500,000",3729
CASH_IN,Legitimate,327,101-500,9
CASH_IN,Legitimate,327,"5,001-10,000",78
CASH_IN,Legitimate,327,"50,001-100,000",938
CASH_IN,Legitimate,327,"500,001-1,000,000",123
CASH_IN,Legitimate,327,"501-1,000",13
CASH_OUT,Fraud,327,"1,000,001+",1
CASH_OUT,Fraud,327,"100,001-500,000",3
CASH_OUT,Fraud,327,"500,001-1,000,000",1
CASH_OUT,Legitimate,327,0-100,1
CASH_OUT,Legitimate,327,"1,001-5,000",116
CASH_OUT,Legitimate,327,"10,001-50,000",1079
CASH_OUT,Legitimate,327,"100,001-500,000",5976
CASH_OUT,Legitimate,327,101-500,10
CASH_OUT,Legitimate,327,"5,001-10,000",119
CASH_OUT,Legitimate,327,"50,001-100,000",1449
CASH_OUT,Legitimate,327,"500,001-1,000,000",304
CASH_OUT,Legitimate,327,"501-1,000",12
DEBIT,Legitimate,327,"1,001-5,000",23
DEBIT,Legitimate,327,"10,001-50,000",77
DEBIT,Legitimate,327,101-500,1
DEBIT,Legitimate,327,"5,001-10,000",15
DEBIT,Legitimate,327,"50,001-100,000",1
DEBIT,Legitimate,327,"501-1,000",3
PAYMENT,Legitimate,327,0-100,19
PAYMENT,Legitimate,327,"1,001-5,000",1016
PAYMENT,Legitimate,327,"10,001-50,000",4684
PAYMENT,Legitimate,327,"100,001-500,000",3
PAYMENT,Legitimate,327,101-500,120
PAYMENT,Legitimate,327,"5,001-10,000",1226
PAYMENT,Legitimate,327,"50,001-100,000",445
PAYMENT,Legitimate,327,"501-1,000",128
TRANSFER,Fraud,327,"1,000,001+",1
TRANSFER,Fraud,327,"100,001-500,000",3
TRANSFER,Fraud,327,"500,001-1,000,000",1
TRANSFER,Legitimate,327,"1,000,001+",1810
TRANSFER,Legitimate,327,"1,001-5,000",7
TRANSFER,Legitimate,327,"10,001-50,000",56
TRANSFER,Legitimate,327,"100,001-500,000",401
TRANSFER,Legitimate,327,"5,001-10,000",4
TRANSFER,Legitimate,327,"50,001-100,000",60
TRANSFER,Legitimate,327,"500,001-1,000,000",280
TRANSFER,Legitimate,327,"501-1,000",1
CASH_IN,Legitimate,328,0-100,2
CASH_IN,Legitimate,328,"1,000,001+",2
CASH_IN,Legitimate,328,"1,001-5,000",86
CASH_IN,Legitimate,328,"10,001-50,000",782
CASH_IN,Legitimate,328,"100,001-500,000",4135
CASH_IN,Legitimate,328,101-500,6
CASH_IN,Legitimate,328,"5,001-10,000",106
CASH_IN,Legitimate,328,"50,001-100,000",1094
CASH_IN,Legitimate,328,"500,001-1,000,000",151
CASH_IN,Legitimate,328,"501-1,000",8
CASH_OUT,Fraud,328,"1,000,001+",2
CASH_OUT,Fraud,328,"10,001-50,000",1
CASH_OUT,Fraud,328,"100,001-500,000",4
CASH_OUT,Fraud,328,"5,001-10,000",1
CASH_OUT,Fraud,328,"500,001-1,000,000",1
CASH_OUT,Legitimate,328,0-100,3
CASH_OUT,Legitimate,328,"1,000,001+",1
CASH_OUT,Legitimate,328,"1,001-5,000",111
CASH_OUT,Legitimate,328,"10,001-50,000",1159
CASH_OUT,Legitimate,328,"100,001-500,000",6368
CASH_OUT,Legitimate,328,101-500,16
CASH_OUT,Legitimate,328,"5,001-10,000",154
CASH_OUT,Legitimate,328,"50,001-100,000",1536
CASH_OUT,Legitimate,328,"500,001-1,000,000",323
CASH_OUT,Legitimate,328,"501-1,000",14
DEBIT,Legitimate,328,"1,001-5,000",32
DEBIT,Legitimate,328,"10,001-50,000",67
DEBIT,Legitimate,328,101-500,1
DEBIT,Legitimate,328,"5,001-10,000",28
DEBIT,Legitimate,328,"50,001-100,000",6
DEBIT,Legitimate,328,"501-1,000",8
PAYMENT,Legitimate,328,0-100,31
PAYMENT,Legitimate,328,"1,001-5,000",1087
PAYMENT,Legitimate,328,"10,001-50,000",4888
PAYMENT,Legitimate,328,"100,001-500,000",9
PAYMENT,Legitimate,328,101-500,100
PAYMENT,Legitimate,328,"5,001-10,000",1316
PAYMENT,Legitimate,328,"50,001-100,000",584
PAYMENT,Legitimate,328,"501-1,000",113
TRANSFER,Fraud,328,"1,000,001+",2
TRANSFER,Fraud,328,"10,001-50,000",1
TRANSFER,Fraud,328,"100,001-500,000",4
TRANSFER,Fraud,328,"5,001-10,000",1
TRANSFER,Fraud,328,"500,001-1,000,000",1
TRANSFER,Legitimate,328,"1,000,001+",1483
TRANSFER,Legitimate,328,"1,001-5,000",5
TRANSFER,Legitimate,328,"10,001-50,000",58
TRANSFER,Legitimate,328,"100,001-500,000",547
TRANSFER,Legitimate,328,"5,001-10,000",9
TRANSFER,Legitimate,328,"50,001-100,000",66
TRANSFER,Legitimate,328,"500,001-1,000,000",364
CASH_IN,Legitimate,329,0-100,1
CASH_IN,Legitimate,329,"1,000,001+",1
CASH_IN,Legitimate,329,"1,001-5,000",107
CASH_IN,Legitimate,329,"10,001-50,000",932
CASH_IN,Legitimate,329,"100,001-500,000",4564
CASH_IN,Legitimate,329,101-500,9
CASH_IN,Legitimate,329,"5,001-10,000",102
CASH_IN,Legitimate,329,"50,001-100,000",1221
CASH_IN,Legitimate,329,"500,001-1,000,000",165
CASH_IN,Legitimate,329,"501-1,000",6
CASH_OUT,Fraud,329,"1,000,001+",1
CASH_OUT,Fraud,329,"100,001-500,000",1
CASH_OUT,Fraud,329,"50,001-100,000",1
CASH_OUT,Legitimate,329,0-100,7
CASH_OUT,Legitimate,329,"1,001-5,000",146
CASH_OUT,Legitimate,329,"10,001-50,000",1624
CASH_OUT,Legitimate,329,"100,001-500,000",7725
CASH_OUT,Legitimate,329,101-500,12
CASH_OUT,Legitimate,329,"5,001-10,000",183
CASH_OUT,Legitimate,329,"50,001-100,000",2091
CASH_OUT,Legitimate,329,"500,001-1,000,000",247
CASH_OUT,Legitimate,329,"501-1,000",22
DEBIT,Legitimate,329,0-100,1
DEBIT,Legitimate,329,"1,001-5,000",49
DEBIT,Legitimate,329,"10,001-50,000",90
DEBIT,Legitimate,329,101-500,3
DEBIT,Legitimate,329,"5,001-10,000",31
DEBIT,Legitimate,329,"501-1,000",7
PAYMENT,Legitimate,329,0-100,36
PAYMENT,Legitimate,329,"1,001-5,000",1552
PAYMENT,Legitimate,329,"10,001-50,000",5956
PAYMENT,Legitimate,329,"100,001-500,000",3
PAYMENT,Legitimate,329,101-500,151
PAYMENT,Legitimate,329,"5,001-10,000",1845
PAYMENT,Legitimate,329,"50,001-100,000",394
PAYMENT,Legitimate,329,"501-1,000",192
TRANSFER,Fraud,329,"1,000,001+",1
TRANSFER,Fraud,329,"100,001-500,000",1
TRANSFER,Fraud,329,"50,001-100,000",1
TRANSFER,Legitimate,329,0-100,2
TRANSFER,Legitimate,329,"1,000,001+",893
TRANSFER,Legitimate,329,"1,001-5,000",11
TRANSFER,Legitimate,329,"10,001-50,000",71
TRANSFER,Legitimate,329,"100,001-500,000",849
TRANSFER,Legitimate,329,"5,001-10,000",16
TRANSFER,Legitimate,329,"50,001-100,000",117
TRANSFER,Legitimate,329,"500,001-1,000,000",720
TRANSFER,Legitimate,329,"501-1,000",1
CASH_IN,Legitimate,330,0-100,3
CASH_IN,Legitimate,330,"1,001-5,000",112
CASH_IN,Legitimate,330,"10,001-50,000",1124
CASH_IN,Legitimate,330,"100,001-500,000",5173
CASH_IN,Legitimate,330,101-500,7
CASH_IN,Legitimate,330,"5,001-10,000",148
CASH_IN,Legitimate,330,"50,001-100,000",1354
CASH_IN,Legitimate,330,"500,001-1,000,000",108
CASH_IN,Legitimate,330,"501-1,000",13
CASH_OUT,Fraud,330,"1,000,001+",2
CASH_OUT,Fraud,330,"10,001-50,000",2
CASH_OUT,Fraud,330,"50,001-100,000",1
CASH_OUT,Legitimate,330,0-100,7
CASH_OUT,Legitimate,330,"1,001-5,000",188
CASH_OUT,Legitimate,330,"10,001-50,000",1940
CASH_OUT,Legitimate,330,"100,001-500,000",8787
CASH_OUT,Legitimate,330,101-500,15
CASH_OUT,Legitimate,330,"5,001-10,000",217
CASH_OUT,Legitimate,330,"50,001-100,000",2585
CASH_OUT,Legitimate,330,"500,001-1,000,000",187
CASH_OUT,Legitimate,330,"501-1,000",21
DEBIT,Legitimate,330,0-100,3
DEBIT,Legitimate,330,"1,001-5,000",144
DEBIT,Legitimate,330,"10,001-50,000",4
DEBIT,Legitimate,330,101-500,14
DEBIT,Legitimate,330,"5,001-10,000",50
DEBIT,Legitimate,330,"501-1,000",22
PAYMENT,Legitimate,330,0-100,47
PAYMENT,Legitimate,330,"1,001-5,000",2159
PAYMENT,Legitimate,330,"10,001-50,000",6296
PAYMENT,Legitimate,330,101-500,190
PAYMENT,Legitimate,330,"5,001-10,000",2524
PAYMENT,Legitimate,330,"50,001-100,000",119
PAYMENT,Legitimate,330,"501-1,000",252
TRANSFER,Fraud,330,"1,000,001+",2
TRANSFER,Fraud,330,"10,001-50,000",2
TRANSFER,Fraud,330,"50,001-100,000",1
TRANSFER,Legitimate,330,"1,000,001+",533
TRANSFER,Legitimate,330,"1,001-5,000",13
TRANSFER,Legitimate,330,"10,001-50,000",139
TRANSFER,Legitimate,330,"100,001-500,000",1174
TRANSFER,Legitimate,330,101-500,1
TRANSFER,Legitimate,330,"5,001-10,000",20
TRANSFER,Legitimate,330,"50,001-100,000",148
TRANSFER,Legitimate,330,"500,001-1,000,000",831
CASH_IN,Legitimate,331,0-100,3
CASH_IN,Legitimate,331,"1,001-5,000",117
CASH_IN,Legitimate,331,"10,001-50,000",1240
CASH_IN,Legitimate,331,"100,001-500,000",5377
CASH_IN,Legitimate,331,101-500,15
CASH_IN,Legitimate,331,"5,001-10,000",139
CASH_IN,Legitimate,331,"50,001-100,000",1543
CASH_IN,Legitimate,331,"500,001-1,000,000",124
CASH_IN,Legitimate,331,"501-1,000",10
CASH_OUT,Fraud,331,"100,001-500,000",3
CASH_OUT,Legitimate,331,0-100,5
CASH_OUT,Legitimate,331,"1,001-5,000",235
CASH_OUT,Legitimate,331,"10,001-50,000",2205
CASH_OUT,Legitimate,331,"100,001-500,000",9410
CASH_OUT,Legitimate,331,101-500,21
CASH_OUT,Legitimate,331,"5,001-10,000",259
CASH_OUT,Legitimate,331,"50,001-100,000",2850
CASH_OUT,Legitimate,331,"500,001-1,000,000",165
CASH_OUT,Legitimate,331,"501-1,000",25
DEBIT,Legitimate,331,0-100,5
DEBIT,Legitimate,331,"1,001-5,000",140
DEBIT,Legitimate,331,"10,001-50,000",7
DEBIT,Legitimate,331,101-500,15
DEBIT,Legitimate,331,"5,001-10,000",43
DEBIT,Legitimate,331,"501-1,000",24
PAYMENT,Legitimate,331,0-100,62
PAYMENT,Legitimate,331,"1,001-5,000",2685
PAYMENT,Legitimate,331,"10,001-50,000",6459
PAYMENT,Legitimate,331,"100,001-500,000",2
PAYMENT,Legitimate,331,101-500,279
PAYMENT,Legitimate,331,"5,001-10,000",3051
PAYMENT,Legitimate,331,"50,001-100,000",147
PAYMENT,Legitimate,331,"501-1,000",321
TRANSFER,Fraud,331,"100,001-500,000",3
TRANSFER,Legitimate,331,"1,000,001+",664
TRANSFER,Legitimate,331,"1,001-5,000",11
TRANSFER,Legitimate,331,"10,001-50,000",136
TRANSFER,Legitimate,331,"100,001-500,000",1294
TRANSFER,Legitimate,331,101-500,1
TRANSFER,Legitimate,331,"5,001-10,000",20
TRANSFER,Legitimate,331,"50,001-100,000",188
TRANSFER,Legitimate,331,"500,001-1,000,000",882
TRANSFER,Legitimate,331,"501-1,000",1
CASH_IN,Legitimate,332,0-100,5
CASH_IN,Legitimate,332,"1,001-5,000",128
CASH_IN,Legitimate,332,"10,001-50,000",1198
CASH_IN,Legitimate,332,"100,001-500,000",4737
CASH_IN,Legitimate,332,101-500,11
CASH_IN,Legitimate,332,"5,001-10,000",151
CASH_IN,Legitimate,332,"50,001-100,000",1457
CASH_IN,Legitimate,332,"500,001-1,000,000",92
CASH_IN,Legitimate,332,"501-1,000",10
CASH_OUT,Fraud,332,"10,001-50,000",1
CASH_OUT,Fraud,332,"100,001-500,000",2
CASH_OUT,Legitimate,332,0-100,6
CASH_OUT,Legitimate,332,"1,001-5,000",160
CASH_OUT,Legitimate,332,"10,001-50,000",2038
CASH_OUT,Legitimate,332,"100,001-500,000",7239
CASH_OUT,Legitimate,332,101-500,18
CASH_OUT,Legitimate,332,"5,001-10,000",198
CASH_OUT,Legitimate,332,"50,001-100,000",2641
CASH_OUT,Legitimate,332,"500,001-1,000,000",128
CASH_OUT,Legitimate,332,"501-1,000",26
DEBIT,Legitimate,332,0-100,6
DEBIT,Legitimate,332,"1,001-5,000",120
DEBIT,Legitimate,332,"10,001-50,000",3
DEBIT,Legitimate,332,101-500,10
DEBIT,Legitimate,332,"5,001-10,000",26
DEBIT,Legitimate,332,"501-1,000",18
PAYMENT,Legitimate,332,0-100,65
PAYMENT,Legitimate,332,"1,001-5,000",2887
PAYMENT,Legitimate,332,"10,001-50,000",6096
PAYMENT,Legitimate,332,"100,001-500,000",1
PAYMENT,Legitimate,332,101-500,313
PAYMENT,Legitimate,332,"5,001-10,000",3082
PAYMENT,Legitimate,332,"50,001-100,000",208
PAYMENT,Legitimate,332,"501-1,000",379
TRANSFER,Fraud,332,"10,001-50,000",1
TRANSFER,Fraud,332,"100,001-500,000",2
TRANSFER,Legitimate,332,"1,000,001+",560
TRANSFER,Legitimate,332,"1,001-5,000",16
TRANSFER,Legitimate,332,"10,001-50,000",135
TRANSFER,Legitimate,332,"100,001-500,000",1141
TRANSFER,Legitimate,332,101-500,3
TRANSFER,Legitimate,332,"5,001-10,000",18
TRANSFER,Legitimate,332,"50,001-100,000",163
TRANSFER,Legitimate,332,"500,001-1,000,000",655
TRANSFER,Legitimate,332,"501-1,000",2
CASH_IN,Legitimate,333,0-100,1
CASH_IN,Legitimate,333,"1,001-5,000",38
CASH_IN,Legitimate,333,"10,001-50,000",427
CASH_IN,Legitimate,333,"100,001-500,000",1944
CASH_IN,Legitimate,333,101-500,5
CASH_IN,Legitimate,333,"5,001-10,000",41
CASH_IN,Legitimate,333,"50,001-100,000",579
CASH_IN,Legitimate,333,"500,001-1,000,000",40
CASH_IN,Legitimate,333,"501-1,000",6
CASH_OUT,Fraud,333,"1,000,001+",2
CASH_OUT,Fraud,333,"10,001-50,000",1
CASH_OUT,Fraud,333,"500,001-1,000,000",1
CASH_OUT,Legitimate,333,0-100,2
CASH_OUT,Legitimate,333,"1,001-5,000",66
CASH_OUT,Legitimate,333,"10,001-50,000",585
CASH_OUT,Legitimate,333,"100,001-500,000",2320
CASH_OUT,Legitimate,333,101-500,3
CASH_OUT,Legitimate,333,"5,001-10,000",63
CASH_OUT,Legitimate,333,"50,001-100,000",691
CASH_OUT,Legitimate,333,"500,001-1,000,000",58
CASH_OUT,Legitimate,333,"501-1,000",6
DEBIT,Legitimate,333,0-100,1
DEBIT,Legitimate,333,"1,001-5,000",72
DEBIT,Legitimate,333,"10,001-50,000",3
DEBIT,Legitimate,333,101-500,5
DEBIT,Legitimate,333,"5,001-10,000",26
DEBIT,Legitimate,333,"501-1,000",4
PAYMENT,Legitimate,333,0-100,30
PAYMENT,Legitimate,333,"1,001-5,000",926
PAYMENT,Legitimate,333,"10,001-50,000",3844
PAYMENT,Legitimate,333,"100,001-500,000",3
PAYMENT,Legitimate,333,101-500,97
PAYMENT,Legitimate,333,"5,001-10,000",1112
PAYMENT,Legitimate,333,"50,001-100,000",169
PAYMENT,Legitimate,333,"501-1,000",130
TRANSFER,Fraud,333,"1,000,001+",2
TRANSFER,Fraud,333,"10,001-50,000",1
TRANSFER,Fraud,333,"500,001-1,000,000",1
TRANSFER,Legitimate,333,"1,000,001+",399
TRANSFER,Legitimate,333,"1,001-5,000",4
TRANSFER,Legitimate,333,"10,001-50,000",50
TRANSFER,Legitimate,333,"100,001-500,000",414
TRANSFER,Legitimate,333,"5,001-10,000",8
TRANSFER,Legitimate,333,"50,001-100,000",51
TRANSFER,Legitimate,333,"500,001-1,000,000",321
TRANSFER,Legitimate,333,"501-1,000",1
CASH_IN,Legitimate,334,"1,001-5,000",30
CASH_IN,Legitimate,334,"10,001-50,000",363
CASH_IN,Legitimate,334,"100,001-500,000",1308
CASH_IN,Legitimate,334,101-500,3
CASH_IN,Legitimate,334,"5,001-10,000",33
CASH_IN,Legitimate,334,"50,001-100,000",479
CASH_IN,Legitimate,334,"500,001-1,000,000",40
CASH_IN,Legitimate,334,"501-1,000",1
CASH_OUT,Fraud,334,"500,001-1,000,000",2
CASH_OUT,Legitimate,334,0-100,1
CASH_OUT,Legitimate,334,"1,001-5,000",36
CASH_OUT,Legitimate,334,"10,001-50,000",354
CASH_OUT,Legitimate,334,"100,001-500,000",1570
CASH_OUT,Legitimate,334,101-500,4
CASH_OUT,Legitimate,334,"5,001-10,000",43
CASH_OUT,Legitimate,334,"50,001-100,000",450
CASH_OUT,Legitimate,334,"500,001-1,000,000",42
CASH_OUT,Legitimate,334,"501-1,000",7
DEBIT,Legitimate,334,0-100,1
DEBIT,Legitimate,334,"1,001-5,000",88
DEBIT,Legitimate,334,"10,001-50,000",4
DEBIT,Legitimate,334,101-500,6
DEBIT,Legitimate,334,"5,001-10,000",27
DEBIT,Legitimate,334,"501-1,000",14
PAYMENT,Legitimate,334,0-100,30
PAYMENT,Legitimate,334,"1,001-5,000",1132
PAYMENT,Legitimate,334,"10,001-50,000",3270
PAYMENT,Legitimate,334,"100,001-500,000",1
PAYMENT,Legitimate,334,101-500,109
PAYMENT,Legitimate,334,"5,001-10,000",1280
PAYMENT,Legitimate,334,"50,001-100,000",59
PAYMENT,Legitimate,334,"501-1,000",154
TRANSFER,Fraud,334,"500,001-1,000,000",2
TRANSFER,Legitimate,334,"1,000,001+",335
TRANSFER,Legitimate,334,"1,001-5,000",1
TRANSFER,Legitimate,334,"10,001-50,000",45
TRANSFER,Legitimate,334,"100,001-500,000",422
TRANSFER,Legitimate,334,101-500,1
TRANSFER,Legitimate,334,"5,001-10,000",6
TRANSFER,Legitimate,334,"50,001-100,000",66
TRANSFER,Legitimate,334,"500,001-1,000,000",197
CASH_IN,Legitimate,335,0-100,1
CASH_IN,Legitimate,335,"1,001-5,000",23
CASH_IN,Legitimate,335,"10,001-50,000",297
CASH_IN,Legitimate,335,"100,001-500,000",1105
CASH_IN,Legitimate,335,101-500,3
CASH_IN,Legitimate,335,"5,001-10,000",21
CASH_IN,Legitimate,335,"50,001-100,000",318
CASH_IN,Legitimate,335,"500,001-1,000,000",26
CASH_IN,Legitimate,335,"501-1,000",5
CASH_OUT,Fraud,335,"1,000,001+",1
CASH_OUT,Fraud,335,"500,001-1,000,000",1
CASH_OUT,Legitimate,335,0-100,1
CASH_OUT,Legitimate,335,"1,001-5,000",24
CASH_OUT,Legitimate,335,"10,001-50,000",255
CASH_OUT,Legitimate,335,"100,001-500,000",1142
CASH_OUT,Legitimate,335,101-500,3
CASH_OUT,Legitimate,335,"5,001-10,000",37
CASH_OUT,Legitimate,335,"50,001-100,000",367
CASH_OUT,Legitimate,335,"500,001-1,000,000",39
CASH_OUT,Legitimate,335,"501-1,000",4
DEBIT,Legitimate,335,0-100,4
DEBIT,Legitimate,335,"1,001-5,000",85
DEBIT,Legitimate,335,"10,001-50,000",3
DEBIT,Legitimate,335,101-500,6
DEBIT,Legitimate,335,"5,001-10,000",13
DEBIT,Legitimate,335,"501-1,000",13
PAYMENT,Legitimate,335,0-100,50
PAYMENT,Legitimate,335,"1,001-5,000",1636
PAYMENT,Legitimate,335,"10,001-50,000",2006
PAYMENT,Legitimate,335,"100,001-500,000",1
PAYMENT,Legitimate,335,101-500,156
PAYMENT,Legitimate,335,"5,001-10,000",1651
PAYMENT,Legitimate,335,"50,001-100,000",38
PAYMENT,Legitimate,335,"501-1,000",224
TRANSFER,Fraud,335,"1,000,001+",1
TRANSFER,Fraud,335,"500,001-1,000,000",1
TRANSFER,Legitimate,335,"1,000,001+",304
TRANSFER,Legitimate,335,"1,001-5,000",4
TRANSFER,Legitimate,335,"10,001-50,000",36
TRANSFER,Legitimate,335,"100,001-500,000",350
TRANSFER,Legitimate,335,"5,001-10,000",5
TRANSFER,Legitimate,335,"50,001-100,000",52
TRANSFER,Legitimate,335,"500,001-1,000,000",144
CASH_IN,Legitimate,336,"1,001-5,000",5
CASH_IN,Legitimate,336,"10,001-50,000",65
CASH_IN,Legitimate,336,"100,001-500,000",340
CASH_IN,Legitimate,336,101-500,1
CASH_IN,Legitimate,336,"5,001-10,000",9
CASH_IN,Legitimate,336,"50,001-100,000",106
CASH_IN,Legitimate,336,"500,001-1,000,000",3
CASH_OUT,Fraud,336,"1,000,001+",2
CASH_OUT,Fraud,336,"10,001-50,000",2
CASH_OUT,Fraud,336,"100,001-500,000",2
CASH_OUT,Fraud,336,"5,001-10,000",1
CASH_OUT,Fraud,336,"500,001-1,000,000",2
CASH_OUT,Legitimate,336,"1,001-5,000",6
CASH_OUT,Legitimate,336,"10,001-50,000",69
CASH_OUT,Legitimate,336,"100,001-500,000",280
CASH_OUT,Legitimate,336,"5,001-10,000",4
CASH_OUT,Legitimate,336,"50,001-100,000",85
CASH_OUT,Legitimate,336,"500,001-1,000,000",15
CASH_OUT,Legitimate,336,"501-1,000",2
DEBIT,Legitimate,336,"1,001-5,000",70
DEBIT,Legitimate,336,101-500,13
DEBIT,Legitimate,336,"5,001-10,000",2
DEBIT,Legitimate,336,"501-1,000",13
PAYMENT,Legitimate,336,0-100,9
PAYMENT,Legitimate,336,"1,001-5,000",443
PAYMENT,Legitimate,336,"10,001-50,000",567
PAYMENT,Legitimate,336,101-500,40
PAYMENT,Legitimate,336,"5,001-10,000",443
PAYMENT,Legitimate,336,"50,001-100,000",13
PAYMENT,Legitimate,336,"501-1,000",66
TRANSFER,Fraud,336,"1,000,001+",2
TRANSFER,Fraud,336,"10,001-50,000",2
TRANSFER,Fraud,336,"100,001-500,000",2
TRANSFER,Fraud,336,"5,001-10,000",1
TRANSFER,Fraud,336,"500,001-1,000,000",2
TRANSFER,Legitimate,336,"1,000,001+",80
TRANSFER,Legitimate,336,"1,001-5,000",3
TRANSFER,Legitimate,336,"10,001-50,000",11
TRANSFER,Legitimate,336,"100,001-500,000",91
TRANSFER,Legitimate,336,"50,001-100,000",12
TRANSFER,Legitimate,336,"500,001-1,000,000",48
CASH_IN,Legitimate,337,"1,001-5,000",1
CASH_IN,Legitimate,337,"10,001-50,000",14
CASH_IN,Legitimate,337,"100,001-500,000",47
CASH_IN,Legitimate,337,"5,001-10,000",5
CASH_IN,Legitimate,337,"50,001-100,000",13
CASH_IN,Legitimate,337,"500,001-1,000,000",1
CASH_OUT,Fraud,337,"10,001-50,000",1
CASH_OUT,Fraud,337,"50,001-100,000",1
CASH_OUT,Fraud,337,"500,001-1,000,000",3
CASH_OUT,Legitimate,337,"1,001-5,000",2
CASH_OUT,Legitimate,337,"10,001-50,000",15
CASH_OUT,Legitimate,337,"100,001-500,000",44
CASH_OUT,Legitimate,337,"5,001-10,000",1
CASH_OUT,Legitimate,337,"50,001-100,000",8
CASH_OUT,Legitimate,337,"500,001-1,000,000",2
CASH_OUT,Legitimate,337,"501-1,000",1
DEBIT,Legitimate,337,"1,001-5,000",12
DEBIT,Legitimate,337,101-500,2
DEBIT,Legitimate,337,"5,001-10,000",2
DEBIT,Legitimate,337,"501-1,000",2
PAYMENT,Legitimate,337,0-100,2
PAYMENT,Legitimate,337,"1,001-5,000",50
PAYMENT,Legitimate,337,"10,001-50,000",25
PAYMENT,Legitimate,337,101-500,1
PAYMENT,Legitimate,337,"5,001-10,000",34
PAYMENT,Legitimate,337,"501-1,000",11
TRANSFER,Fraud,337,"10,001-50,000",1
TRANSFER,Fraud,337,"50,001-100,000",1
TRANSFER,Fraud,337,"500,001-1,000,000",3
TRANSFER,Legitimate,337,"1,000,001+",3
TRANSFER,Legitimate,337,"10,001-50,000",1
TRANSFER,Legitimate,337,"100,001-500,000",7
TRANSFER,Legitimate,337,"50,001-100,000",2
TRANSFER,Legitimate,337,"500,001-1,000,000",2
CASH_IN,Legitimate,338,0-100,1
CASH_IN,Legitimate,338,"10,001-50,000",26
CASH_IN,Legitimate,338,"100,001-500,000",92
CASH_IN,Legitimate,338,"5,001-10,000",3
CASH_IN,Legitimate,338,"50,001-100,000",23
CASH_IN,Legitimate,338,"500,001-1,000,000",5
CASH_OUT,Fraud,338,"100,001-500,000",2
CASH_OUT,Legitimate,338,"1,001-5,000",1
CASH_OUT,Legitimate,338,"10,001-50,000",11
CASH_OUT,Legitimate,338,"100,001-500,000",39
CASH_OUT,Legitimate,338,"50,001-100,000",7
CASH_OUT,Legitimate,338,"500,001-1,000,000",1
DEBIT,Legitimate,338,0-100,1
DEBIT,Legitimate,338,"1,001-5,000",25
DEBIT,Legitimate,338,101-500,1
DEBIT,Legitimate,338,"5,001-10,000",6
DEBIT,Legitimate,338,"501-1,000",4
PAYMENT,Legitimate,338,0-100,4
PAYMENT,Legitimate,338,"1,001-5,000",79
PAYMENT,Legitimate,338,"10,001-50,000",81
PAYMENT,Legitimate,338,101-500,8
PAYMENT,Legitimate,338,"5,001-10,000",84
PAYMENT,Legitimate,338,"50,001-100,000",1
PAYMENT,Legitimate,338,"501-1,000",12
TRANSFER,Fraud,338,"100,001-500,000",2
TRANSFER,Legitimate,338,"1,000,001+",4
TRANSFER,Legitimate,338,"10,001-50,000",1
TRANSFER,Legitimate,338,"100,001-500,000",2
TRANSFER,Legitimate,338,"50,001-100,000",2
TRANSFER,Legitimate,338,"500,001-1,000,000",1
CASH_OUT,Fraud,339,"1,000,001+",1
CASH_OUT,Fraud,339,"100,001-500,000",3
CASH_OUT,Fraud,339,"5,001-10,000",1
TRANSFER,Fraud,339,"1,000,001+",1
TRANSFER,Fraud,339,"100,001-500,000",3
TRANSFER,Fraud,339,"5,001-10,000",1
CASH_OUT,Fraud,340,"1,000,001+",2
CASH_OUT,Fraud,340,"10,001-50,000",1
CASH_OUT,Fraud,340,"50,001-100,000",1
CASH_OUT,Fraud,340,"500,001-1,000,000",1
TRANSFER,Fraud,340,"1,000,001+",2
TRANSFER,Fraud,340,"10,001-50,000",1
TRANSFER,Fraud,340,"50,001-100,000",1
TRANSFER,Fraud,340,"500,001-1,000,000",1
CASH_OUT,Fraud,341,"1,000,001+",1
CASH_OUT,Fraud,341,"100,001-500,000",3
CASH_OUT,Fraud,341,"500,001-1,000,000",1
TRANSFER,Fraud,341,"1,000,001+",1
TRANSFER,Fraud,341,"100,001-500,000",3
TRANSFER,Fraud,341,"500,001-1,000,000",1
CASH_OUT,Fraud,342,"10,001-50,000",2
CASH_OUT,Fraud,342,"100,001-500,000",4
CASH_OUT,Fraud,342,"500,001-1,000,000",1
TRANSFER,Fraud,342,"10,001-50,000",2
TRANSFER,Fraud,342,"100,001-500,000",4
TRANSFER,Fraud,342,"500,001-1,000,000",1
CASH_OUT,Fraud,343,"100,001-500,000",2
CASH_OUT,Fraud,343,"50,001-100,000",1
CASH_OUT,Fraud,343,"500,001-1,000,000",3
TRANSFER,Fraud,343,"100,001-500,000",2
TRANSFER,Fraud,343,"50,001-100,000",1
TRANSFER,Fraud,343,"500,001-1,000,000",3
CASH_OUT,Fraud,344,"1,000,001+",1
CASH_OUT,Fraud,344,"100,001-500,000",2
TRANSFER,Fraud,344,"1,000,001+",1
TRANSFER,Fraud,344,"100,001-500,000",2
CASH_IN,Legitimate,345,0-100,2
CASH_IN,Legitimate,345,"1,000,001+",2
CASH_IN,Legitimate,345,"1,001-5,000",36
CASH_IN,Legitimate,345,"10,001-50,000",466
CASH_IN,Legitimate,345,"100,001-500,000",2036
CASH_IN,Legitimate,345,101-500,3
CASH_IN,Legitimate,345,"5,001-10,000",51
CASH_IN,Legitimate,345,"50,001-100,000",585
CASH_IN,Legitimate,345,"500,001-1,000,000",52
CASH_IN,Legitimate,345,"501-1,000",3
CASH_OUT,Fraud,345,"1,000,001+",1
CASH_OUT,Fraud,345,"100,001-500,000",4
CASH_OUT,Fraud,345,"500,001-1,000,000",1
CASH_OUT,Legitimate,345,"1,001-5,000",46
CASH_OUT,Legitimate,345,"10,001-50,000",579
CASH_OUT,Legitimate,345,"100,001-500,000",3059
CASH_OUT,Legitimate,345,101-500,9
CASH_OUT,Legitimate,345,"5,001-10,000",66
CASH_OUT,Legitimate,345,"50,001-100,000",723
CASH_OUT,Legitimate,345,"500,001-1,000,000",153
CASH_OUT,Legitimate,345,"501-1,000",4
DEBIT,Legitimate,345,"1,001-5,000",63
DEBIT,Legitimate,345,"10,001-50,000",4
DEBIT,Legitimate,345,101-500,4
DEBIT,Legitimate,345,"5,001-10,000",32
DEBIT,Legitimate,345,"501-1,000",9
PAYMENT,Legitimate,345,0-100,31
PAYMENT,Legitimate,345,"1,001-5,000",869
PAYMENT,Legitimate,345,"10,001-50,000",3009
PAYMENT,Legitimate,345,"100,001-500,000",2
PAYMENT,Legitimate,345,101-500,81
PAYMENT,Legitimate,345,"5,001-10,000",1016
PAYMENT,Legitimate,345,"50,001-100,000",110
PAYMENT,Legitimate,345,"501-1,000",116
TRANSFER,Fraud,345,"1,000,001+",1
TRANSFER,Fraud,345,"100,001-500,000",4
TRANSFER,Fraud,345,"500,001-1,000,000",1
TRANSFER,Legitimate,345,"1,000,001+",756
TRANSFER,Legitimate,345,"1,001-5,000",5
TRANSFER,Legitimate,345,"10,001-50,000",36
TRANSFER,Legitimate,345,"100,001-500,000",314
TRANSFER,Legitimate,345,"5,001-10,000",5
TRANSFER,Legitimate,345,"50,001-100,000",42
TRANSFER,Legitimate,345,"500,001-1,000,000",279
CASH_IN,Legitimate,346,0-100,2
CASH_IN,Legitimate,346,"1,001-5,000",87
CASH_IN,Legitimate,346,"10,001-50,000",784
CASH_IN,Legitimate,346,"100,001-500,000",3868
CASH_IN,Legitimate,346,101-500,10
CASH_IN,Legitimate,346,"5,001-10,000",106
CASH_IN,Legitimate,346,"50,001-100,000",984
CASH_IN,Legitimate,346,"500,001-1,000,000",109
CASH_IN,Legitimate,346,"501-1,000",11
CASH_OUT,Fraud,346,"1,000,001+",1
CASH_OUT,Fraud,346,"100,001-500,000",1
CASH_OUT,Fraud,346,"500,001-1,000,000",1
CASH_OUT,Legitimate,346,0-100,1
CASH_OUT,Legitimate,346,"1,001-5,000",98
CASH_OUT,Legitimate,346,"10,001-50,000",1181
CASH_OUT,Legitimate,346,"100,001-500,000",6033
CASH_OUT,Legitimate,346,101-500,6
CASH_OUT,Legitimate,346,"5,001-10,000",139
CASH_OUT,Legitimate,346,"50,001-100,000",1457
CASH_OUT,Legitimate,346,"500,001-1,000,000",295
CASH_OUT,Legitimate,346,"501-1,000",12
DEBIT,Legitimate,346,0-100,2
DEBIT,Legitimate,346,"1,001-5,000",108
DEBIT,Legitimate,346,"10,001-50,000",12
DEBIT,Legitimate,346,101-500,11
DEBIT,Legitimate,346,"5,001-10,000",47
DEBIT,Legitimate,346,"501-1,000",18
PAYMENT,Legitimate,346,0-100,30
PAYMENT,Legitimate,346,"1,001-5,000",1300
PAYMENT,Legitimate,346,"10,001-50,000",4893
PAYMENT,Legitimate,346,"100,001-500,000",8
PAYMENT,Legitimate,346,101-500,142
PAYMENT,Legitimate,346,"5,001-10,000",1511
PAYMENT,Legitimate,346,"50,001-100,000",371
PAYMENT,Legitimate,346,"501-1,000",179
TRANSFER,Fraud,346,"1,000,001+",1
TRANSFER,Fraud,346,"100,001-500,000",1
TRANSFER,Fraud,346,"500,001-1,000,000",1
TRANSFER,Legitimate,346,"1,000,001+",1081
TRANSFER,Legitimate,346,"1,001-5,000",5
TRANSFER,Legitimate,346,"10,001-50,000",63
TRANSFER,Legitimate,346,"100,001-500,000",537
TRANSFER,Legitimate,346,"5,001-10,000",5
TRANSFER,Legitimate,346,"50,001-100,000",73
TRANSFER,Legitimate,346,"500,001-1,000,000",488
CASH_IN,Legitimate,347,0-100,2
CASH_IN,Legitimate,347,"1,001-5,000",96
CASH_IN,Legitimate,347,"10,001-50,000",936
CASH_IN,Legitimate,347,"100,001-500,000",4572
CASH_IN,Legitimate,347,101-500,14
CASH_IN,Legitimate,347,"5,001-10,000",112
CASH_IN,Legitimate,347,"50,001-100,000",1235
CASH_IN,Legitimate,347,"500,001-1,000,000",151
CASH_IN,Legitimate,347,"501-1,000",10
CASH_OUT,Legitimate,347,0-100,7
CASH_OUT,Legitimate,347,"1,001-5,000",123
CASH_OUT,Legitimate,347,"10,001-50,000",1364
CASH_OUT,Legitimate,347,"100,001-500,000",7036
CASH_OUT,Legitimate,347,101-500,10
CASH_OUT,Legitimate,347,"5,001-10,000",149
CASH_OUT,Legitimate,347,"50,001-100,000",1688
CASH_OUT,Legitimate,347,"500,001-1,000,000",353
CASH_OUT,Legitimate,347,"501-1,000",20
DEBIT,Legitimate,347,0-100,4
DEBIT,Legitimate,347,"1,001-5,000",172
DEBIT,Legitimate,347,"10,001-50,000",14
DEBIT,Legitimate,347,101-500,14
DEBIT,Legitimate,347,"5,001-10,000",40
DEBIT,Legitimate,347,"501-1,000",19
PAYMENT,Legitimate,347,0-100,36
PAYMENT,Legitimate,347,"1,001-5,000",1225
PAYMENT,Legitimate,347,"10,001-50,000",5650
PAYMENT,Legitimate,347,"100,001-500,000",22
PAYMENT,Legitimate,347,101-500,140
PAYMENT,Legitimate,347,"5,001-10,000",1406
PAYMENT,Legitimate,347,"50,001-100,000",801
PAYMENT,Legitimate,347,"501-1,000",158
TRANSFER,Legitimate,347,"1,000,001+",1185
TRANSFER,Legitimate,347,"1,001-5,000",4
TRANSFER,Legitimate,347,"10,001-50,000",91
TRANSFER,Legitimate,347,"100,001-500,000",681
TRANSFER,Legitimate,347,101-500,1
TRANSFER,Legitimate,347,"5,001-10,000",14
TRANSFER,Legitimate,347,"50,001-100,000",93
TRANSFER,Legitimate,347,"500,001-1,000,000",573
TRANSFER,Legitimate,347,"501-1,000",1
CASH_IN,Legitimate,348,0-100,2
CASH_IN,Legitimate,348,"1,001-5,000",82
CASH_IN,Legitimate,348,"10,001-50,000",912
CASH_IN,Legitimate,348,"100,001-500,000",4476
CASH_IN,Legitimate,348,101-500,6
CASH_IN,Legitimate,348,"5,001-10,000",111
CASH_IN,Legitimate,348,"50,001-100,000",1210
CASH_IN,Legitimate,348,"500,001-1,000,000",139
CASH_IN,Legitimate,348,"501-1,000",14
CASH_OUT,Fraud,348,"1,000,001+",1
CASH_OUT,Fraud,348,"10,001-50,000",1
CASH_OUT,Fraud,348,"100,001-500,000",2
CASH_OUT,Legitimate,348,0-100,5
CASH_OUT,Legitimate,348,"1,000,001+",1
CASH_OUT,Legitimate,348,"1,001-5,000",136
CASH_OUT,Legitimate,348,"10,001-50,000",1271
CASH_OUT,Legitimate,348,"100,001-500,000",6733
CASH_OUT,Legitimate,348,101-500,10
CASH_OUT,Legitimate,348,"5,001-10,000",177
CASH_OUT,Legitimate,348,"50,001-100,000",1574
CASH_OUT,Legitimate,348,"500,001-1,000,000",331
CASH_OUT,Legitimate,348,"501-1,000",14
DEBIT,Legitimate,348,"1,001-5,000",56
DEBIT,Legitimate,348,"10,001-50,000",105
DEBIT,Legitimate,348,101-500,9
DEBIT,Legitimate,348,"5,001-10,000",51
DEBIT,Legitimate,348,"50,001-100,000",1
DEBIT,Legitimate,348,"501-1,000",6
PAYMENT,Legitimate,348,0-100,27
PAYMENT,Legitimate,348,"1,001-5,000",1310
PAYMENT,Legitimate,348,"10,001-50,000",5738
PAYMENT,Legitimate,348,"100,001-500,000",4
PAYMENT,Legitimate,348,101-500,137
PAYMENT,Legitimate,348,"5,001-10,000",1542
PAYMENT,Legitimate,348,"50,001-100,000",537
PAYMENT,Legitimate,348,"501-1,000",147
TRANSFER,Fraud,348,"1,000,001+",1
TRANSFER,Fraud,348,"10,001-50,000",1
TRANSFER,Fraud,348,"100,001-500,000",2
TRANSFER,Legitimate,348,"1,000,001+",1297
TRANSFER,Legitimate,348,"1,001-5,000",6
TRANSFER,Legitimate,348,"10,001-50,000",69
TRANSFER,Legitimate,348,"100,001-500,000",566
TRANSFER,Legitimate,348,"5,001-10,000",10
TRANSFER,Legitimate,348,"50,001-100,000",88
TRANSFER,Legitimate,348,"500,001-1,000,000",549
CASH_IN,Legitimate,349,0-100,1
CASH_IN,Legitimate,349,"1,001-5,000",78
CASH_IN,Legitimate,349,"10,001-50,000",850
CASH_IN,Legitimate,349,"100,001-500,000",4298
CASH_IN,Legitimate,349,101-500,7
CASH_IN,Legitimate,349,"5,001-10,000",106
CASH_IN,Legitimate,349,"50,001-100,000",1080
CASH_IN,Legitimate,349,"500,001-1,000,000",142
CASH_IN,Legitimate,349,"501-1,000",8
CASH_OUT,Fraud,349,"1,000,001+",4
CASH_OUT,Fraud,349,"10,001-50,000",1
CASH_OUT,Fraud,349,"100,001-500,000",1
CASH_OUT,Fraud,349,"50,001-100,000",2
CASH_OUT,Fraud,349,"500,001-1,000,000",1
CASH_OUT,Legitimate,349,0-100,1
CASH_OUT,Legitimate,349,"1,001-5,000",140
CASH_OUT,Legitimate,349,"10,001-50,000",1265
CASH_OUT,Legitimate,349,"100,001-500,000",7086
CASH_OUT,Legitimate,349,101-500,5
CASH_OUT,Legitimate,349,"5,001-10,000",151
CASH_OUT,Legitimate,349,"50,001-100,000",1748
CASH_OUT,Legitimate,349,"500,001-1,000,000",345
CASH_OUT,Legitimate,349,"501-1,000",24
DEBIT,Legitimate,349,0-100,1
DEBIT,Legitimate,349,"1,001-5,000",134
DEBIT,Legitimate,349,"10,001-50,000",4
DEBIT,Legitimate,349,101-500,16
DEBIT,Legitimate,349,"5,001-10,000",55
DEBIT,Legitimate,349,"501-1,000",16
PAYMENT,Legitimate,349,0-100,32
PAYMENT,Legitimate,349,"1,001-5,000",1407
PAYMENT,Legitimate,349,"10,001-50,000",5453
PAYMENT,Legitimate,349,"100,001-500,000",9
PAYMENT,Legitimate,349,101-500,125
PAYMENT,Legitimate,349,"5,001-10,000",1537
PAYMENT,Legitimate,349,"50,001-100,000",676
PAYMENT,Legitimate,349,"501-1,000",180
TRANSFER,Fraud,349,"1,000,001+",4
TRANSFER,Fraud,349,"10,001-50,000",1
TRANSFER,Fraud,349,"100,001-500,000",1
TRANSFER,Fraud,349,"50,001-100,000",2
TRANSFER,Fraud,349,"500,001-1,000,000",1
TRANSFER,Legitimate,349,"1,000,001+",825
TRANSFER,Legitimate,349,"1,001-5,000",6
TRANSFER,Legitimate,349,"10,001-50,000",88
TRANSFER,Legitimate,349,"100,001-500,000",801
TRANSFER,Legitimate,349,101-500,1
TRANSFER,Legitimate,349,"5,001-10,000",13
TRANSFER,Legitimate,349,"50,001-100,000",122
TRANSFER,Legitimate,349,"500,001-1,000,000",697
TRANSFER,Legitimate,349,"501-1,000",1
CASH_IN,Legitimate,350,0-100,1
CASH_IN,Legitimate,350,"1,001-5,000",78
CASH_IN,Legitimate,350,"10,001-50,000",919
CASH_IN,Legitimate,350,"100,001-500,000",4085
CASH_IN,Legitimate,350,101-500,10
CASH_IN,Legitimate,350,"5,001-10,000",98
CASH_IN,Legitimate,350,"50,001-100,000",1115
CASH_IN,Legitimate,350,"500,001-1,000,000",126
CASH_IN,Legitimate,350,"501-1,000",10
CASH_OUT,Fraud,350,"1,000,001+",2
CASH_OUT,Fraud,350,"100,001-500,000",3
CASH_OUT,Fraud,350,"500,001-1,000,000",2
CASH_OUT,Legitimate,350,0-100,2
CASH_OUT,Legitimate,350,"1,001-5,000",132
CASH_OUT,Legitimate,350,"10,001-50,000",1362
CASH_OUT,Legitimate,350,"100,001-500,000",6615
CASH_OUT,Legitimate,350,101-500,17
CASH_OUT,Legitimate,350,"5,001-10,000",168
CASH_OUT,Legitimate,350,"50,001-100,000",1712
CASH_OUT,Legitimate,350,"500,001-1,000,000",241
CASH_OUT,Legitimate,350,"501-1,000",17
DEBIT,Legitimate,350,0-100,1
DEBIT,Legitimate,350,"1,001-5,000",126
DEBIT,Legitimate,350,"10,001-50,000",9
DEBIT,Legitimate,350,101-500,9
DEBIT,Legitimate,350,"5,001-10,000",34
DEBIT,Legitimate,350,"501-1,000",13
PAYMENT,Legitimate,350,0-100,41
PAYMENT,Legitimate,350,"1,001-5,000",1493
PAYMENT,Legitimate,350,"10,001-50,000",5139
PAYMENT,Legitimate,350,101-500,163
PAYMENT,Legitimate,350,"5,001-10,000",1754
PAYMENT,Legitimate,350,"50,001-100,000",196
PAYMENT,Legitimate,350,"501-1,000",195
TRANSFER,Fraud,350,"1,000,001+",2
TRANSFER,Fraud,350,"100,001-500,000",3
TRANSFER,Fraud,350,"500,001-1,000,000",2
TRANSFER,Legitimate,350,"1,000,001+",969
TRANSFER,Legitimate,350,"1,001-5,000",12
TRANSFER,Legitimate,350,"10,001-50,000",65
TRANSFER,Legitimate,350,"100,001-500,000",641
TRANSFER,Legitimate,350,"5,001-10,000",8
TRANSFER,Legitimate,350,"50,001-100,000",93
TRANSFER,Legitimate,350,"500,001-1,000,000",562
CASH_IN,Legitimate,351,0-100,2
CASH_IN,Legitimate,351,"1,001-5,000",88
CASH_IN,Legitimate,351,"10,001-50,000",838
CASH_IN,Legitimate,351,"100,001-500,000",3931
CASH_IN,Legitimate,351,101-500,3
CASH_IN,Legitimate,351,"5,001-10,000",92
CASH_IN,Legitimate,351,"50,001-100,000",1018
CASH_IN,Legitimate,351,"500,001-1,000,000",175
CASH_IN,Legitimate,351,"501-1,000",8
CASH_OUT,Fraud,351,0-100,1
CASH_OUT,Fraud,351,"1,000,001+",5
CASH_OUT,Fraud,351,"100,001-500,000",3
CASH_OUT,Legitimate,351,0-100,3
CASH_OUT,Legitimate,351,"1,001-5,000",131
CASH_OUT,Legitimate,351,"10,001-50,000",1254
CASH_OUT,Legitimate,351,"100,001-500,000",6297
CASH_OUT,Legitimate,351,101-500,8
CASH_OUT,Legitimate,351,"5,001-10,000",147
CASH_OUT,Legitimate,351,"50,001-100,000",1561
CASH_OUT,Legitimate,351,"500,001-1,000,000",306
CASH_OUT,Legitimate,351,"501-1,000",17
DEBIT,Legitimate,351,0-100,1
DEBIT,Legitimate,351,"1,001-5,000",83
DEBIT,Legitimate,351,"10,001-50,000",36
DEBIT,Legitimate,351,101-500,10
DEBIT,Legitimate,351,"5,001-10,000",55
DEBIT,Legitimate,351,"501-1,000",14
PAYMENT,Legitimate,351,0-100,45
PAYMENT,Legitimate,351,"1,001-5,000",1620
PAYMENT,Legitimate,351,"10,001-50,000",4511
PAYMENT,Legitimate,351,101-500,169
PAYMENT,Legitimate,351,"5,001-10,000",1887
PAYMENT,Legitimate,351,"50,001-100,000",31
PAYMENT,Legitimate,351,"501-1,000",186
TRANSFER,Fraud,351,0-100,1
TRANSFER,Fraud,351,"1,000,001+",5
TRANSFER,Fraud,351,"100,001-500,000",3
TRANSFER,Legitimate,351,"1,000,001+",706
TRANSFER,Legitimate,351,"1,001-5,000",12
TRANSFER,Legitimate,351,"10,001-50,000",80
TRANSFER,Legitimate,351,"100,001-500,000",813
TRANSFER,Legitimate,351,"5,001-10,000",9
TRANSFER,Legitimate,351,"50,001-100,000",100
TRANSFER,Legitimate,351,"500,001-1,000,000",662
CASH_IN,Legitimate,352,0-100,5
CASH_IN,Legitimate,352,"1,001-5,000",71
CASH_IN,Legitimate,352,"10,001-50,000",827
CASH_IN,Legitimate,352,"100,001-500,000",4027
CASH_IN,Legitimate,352,101-500,7
CASH_IN,Legitimate,352,"5,001-10,000",112
CASH_IN,Legitimate,352,"50,001-100,000",1019
CASH_IN,Legitimate,352,"500,001-1,000,000",132
CASH_IN,Legitimate,352,"501-1,000",15
CASH_OUT,Fraud,352,"1,000,001+",3
CASH_OUT,Fraud,352,"100,001-500,000",2
CASH_OUT,Fraud,352,"50,001-100,000",1
CASH_OUT,Fraud,352,"500,001-1,000,000",2
CASH_OUT,Legitimate,352,0-100,4
CASH_OUT,Legitimate,352,"1,001-5,000",124
CASH_OUT,Legitimate,352,"10,001-50,000",1248
CASH_OUT,Legitimate,352,"100,001-500,000",6451
CASH_OUT,Legitimate,352,101-500,10
CASH_OUT,Legitimate,352,"5,001-10,000",151
CASH_OUT,Legitimate,352,"50,001-100,000",1683
CASH_OUT,Legitimate,352,"500,001-1,000,000",238
CASH_OUT,Legitimate,352,"501-1,000",19
DEBIT,Legitimate,352,0-100,2
DEBIT,Legitimate,352,"1,001-5,000",150
DEBIT,Legitimate,352,"10,001-50,000",9
DEBIT,Legitimate,352,101-500,14
DEBIT,Legitimate,352,"5,001-10,000",45
DEBIT,Legitimate,352,"501-1,000",20
PAYMENT,Legitimate,352,0-100,36
PAYMENT,Legitimate,352,"1,001-5,000",1577
PAYMENT,Legitimate,352,"10,001-50,000",4776
PAYMENT,Legitimate,352,"100,001-500,000",1
PAYMENT,Legitimate,352,101-500,163
PAYMENT,Legitimate,352,"5,001-10,000",1747
PAYMENT,Legitimate,352,"50,001-100,000",46
PAYMENT,Legitimate,352,"501-1,000",217
TRANSFER,Fraud,352,"1,000,001+",3
TRANSFER,Fraud,352,"100,001-500,000",2
TRANSFER,Fraud,352,"50,001-100,000",1
TRANSFER,Fraud,352,"500,001-1,000,000",2
TRANSFER,Legitimate,352,"1,000,001+",627
TRANSFER,Legitimate,352,"1,001-5,000",13
TRANSFER,Legitimate,352,"10,001-50,000",91
TRANSFER,Legitimate,352,"100,001-500,000",757
TRANSFER,Legitimate,352,101-500,1
TRANSFER,Legitimate,352,"5,001-10,000",9
TRANSFER,Legitimate,352,"50,001-100,000",103
TRANSFER,Legitimate,352,"500,001-1,000,000",576
CASH_IN,Legitimate,353,0-100,5
CASH_IN,Legitimate,353,"1,000,001+",2
CASH_IN,Legitimate,353,"1,001-5,000",96
CASH_IN,Legitimate,353,"10,001-50,000",914
CASH_IN,Legitimate,353,"100,001-500,000",4426
CASH_IN,Legitimate,353,101-500,7
CASH_IN,Legitimate,353,"5,001-10,000",105
CASH_IN,Legitimate,353,"50,001-100,000",1231
CASH_IN,Legitimate,353,"500,001-1,000,000",142
CASH_IN,Legitimate,353,"501-1,000",11
CASH_OUT,Fraud,353,"10,001-50,000",1
CASH_OUT,Fraud,353,"100,001-500,000",2
CASH_OUT,Fraud,353,"500,001-1,000,000",1
CASH_OUT,Legitimate,353,0-100,2
CASH_OUT,Legitimate,353,"1,001-5,000",143
CASH_OUT,Legitimate,353,"10,001-50,000",1463
CASH_OUT,Legitimate,353,"100,001-500,000",7268
CASH_OUT,Legitimate,353,101-500,15
CASH_OUT,Legitimate,353,"5,001-10,000",170
CASH_OUT,Legitimate,353,"50,001-100,000",1864
CASH_OUT,Legitimate,353,"500,001-1,000,000",223
CASH_OUT,Legitimate,353,"501-1,000",21
DEBIT,Legitimate,353,0-100,3
DEBIT,Legitimate,353,"1,001-5,000",182
DEBIT,Legitimate,353,"10,001-50,000",3
DEBIT,Legitimate,353,101-500,17
DEBIT,Legitimate,353,"5,001-10,000",32
DEBIT,Legitimate,353,"501-1,000",30
PAYMENT,Legitimate,353,0-100,43
PAYMENT,Legitimate,353,"1,001-5,000",1795
PAYMENT,Legitimate,353,"10,001-50,000",5162
PAYMENT,Legitimate,353,101-500,174
PAYMENT,Legitimate,353,"5,001-10,000",2024
PAYMENT,Legitimate,353,"50,001-100,000",52
PAYMENT,Legitimate,353,"501-1,000",209
TRANSFER,Fraud,353,"10,001-50,000",1
TRANSFER,Fraud,353,"100,001-500,000",2
TRANSFER,Fraud,353,"500,001-1,000,000",1
TRANSFER,Legitimate,353,"1,000,001+",1151
TRANSFER,Legitimate,353,"1,001-5,000",6
TRANSFER,Legitimate,353,"10,001-50,000",96
TRANSFER,Legitimate,353,"100,001-500,000",650
TRANSFER,Legitimate,353,101-500,2
TRANSFER,Legitimate,353,"5,001-10,000",11
TRANSFER,Legitimate,353,"50,001-100,000",89
TRANSFER,Legitimate,353,"500,001-1,000,000",573
CASH_IN,Legitimate,354,0-100,4
CASH_IN,Legitimate,354,"1,000,001+",1
CASH_IN,Legitimate,354,"1,001-5,000",114
CASH_IN,Legitimate,354,"10,001-50,000",1243
CASH_IN,Legitimate,354,"100,001-500,000",5595
CASH_IN,Legitimate,354,101-500,14
CASH_IN,Legitimate,354,"5,001-10,000",141
CASH_IN,Legitimate,354,"50,001-100,000",1635
CASH_IN,Legitimate,354,"500,001-1,000,000",156
CASH_IN,Legitimate,354,"501-1,000",15
CASH_OUT,Fraud,354,"1,000,001+",2
CASH_OUT,Fraud,354,"100,001-500,000",2
CASH_OUT,Fraud,354,"50,001-100,000",2
CASH_OUT,Legitimate,354,0-100,2
CASH_OUT,Legitimate,354,"1,001-5,000",221
CASH_OUT,Legitimate,354,"10,001-50,000",2244
CASH_OUT,Legitimate,354,"100,001-500,000",9696
CASH_OUT,Legitimate,354,101-500,18
CASH_OUT,Legitimate,354,"5,001-10,000",257
CASH_OUT,Legitimate,354,"50,001-100,000",2935
CASH_OUT,Legitimate,354,"500,001-1,000,000",189
CASH_OUT,Legitimate,354,"501-1,000",28
DEBIT,Legitimate,354,0-100,4
DEBIT,Legitimate,354,"1,001-5,000",153
DEBIT,Legitimate,354,"10,001-50,000",15
DEBIT,Legitimate,354,101-500,24
DEBIT,Legitimate,354,"5,001-10,000",95
DEBIT,Legitimate,354,"501-1,000",25
PAYMENT,Legitimate,354,0-100,69
PAYMENT,Legitimate,354,"1,001-5,000",2567
PAYMENT,Legitimate,354,"10,001-50,000",6287
PAYMENT,Legitimate,354,101-500,284
PAYMENT,Legitimate,354,"5,001-10,000",2937
PAYMENT,Legitimate,354,"50,001-100,000",42
PAYMENT,Legitimate,354,"501-1,000",324
TRANSFER,Fraud,354,"1,000,001+",2
TRANSFER,Fraud,354,"100,001-500,000",2
TRANSFER,Fraud,354,"50,001-100,000",2
TRANSFER,Legitimate,354,"1,000,001+",949
TRANSFER,Legitimate,354,"1,001-5,000",12
TRANSFER,Legitimate,354,"10,001-50,000",148
TRANSFER,Legitimate,354,"100,001-500,000",1199
TRANSFER,Legitimate,354,101-500,1
TRANSFER,Legitimate,354,"5,001-10,000",17
TRANSFER,Legitimate,354,"50,001-100,000",173
TRANSFER,Legitimate,354,"500,001-1,000,000",850
TRANSFER,Legitimate,354,"501-1,000",1
CASH_IN,Legitimate,355,0-100,9
CASH_IN,Legitimate,355,"1,001-5,000",147
CASH_IN,Legitimate,355,"10,001-50,000",1597
CASH_IN,Legitimate,355,"100,001-500,000",6045
CASH_IN,Legitimate,355,101-500,12
CASH_IN,Legitimate,355,"5,001-10,000",173
CASH_IN,Legitimate,355,"50,001-100,000",1943
CASH_IN,Legitimate,355,"500,001-1,000,000",114
CASH_IN,Legitimate,355,"501-1,000",19
CASH_OUT,Fraud,355,"1,000,001+",2
CASH_OUT,Fraud,355,"10,001-50,000",1
CASH_OUT,Fraud,355,"500,001-1,000,000",1
CASH_OUT,Legitimate,355,0-100,5
CASH_OUT,Legitimate,355,"1,001-5,000",242
CASH_OUT,Legitimate,355,"10,001-50,000",2777
CASH_OUT,Legitimate,355,"100,001-500,000",10161
CASH_OUT,Legitimate,355,101-500,19
CASH_OUT,Legitimate,355,"5,001-10,000",326
CASH_OUT,Legitimate,355,"50,001-100,000",3387
CASH_OUT,Legitimate,355,"500,001-1,000,000",138
CASH_OUT,Legitimate,355,"501-1,000",42
DEBIT,Legitimate,355,0-100,7
DEBIT,Legitimate,355,"1,001-5,000",191
DEBIT,Legitimate,355,"10,001-50,000",7
DEBIT,Legitimate,355,101-500,30
DEBIT,Legitimate,355,"5,001-10,000",52
DEBIT,Legitimate,355,"501-1,000",24
PAYMENT,Legitimate,355,0-100,78
PAYMENT,Legitimate,355,"1,001-5,000",3125
PAYMENT,Legitimate,355,"10,001-50,000",6369
PAYMENT,Legitimate,355,101-500,300
PAYMENT,Legitimate,355,"5,001-10,000",3531
PAYMENT,Legitimate,355,"50,001-100,000",47
PAYMENT,Legitimate,355,"501-1,000",403
TRANSFER,Fraud,355,"1,000,001+",2
TRANSFER,Fraud,355,"10,001-50,000",1
TRANSFER,Fraud,355,"500,001-1,000,000",1
TRANSFER,Legitimate,355,"1,000,001+",1008
TRANSFER,Legitimate,355,"1,001-5,000",14
TRANSFER,Legitimate,355,"10,001-50,000",137
TRANSFER,Legitimate,355,"100,001-500,000",1219
TRANSFER,Legitimate,355,"5,001-10,000",13
TRANSFER,Legitimate,355,"50,001-100,000",179
TRANSFER,Legitimate,355,"500,001-1,000,000",888
TRANSFER,Legitimate,355,"501-1,000",1
CASH_IN,Legitimate,356,0-100,3
CASH_IN,Legitimate,356,"1,001-5,000",121
CASH_IN,Legitimate,356,"10,001-50,000",1214
CASH_IN,Legitimate,356,"100,001-500,000",4250
CASH_IN,Legitimate,356,101-500,9
CASH_IN,Legitimate,356,"5,001-10,000",157
CASH_IN,Legitimate,356,"50,001-100,000",1452
CASH_IN,Legitimate,356,"500,001-1,000,000",88
CASH_IN,Legitimate,356,"501-1,000",14
CASH_OUT,Fraud,356,"1,000,001+",1
CASH_OUT,Fraud,356,"100,001-500,000",1
CASH_OUT,Fraud,356,"5,001-10,000",1
CASH_OUT,Legitimate,356,0-100,4
CASH_OUT,Legitimate,356,"1,001-5,000",202
CASH_OUT,Legitimate,356,"10,001-50,000",1977
CASH_OUT,Legitimate,356,"100,001-500,000",6571
CASH_OUT,Legitimate,356,101-500,21
CASH_OUT,Legitimate,356,"5,001-10,000",236
CASH_OUT,Legitimate,356,"50,001-100,000",2494
CASH_OUT,Legitimate,356,"500,001-1,000,000",96
CASH_OUT,Legitimate,356,"501-1,000",19
DEBIT,Legitimate,356,0-100,2
DEBIT,Legitimate,356,"1,001-5,000",128
DEBIT,Legitimate,356,"10,001-50,000",6
DEBIT,Legitimate,356,101-500,15
DEBIT,Legitimate,356,"5,001-10,000",30
DEBIT,Legitimate,356,"501-1,000",18
PAYMENT,Legitimate,356,0-100,67
PAYMENT,Legitimate,356,"1,001-5,000",2842
PAYMENT,Legitimate,356,"10,001-50,000",4931
PAYMENT,Legitimate,356,101-500,300
PAYMENT,Legitimate,356,"5,001-10,000",3224
PAYMENT,Legitimate,356,"50,001-100,000",53
PAYMENT,Legitimate,356,"501-1,000",343
TRANSFER,Fraud,356,"1,000,001+",1
TRANSFER,Fraud,356,"100,001-500,000",1
TRANSFER,Fraud,356,"5,001-10,000",1
TRANSFER,Legitimate,356,"1,000,001+",460
TRANSFER,Legitimate,356,"1,001-5,000",14
TRANSFER,Legitimate,356,"10,001-50,000",151
TRANSFER,Legitimate,356,"100,001-500,000",1168
TRANSFER,Legitimate,356,101-500,2
TRANSFER,Legitimate,356,"5,001-10,000",20
TRANSFER,Legitimate,356,"50,001-100,000",179
TRANSFER,Legitimate,356,"500,001-1,000,000",640
TRANSFER,Legitimate,356,"501-1,000",1
CASH_IN,Legitimate,357,0-100,2
CASH_IN,Legitimate,357,"1,001-5,000",40
CASH_IN,Legitimate,357,"10,001-50,000",546
CASH_IN,Legitimate,357,"100,001-500,000",1836
CASH_IN,Legitimate,357,101-500,6
CASH_IN,Legitimate,357,"5,001-10,000",76
CASH_IN,Legitimate,357,"50,001-100,000",654
CASH_IN,Legitimate,357,"500,001-1,000,000",35
CASH_IN,Legitimate,357,"501-1,000",4
CASH_OUT,Fraud,357,"1,000,001+",3
CASH_OUT,Fraud,357,"100,001-500,000",3
CASH_OUT,Fraud,357,"50,001-100,000",1
CASH_OUT,Fraud,357,"500,001-1,000,000",2
CASH_OUT,Legitimate,357,0-100,4
CASH_OUT,Legitimate,357,"1,001-5,000",70
CASH_OUT,Legitimate,357,"10,001-50,000",653
CASH_OUT,Legitimate,357,"100,001-500,000",2410
CASH_OUT,Legitimate,357,101-500,5
CASH_OUT,Legitimate,357,"5,001-10,000",93
CASH_OUT,Legitimate,357,"50,001-100,000",843
CASH_OUT,Legitimate,357,"500,001-1,000,000",56
CASH_OUT,Legitimate,357,"501-1,000",6
DEBIT,Legitimate,357,0-100,1
DEBIT,Legitimate,357,"1,001-5,000",67
DEBIT,Legitimate,357,"10,001-50,000",6
DEBIT,Legitimate,357,101-500,6
DEBIT,Legitimate,357,"5,001-10,000",28
DEBIT,Legitimate,357,"501-1,000",12
PAYMENT,Legitimate,357,0-100,37
PAYMENT,Legitimate,357,"1,001-5,000",1521
PAYMENT,Legitimate,357,"10,001-50,000",2744
PAYMENT,Legitimate,357,101-500,130
PAYMENT,Legitimate,357,"5,001-10,000",1675
PAYMENT,Legitimate,357,"50,001-100,000",55
PAYMENT,Legitimate,357,"501-1,000",219
TRANSFER,Fraud,357,"1,000,001+",3
TRANSFER,Fraud,357,"100,001-500,000",3
TRANSFER,Fraud,357,"50,001-100,000",1
TRANSFER,Fraud,357,"500,001-1,000,000",2
TRANSFER,Legitimate,357,"1,000,001+",322
TRANSFER,Legitimate,357,"1,001-5,000",2
TRANSFER,Legitimate,357,"10,001-50,000",73
TRANSFER,Legitimate,357,"100,001-500,000",520
TRANSFER,Legitimate,357,"5,001-10,000",14
TRANSFER,Legitimate,357,"50,001-100,000",95
TRANSFER,Legitimate,357,"500,001-1,000,000",211
TRANSFER,Legitimate,357,"501-1,000",1
CASH_IN,Legitimate,358,0-100,2
CASH_IN,Legitimate,358,"1,001-5,000",43
CASH_IN,Legitimate,358,"10,001-50,000",384
CASH_IN,Legitimate,358,"100,001-500,000",1374
CASH_IN,Legitimate,358,101-500,3
CASH_IN,Legitimate,358,"5,001-10,000",39
CASH_IN,Legitimate,358,"50,001-100,000",461
CASH_IN,Legitimate,358,"500,001-1,000,000",31
CASH_IN,Legitimate,358,"501-1,000",3
CASH_OUT,Fraud,358,"1,000,001+",2
CASH_OUT,Fraud,358,"10,001-50,000",1
CASH_OUT,Fraud,358,"100,001-500,000",2
CASH_OUT,Legitimate,358,0-100,1
CASH_OUT,Legitimate,358,"1,001-5,000",35
CASH_OUT,Legitimate,358,"10,001-50,000",408
CASH_OUT,Legitimate,358,"100,001-500,000",1641
CASH_OUT,Legitimate,358,"5,001-10,000",54
CASH_OUT,Legitimate,358,"50,001-100,000",464
CASH_OUT,Legitimate,358,"500,001-1,000,000",41
CASH_OUT,Legitimate,358,"501-1,000",2
DEBIT,Legitimate,358,0-100,1
DEBIT,Legitimate,358,"1,001-5,000",73
DEBIT,Legitimate,358,"10,001-50,000",3
DEBIT,Legitimate,358,101-500,11
DEBIT,Legitimate,358,"5,001-10,000",21
DEBIT,Legitimate,358,"501-1,000",13
PAYMENT,Legitimate,358,0-100,23
PAYMENT,Legitimate,358,"1,001-5,000",994
PAYMENT,Legitimate,358,"10,001-50,000",3395
PAYMENT,Legitimate,358,"100,001-500,000",1
PAYMENT,Legitimate,358,101-500,100
PAYMENT,Legitimate,358,"5,001-10,000",1179
PAYMENT,Legitimate,358,"50,001-100,000",70
PAYMENT,Legitimate,358,"501-1,000",113
TRANSFER,Fraud,358,"1,000,001+",2
TRANSFER,Fraud,358,"10,001-50,000",1
TRANSFER,Fraud,358,"100,001-500,000",2
TRANSFER,Legitimate,358,"1,000,001+",241
TRANSFER,Legitimate,358,"1,001-5,000",8
TRANSFER,Legitimate,358,"10,001-50,000",60
TRANSFER,Legitimate,358,"100,001-500,000",465
TRANSFER,Legitimate,358,"5,001-10,000",11
TRANSFER,Legitimate,358,"50,001-100,000",96
TRANSFER,Legitimate,358,"500,001-1,000,000",176
CASH_IN,Legitimate,359,0-100,1
CASH_IN,Legitimate,359,"1,001-5,000",13
CASH_IN,Legitimate,359,"10,001-50,000",226
CASH_IN,Legitimate,359,"100,001-500,000",931
CASH_IN,Legitimate,359,"5,001-10,000",34
CASH_IN,Legitimate,359,"50,001-100,000",256
CASH_IN,Legitimate,359,"500,001-1,000,000",21
CASH_OUT,Fraud,359,"1,000,001+",3
CASH_OUT,Fraud,359,"10,001-50,000",1
CASH_OUT,Fraud,359,"100,001-500,000",2
CASH_OUT,Legitimate,359,"1,001-5,000",20
CASH_OUT,Legitimate,359,"10,001-50,000",247
CASH_OUT,Legitimate,359,"100,001-500,000",855
CASH_OUT,Legitimate,359,101-500,1
CASH_OUT,Legitimate,359,"5,001-10,000",28
CASH_OUT,Legitimate,359,"50,001-100,000",274
CASH_OUT,Legitimate,359,"500,001-1,000,000",24
CASH_OUT,Legitimate,359,"501-1,000",2
DEBIT,Legitimate,359,0-100,2
DEBIT,Legitimate,359,"1,001-5,000",39
DEBIT,Legitimate,359,"10,001-50,000",59
DEBIT,Legitimate,359,101-500,4
DEBIT,Legitimate,359,"5,001-10,000",33
DEBIT,Legitimate,359,"50,001-100,000",1
DEBIT,Legitimate,359,"501-1,000",5
PAYMENT,Legitimate,359,0-100,29
PAYMENT,Legitimate,359,"1,001-5,000",1355
PAYMENT,Legitimate,359,"10,001-50,000",1355
PAYMENT,Legitimate,359,101-500,135
PAYMENT,Legitimate,359,"5,001-10,000",1214
PAYMENT,Legitimate,359,"50,001-100,000",20
PAYMENT,Legitimate,359,"501-1,000",165
TRANSFER,Fraud,359,"1,000,001+",3
TRANSFER,Fraud,359,"10,001-50,000",1
TRANSFER,Fraud,359,"100,001-500,000",2
TRANSFER,Legitimate,359,"1,000,001+",157
TRANSFER,Legitimate,359,"1,001-5,000",4
TRANSFER,Legitimate,359,"10,001-50,000",51
TRANSFER,Legitimate,359,"100,001-500,000",285
TRANSFER,Legitimate,359,"5,001-10,000",5
TRANSFER,Legitimate,359,"50,001-100,000",48
TRANSFER,Legitimate,359,"500,001-1,000,000",80
CASH_IN,Legitimate,360,"1,001-5,000",5
CASH_IN,Legitimate,360,"10,001-50,000",71
CASH_IN,Legitimate,360,"100,001-500,000",318
CASH_IN,Legitimate,360,"5,001-10,000",8
CASH_IN,Legitimate,360,"50,001-100,000",88
CASH_IN,Legitimate,360,"500,001-1,000,000",9
CASH_IN,Legitimate,360,"501-1,000",2
CASH_OUT,Fraud,360,"100,001-500,000",1
CASH_OUT,Fraud,360,"50,001-100,000",1
CASH_OUT,Fraud,360,"500,001-1,000,000",2
CASH_OUT,Legitimate,360,"1,001-5,000",11
CASH_OUT,Legitimate,360,"10,001-50,000",82
CASH_OUT,Legitimate,360,"100,001-500,000",430
CASH_OUT,Legitimate,360,"5,001-10,000",9
CASH_OUT,Legitimate,360,"50,001-100,000",112
CASH_OUT,Legitimate,360,"500,001-1,000,000",13
CASH_OUT,Legitimate,360,"501-1,000",2
DEBIT,Legitimate,360,"1,001-5,000",55
DEBIT,Legitimate,360,101-500,8
DEBIT,Legitimate,360,"5,001-10,000",4
DEBIT,Legitimate,360,"501-1,000",13
PAYMENT,Legitimate,360,0-100,16
PAYMENT,Legitimate,360,"1,001-5,000",739
PAYMENT,Legitimate,360,"10,001-50,000",467
PAYMENT,Legitimate,360,101-500,71
PAYMENT,Legitimate,360,"5,001-10,000",564
PAYMENT,Legitimate,360,"50,001-100,000",12
PAYMENT,Legitimate,360,"501-1,000",92
TRANSFER,Fraud,360,"100,001-500,000",1
TRANSFER,Fraud,360,"50,001-100,000",1
TRANSFER,Fraud,360,"500,001-1,000,000",2
TRANSFER,Legitimate,360,"1,000,001+",73
TRANSFER,Legitimate,360,"1,001-5,000",4
TRANSFER,Legitimate,360,"10,001-50,000",21
TRANSFER,Legitimate,360,"100,001-500,000",131
TRANSFER,Legitimate,360,"5,001-10,000",2
TRANSFER,Legitimate,360,"50,001-100,000",29
TRANSFER,Legitimate,360,"500,001-1,000,000",38
TRANSFER,Legitimate,360,"501-1,000",1
CASH_IN,Legitimate,361,"1,001-5,000",4
CASH_IN,Legitimate,361,"10,001-50,000",24
CASH_IN,Legitimate,361,"100,001-500,000",138
CASH_IN,Legitimate,361,101-500,2
CASH_IN,Legitimate,361,"5,001-10,000",3
CASH_IN,Legitimate,361,"50,001-100,000",53
CASH_IN,Legitimate,361,"500,001-1,000,000",4
CASH_OUT,Fraud,361,"1,000,001+",4
CASH_OUT,Fraud,361,"100,001-500,000",2
CASH_OUT,Fraud,361,"50,001-100,000",1
CASH_OUT,Legitimate,361,"1,001-5,000",2
CASH_OUT,Legitimate,361,"10,001-50,000",25
CASH_OUT,Legitimate,361,"100,001-500,000",157
CASH_OUT,Legitimate,361,"5,001-10,000",2
CASH_OUT,Legitimate,361,"50,001-100,000",41
CASH_OUT,Legitimate,361,"500,001-1,000,000",3
DEBIT,Legitimate,361,0-100,5
DEBIT,Legitimate,361,"1,001-5,000",48
DEBIT,Legitimate,361,101-500,11
DEBIT,Legitimate,361,"501-1,000",10
PAYMENT,Legitimate,361,0-100,3
PAYMENT,Legitimate,361,"1,001-5,000",84
PAYMENT,Legitimate,361,"10,001-50,000",467
PAYMENT,Legitimate,361,"100,001-500,000",1
PAYMENT,Legitimate,361,101-500,18
PAYMENT,Legitimate,361,"5,001-10,000",129
PAYMENT,Legitimate,361,"50,001-100,000",100
PAYMENT,Legitimate,361,"501-1,000",10
TRANSFER,Fraud,361,"1,000,001+",4
TRANSFER,Fraud,361,"100,001-500,000",2
TRANSFER,Fraud,361,"50,001-100,000",1
TRANSFER,Legitimate,361,"1,000,001+",18
TRANSFER,Legitimate,361,"1,001-5,000",2
TRANSFER,Legitimate,361,"10,001-50,000",10
TRANSFER,Legitimate,361,"100,001-500,000",36
TRANSFER,Legitimate,361,"5,001-10,000",2
TRANSFER,Legitimate,361,"50,001-100,000",9
TRANSFER,Legitimate,361,"500,001-1,000,000",6
CASH_IN,Legitimate,362,"1,001-5,000",1
CASH_IN,Legitimate,362,"10,001-50,000",20
CASH_IN,Legitimate,362,"100,001-500,000",97
CASH_IN,Legitimate,362,"5,001-10,000",2
CASH_IN,Legitimate,362,"50,001-100,000",21
CASH_IN,Legitimate,362,"500,001-1,000,000",4
CASH_OUT,Fraud,362,"1,000,001+",6
CASH_OUT,Fraud,362,101-500,1
CASH_OUT,Fraud,362,"50,001-100,000",3
CASH_OUT,Legitimate,362,"1,001-5,000",1
CASH_OUT,Legitimate,362,"10,001-50,000",6
CASH_OUT,Legitimate,362,"100,001-500,000",41
CASH_OUT,Legitimate,362,"5,001-10,000",1
CASH_OUT,Legitimate,362,"50,001-100,000",11
CASH_OUT,Legitimate,362,"500,001-1,000,000",1
DEBIT,Legitimate,362,"1,001-5,000",15
DEBIT,Legitimate,362,"5,001-10,000",6
DEBIT,Legitimate,362,"501-1,000",3
PAYMENT,Legitimate,362,0-100,7
PAYMENT,Legitimate,362,"1,001-5,000",100
PAYMENT,Legitimate,362,"10,001-50,000",36
PAYMENT,Legitimate,362,101-500,12
PAYMENT,Legitimate,362,"5,001-10,000",44
PAYMENT,Legitimate,362,"501-1,000",23
TRANSFER,Fraud,362,"1,000,001+",6
TRANSFER,Fraud,362,101-500,1
TRANSFER,Fraud,362,"50,001-100,000",3
TRANSFER,Legitimate,362,"1,000,001+",11
TRANSFER,Legitimate,362,"10,001-50,000",3
TRANSFER,Legitimate,362,"100,001-500,000",10
TRANSFER,Legitimate,362,"5,001-10,000",2
TRANSFER,Legitimate,362,"50,001-100,000",5
TRANSFER,Legitimate,362,"500,001-1,000,000",1
CASH_OUT,Fraud,363,"1,000,001+",4
CASH_OUT,Fraud,363,"100,001-500,000",1
CASH_OUT,Fraud,363,"50,001-100,000",1
CASH_OUT,Fraud,363,"500,001-1,000,000",1
TRANSFER,Fraud,363,"1,000,001+",4
TRANSFER,Fraud,363,"100,001-500,000",1
TRANSFER,Fraud,363,"50,001-100,000",1
TRANSFER,Fraud,363,"500,001-1,000,000",1
CASH_OUT,Fraud,364,"1,000,001+",1
CASH_OUT,Fraud,364,"10,001-50,000",1
CASH_OUT,Fraud,364,"500,001-1,000,000",1
TRANSFER,Fraud,364,"1,000,001+",1
TRANSFER,Fraud,364,"10,001-50,000",1
TRANSFER,Fraud,364,"500,001-1,000,000",1
CASH_OUT,Fraud,365,"1,000,001+",2
CASH_OUT,Fraud,365,"10,001-50,000",1
CASH_OUT,Fraud,365,"100,001-500,000",1
CASH_OUT,Fraud,365,"50,001-100,000",2
CASH_OUT,Fraud,365,"500,001-1,000,000",1
TRANSFER,Fraud,365,"1,000,001+",2
TRANSFER,Fraud,365,"10,001-50,000",1
TRANSFER,Fraud,365,"100,001-500,000",1
TRANSFER,Fraud,365,"50,001-100,000",2
TRANSFER,Fraud,365,"500,001-1,000,000",1
CASH_OUT,Fraud,366,"1,000,001+",3
CASH_OUT,Fraud,366,"500,001-1,000,000",2
TRANSFER,Fraud,366,"1,000,001+",3
TRANSFER,Fraud,366,"500,001-1,000,000",2
CASH_OUT,Fraud,367,"10,001-50,000",1
CASH_OUT,Fraud,367,"100,001-500,000",3
CASH_OUT,Fraud,367,"500,001-1,000,000",3
TRANSFER,Fraud,367,"10,001-50,000",1
TRANSFER,Fraud,367,"100,001-500,000",3
TRANSFER,Fraud,367,"500,001-1,000,000",3
CASH_OUT,Fraud,368,"1,000,001+",1
CASH_OUT,Fraud,368,"100,001-500,000",2
TRANSFER,Fraud,368,"1,000,001+",1
TRANSFER,Fraud,368,"100,001-500,000",2
CASH_IN,Legitimate,369,0-100,4
CASH_IN,Legitimate,369,"1,000,001+",1
CASH_IN,Legitimate,369,"1,001-5,000",43
CASH_IN,Legitimate,369,"10,001-50,000",431
CASH_IN,Legitimate,369,"100,001-500,000",2081
CASH_IN,Legitimate,369,101-500,5
CASH_IN,Legitimate,369,"5,001-10,000",59
CASH_IN,Legitimate,369,"50,001-100,000",601
CASH_IN,Legitimate,369,"500,001-1,000,000",34
CASH_IN,Legitimate,369,"501-1,000",4
CASH_OUT,Fraud,369,"1,000,001+",1
CASH_OUT,Fraud,369,"100,001-500,000",1
CASH_OUT,Fraud,369,"50,001-100,000",1
CASH_OUT,Legitimate,369,0-100,3
CASH_OUT,Legitimate,369,"1,001-5,000",52
CASH_OUT,Legitimate,369,"10,001-50,000",588
CASH_OUT,Legitimate,369,"100,001-500,000",2969
CASH_OUT,Legitimate,369,101-500,8
CASH_OUT,Legitimate,369,"5,001-10,000",70
CASH_OUT,Legitimate,369,"50,001-100,000",744
CASH_OUT,Legitimate,369,"500,001-1,000,000",104
CASH_OUT,Legitimate,369,"501-1,000",10
DEBIT,Legitimate,369,0-100,1
DEBIT,Legitimate,369,"1,001-5,000",36
DEBIT,Legitimate,369,"10,001-50,000",5
DEBIT,Legitimate,369,101-500,4
DEBIT,Legitimate,369,"5,001-10,000",32
DEBIT,Legitimate,369,"501-1,000",5
PAYMENT,Legitimate,369,0-100,24
PAYMENT,Legitimate,369,"1,001-5,000",910
PAYMENT,Legitimate,369,"10,001-50,000",2937
PAYMENT,Legitimate,369,101-500,100
PAYMENT,Legitimate,369,"5,001-10,000",1075
PAYMENT,Legitimate,369,"50,001-100,000",67
PAYMENT,Legitimate,369,"501-1,000",115
TRANSFER,Fraud,369,"1,000,001+",1
TRANSFER,Fraud,369,"100,001-500,000",1
TRANSFER,Fraud,369,"50,001-100,000",1
TRANSFER,Legitimate,369,0-100,1
TRANSFER,Legitimate,369,"1,000,001+",659
TRANSFER,Legitimate,369,"1,001-5,000",4
TRANSFER,Legitimate,369,"10,001-50,000",47
TRANSFER,Legitimate,369,"100,001-500,000",336
TRANSFER,Legitimate,369,"5,001-10,000",3
TRANSFER,Legitimate,369,"50,001-100,000",42
TRANSFER,Legitimate,369,"500,001-1,000,000",270
CASH_IN,Legitimate,370,0-100,3
CASH_IN,Legitimate,370,"1,001-5,000",86
CASH_IN,Legitimate,370,"10,001-50,000",804
CASH_IN,Legitimate,370,"100,001-500,000",3928
CASH_IN,Legitimate,370,101-500,7
CASH_IN,Legitimate,370,"5,001-10,000",113
CASH_IN,Legitimate,370,"50,001-100,000",986
CASH_IN,Legitimate,370,"500,001-1,000,000",134
CASH_IN,Legitimate,370,"501-1,000",10
CASH_OUT,Fraud,370,"1,000,001+",4
CASH_OUT,Fraud,370,"100,001-500,000",3
CASH_OUT,Fraud,370,"500,001-1,000,000",2
CASH_OUT,Legitimate,370,"1,000,001+",2
CASH_OUT,Legitimate,370,"1,001-5,000",94
CASH_OUT,Legitimate,370,"10,001-50,000",1091
CASH_OUT,Legitimate,370,"100,001-500,000",5816
CASH_OUT,Legitimate,370,101-500,6
CASH_OUT,Legitimate,370,"5,001-10,000",117
CASH_OUT,Legitimate,370,"50,001-100,000",1382
CASH_OUT,Legitimate,370,"500,001-1,000,000",282
CASH_OUT,Legitimate,370,"501-1,000",11
DEBIT,Legitimate,370,0-100,1
DEBIT,Legitimate,370,"1,001-5,000",66
DEBIT,Legitimate,370,"10,001-50,000",28
DEBIT,Legitimate,370,101-500,8
DEBIT,Legitimate,370,"5,001-10,000",53
DEBIT,Legitimate,370,"501-1,000",11
PAYMENT,Legitimate,370,0-100,34
PAYMENT,Legitimate,370,"1,001-5,000",1518
PAYMENT,Legitimate,370,"10,001-50,000",4408
PAYMENT,Legitimate,370,"100,001-500,000",1
PAYMENT,Legitimate,370,101-500,170
PAYMENT,Legitimate,370,"5,001-10,000",1776
PAYMENT,Legitimate,370,"50,001-100,000",138
PAYMENT,Legitimate,370,"501-1,000",191
TRANSFER,Fraud,370,"1,000,001+",4
TRANSFER,Fraud,370,"100,001-500,000",3
TRANSFER,Fraud,370,"500,001-1,000,000",2
TRANSFER,Legitimate,370,"1,000,001+",1083
TRANSFER,Legitimate,370,"1,001-5,000",7
TRANSFER,Legitimate,370,"10,001-50,000",69
TRANSFER,Legitimate,370,"100,001-500,000",471
TRANSFER,Legitimate,370,"5,001-10,000",8
TRANSFER,Legitimate,370,"50,001-100,000",82
TRANSFER,Legitimate,370,"500,001-1,000,000",414
TRANSFER,Legitimate,370,"501-1,000",2
CASH_IN,Legitimate,371,"1,001-5,000",90
CASH_IN,Legitimate,371,"10,001-50,000",818
CASH_IN,Legitimate,371,"100,001-500,000",4089
CASH_IN,Legitimate,371,101-500,4
CASH_IN,Legitimate,371,"5,001-10,000",92
CASH_IN,Legitimate,371,"50,001-100,000",1121
CASH_IN,Legitimate,371,"500,001-1,000,000",151
CASH_IN,Legitimate,371,"501-1,000",12
CASH_OUT,Fraud,371,"10,001-50,000",1
CASH_OUT,Fraud,371,"100,001-500,000",2
CASH_OUT,Legitimate,371,0-100,3
CASH_OUT,Legitimate,371,"1,001-5,000",114
CASH_OUT,Legitimate,371,"10,001-50,000",1242
CASH_OUT,Legitimate,371,"100,001-500,000",6736
CASH_OUT,Legitimate,371,101-500,3
CASH_OUT,Legitimate,371,"5,001-10,000",138
CASH_OUT,Legitimate,371,"50,001-100,000",1568
CASH_OUT,Legitimate,371,"500,001-1,000,000",274
CASH_OUT,Legitimate,371,"501-1,000",15
DEBIT,Legitimate,371,0-100,4
DEBIT,Legitimate,371,"1,001-5,000",99
DEBIT,Legitimate,371,"10,001-50,000",5
DEBIT,Legitimate,371,101-500,13
DEBIT,Legitimate,371,"5,001-10,000",46
DEBIT,Legitimate,371,"501-1,000",12
PAYMENT,Legitimate,371,0-100,22
PAYMENT,Legitimate,371,"1,001-5,000",1487
PAYMENT,Legitimate,371,"10,001-50,000",5390
PAYMENT,Legitimate,371,101-500,149
PAYMENT,Legitimate,371,"5,001-10,000",1701
PAYMENT,Legitimate,371,"50,001-100,000",210
PAYMENT,Legitimate,371,"501-1,000",189
TRANSFER,Fraud,371,"10,001-50,000",1
TRANSFER,Fraud,371,"100,001-500,000",2
TRANSFER,Legitimate,371,"1,000,001+",1011
TRANSFER,Legitimate,371,"1,001-5,000",12
TRANSFER,Legitimate,371,"10,001-50,000",82
TRANSFER,Legitimate,371,"100,001-500,000",745
TRANSFER,Legitimate,371,101-500,1
TRANSFER,Legitimate,371,"5,001-10,000",10
TRANSFER,Legitimate,371,"50,001-100,000",108
TRANSFER,Legitimate,371,"500,001-1,000,000",612
TRANSFER,Legitimate,371,"501-1,000",4
CASH_IN,Legitimate,372,0-100,1
CASH_IN,Legitimate,372,"1,001-5,000",84
CASH_IN,Legitimate,372,"10,001-50,000",867
CASH_IN,Legitimate,372,"100,001-500,000",4337
CASH_IN,Legitimate,372,101-500,9
CASH_IN,Legitimate,372,"5,001-10,000",95
CASH_IN,Legitimate,372,"50,001-100,000",1098
CASH_IN,Legitimate,372,"500,001-1,000,000",260
CASH_IN,Legitimate,372,"501-1,000",12
CASH_OUT,Fraud,372,"1,000,001+",2
CASH_OUT,Fraud,372,"100,001-500,000",1
CASH_OUT,Fraud,372,"50,001-100,000",1
CASH_OUT,Legitimate,372,0-100,6
CASH_OUT,Legitimate,372,"1,000,001+",2
CASH_OUT,Legitimate,372,"1,001-5,000",133
CASH_OUT,Legitimate,372,"10,001-50,000",1396
CASH_OUT,Legitimate,372,"100,001-500,000",7028
CASH_OUT,Legitimate,372,101-500,14
CASH_OUT,Legitimate,372,"5,001-10,000",159
CASH_OUT,Legitimate,372,"50,001-100,000",1739
CASH_OUT,Legitimate,372,"500,001-1,000,000",277
CASH_OUT,Legitimate,372,"501-1,000",17
DEBIT,Legitimate,372,0-100,1
DEBIT,Legitimate,372,"1,001-5,000",111
DEBIT,Legitimate,372,"10,001-50,000",11
DEBIT,Legitimate,372,"100,001-500,000",1
DEBIT,Legitimate,372,101-500,15
DEBIT,Legitimate,372,"5,001-10,000",52
DEBIT,Legitimate,372,"501-1,000",17
PAYMENT,Legitimate,372,0-100,34
PAYMENT,Legitimate,372,"1,001-5,000",1661
PAYMENT,Legitimate,372,"10,001-50,000",5258
PAYMENT,Legitimate,372,101-500,161
PAYMENT,Legitimate,372,"5,001-10,000",1847
PAYMENT,Legitimate,372,"50,001-100,000",116
PAYMENT,Legitimate,372,"501-1,000",204
TRANSFER,Fraud,372,"1,000,001+",2
TRANSFER,Fraud,372,"100,001-500,000",1
TRANSFER,Fraud,372,"50,001-100,000",1
TRANSFER,Legitimate,372,"1,000,001+",683
TRANSFER,Legitimate,372,"1,001-5,000",7
TRANSFER,Legitimate,372,"10,001-50,000",110
TRANSFER,Legitimate,372,"100,001-500,000",857
TRANSFER,Legitimate,372,"5,001-10,000",11
TRANSFER,Legitimate,372,"50,001-100,000",139
TRANSFER,Legitimate,372,"500,001-1,000,000",675
TRANSFER,Legitimate,372,"501-1,000",2
CASH_IN,Legitimate,373,0-100,3
CASH_IN,Legitimate,373,"1,001-5,000",87
CASH_IN,Legitimate,373,"10,001-50,000",816
CASH_IN,Legitimate,373,"100,001-500,000",4346
CASH_IN,Legitimate,373,101-500,12
CASH_IN,Legitimate,373,"5,001-10,000",96
CASH_IN,Legitimate,373,"50,001-100,000",1132
CASH_IN,Legitimate,373,"500,001-1,000,000",147
CASH_IN,Legitimate,373,"501-1,000",11
CASH_OUT,Fraud,373,"1,000,001+",1
CASH_OUT,Fraud,373,"100,001-500,000",3
CASH_OUT,Fraud,373,"50,001-100,000",1
CASH_OUT,Fraud,373,"500,001-1,000,000",1
CASH_OUT,Legitimate,373,0-100,4
CASH_OUT,Legitimate,373,"1,000,001+",1
CASH_OUT,Legitimate,373,"1,001-5,000",125
CASH_OUT,Legitimate,373,"10,001-50,000",1281
CASH_OUT,Legitimate,373,"100,001-500,000",6893
CASH_OUT,Legitimate,373,101-500,10
CASH_OUT,Legitimate,373,"5,001-10,000",169
CASH_OUT,Legitimate,373,"50,001-100,000",1574
CASH_OUT,Legitimate,373,"500,001-1,000,000",356
CASH_OUT,Legitimate,373,"501-1,000",15
DEBIT,Legitimate,373,0-100,1
DEBIT,Legitimate,373,"1,001-5,000",84
DEBIT,Legitimate,373,"10,001-50,000",32
DEBIT,Legitimate,373,101-500,8
DEBIT,Legitimate,373,"5,001-10,000",54
DEBIT,Legitimate,373,"501-1,000",7
PAYMENT,Legitimate,373,0-100,37
PAYMENT,Legitimate,373,"1,001-5,000",1629
PAYMENT,Legitimate,373,"10,001-50,000",5174
PAYMENT,Legitimate,373,"100,001-500,000",2
PAYMENT,Legitimate,373,101-500,190
PAYMENT,Legitimate,373,"5,001-10,000",1795
PAYMENT,Legitimate,373,"50,001-100,000",112
PAYMENT,Legitimate,373,"501-1,000",195
TRANSFER,Fraud,373,"1,000,001+",1
TRANSFER,Fraud,373,"100,001-500,000",3
TRANSFER,Fraud,373,"50,001-100,000",1
TRANSFER,Fraud,373,"500,001-1,000,000",1
TRANSFER,Legitimate,373,"1,000,001+",609
TRANSFER,Legitimate,373,"1,001-5,000",6
TRANSFER,Legitimate,373,"10,001-50,000",106
TRANSFER,Legitimate,373,"100,001-500,000",887
TRANSFER,Legitimate,373,101-500,2
TRANSFER,Legitimate,373,"5,001-10,000",14
TRANSFER,Legitimate,373,"50,001-100,000",125
TRANSFER,Legitimate,373,"500,001-1,000,000",693
TRANSFER,Legitimate,373,"501-1,000",1
CASH_IN,Legitimate,374,0-100,3
CASH_IN,Legitimate,374,"1,001-5,000",85
CASH_IN,Legitimate,374,"10,001-50,000",844
CASH_IN,Legitimate,374,"100,001-500,000",4070
CASH_IN,Legitimate,374,101-500,10
CASH_IN,Legitimate,374,"5,001-10,000",111
CASH_IN,Legitimate,374,"50,001-100,000",1138
CASH_IN,Legitimate,374,"500,001-1,000,000",127
CASH_IN,Legitimate,374,"501-1,000",11
CASH_OUT,Fraud,374,"1,000,001+",1
CASH_OUT,Fraud,374,"100,001-500,000",3
CASH_OUT,Fraud,374,"5,001-10,000",1
CASH_OUT,Fraud,374,"50,001-100,000",1
CASH_OUT,Fraud,374,"500,001-1,000,000",1
CASH_OUT,Legitimate,374,0-100,7
CASH_OUT,Legitimate,374,"1,000,001+",1
CASH_OUT,Legitimate,374,"1,001-5,000",124
CASH_OUT,Legitimate,374,"10,001-50,000",1256
CASH_OUT,Legitimate,374,"100,001-500,000",6551
CASH_OUT,Legitimate,374,101-500,13
CASH_OUT,Legitimate,374,"5,001-10,000",149
CASH_OUT,Legitimate,374,"50,001-100,000",1685
CASH_OUT,Legitimate,374,"500,001-1,000,000",275
CASH_OUT,Legitimate,374,"501-1,000",16
DEBIT,Legitimate,374,"1,001-5,000",83
DEBIT,Legitimate,374,"10,001-50,000",8
DEBIT,Legitimate,374,101-500,8
DEBIT,Legitimate,374,"5,001-10,000",47
DEBIT,Legitimate,374,"50,001-100,000",2
DEBIT,Legitimate,374,"501-1,000",13
PAYMENT,Legitimate,374,0-100,45
PAYMENT,Legitimate,374,"1,001-5,000",1589
PAYMENT,Legitimate,374,"10,001-50,000",4829
PAYMENT,Legitimate,374,"100,001-500,000",1
PAYMENT,Legitimate,374,101-500,183
PAYMENT,Legitimate,374,"5,001-10,000",1738
PAYMENT,Legitimate,374,"50,001-100,000",130
PAYMENT,Legitimate,374,"501-1,000",203
TRANSFER,Fraud,374,"1,000,001+",1
TRANSFER,Fraud,374,"100,001-500,000",3
TRANSFER,Fraud,374,"5,001-10,000",1
TRANSFER,Fraud,374,"50,001-100,000",1
TRANSFER,Fraud,374,"500,001-1,000,000",1
TRANSFER,Legitimate,374,"1,000,001+",479
TRANSFER,Legitimate,374,"1,001-5,000",10
TRANSFER,Legitimate,374,"10,001-50,000",97
TRANSFER,Legitimate,374,"100,001-500,000",916
TRANSFER,Legitimate,374,101-500,4
TRANSFER,Legitimate,374,"5,001-10,000",11
TRANSFER,Legitimate,374,"50,001-100,000",153
TRANSFER,Legitimate,374,"500,001-1,000,000",687
TRANSFER,Legitimate,374,"501-1,000",1
CASH_IN,Legitimate,375,0-100,2
CASH_IN,Legitimate,375,"1,001-5,000",81
CASH_IN,Legitimate,375,"10,001-50,000",760
CASH_IN,Legitimate,375,"100,001-500,000",3739
CASH_IN,Legitimate,375,101-500,5
CASH_IN,Legitimate,375,"5,001-10,000",95
CASH_IN,Legitimate,375,"50,001-100,000",998
CASH_IN,Legitimate,375,"500,001-1,000,000",158
CASH_IN,Legitimate,375,"501-1,000",10
CASH_OUT,Fraud,375,"1,001-5,000",1
CASH_OUT,Fraud,375,"100,001-500,000",2
CASH_OUT,Fraud,375,"500,001-1,000,000",2
CASH_OUT,Legitimate,375,0-100,5
CASH_OUT,Legitimate,375,"1,000,001+",3
CASH_OUT,Legitimate,375,"1,001-5,000",96
CASH_OUT,Legitimate,375,"10,001-50,000",1187
CASH_OUT,Legitimate,375,"100,001-500,000",6082
CASH_OUT,Legitimate,375,101-500,10
CASH_OUT,Legitimate,375,"5,001-10,000",140
CASH_OUT,Legitimate,375,"50,001-100,000",1560
CASH_OUT,Legitimate,375,"500,001-1,000,000",226
CASH_OUT,Legitimate,375,"501-1,000",16
DEBIT,Legitimate,375,0-100,3
DEBIT,Legitimate,375,"1,001-5,000",83
DEBIT,Legitimate,375,"10,001-50,000",12
DEBIT,Legitimate,375,101-500,8
DEBIT,Legitimate,375,"5,001-10,000",53
DEBIT,Legitimate,375,"50,001-100,000",2
DEBIT,Legitimate,375,"501-1,000",16
PAYMENT,Legitimate,375,0-100,46
PAYMENT,Legitimate,375,"1,001-5,000",1504
PAYMENT,Legitimate,375,"10,001-50,000",4605
PAYMENT,Legitimate,375,101-500,155
PAYMENT,Legitimate,375,"5,001-10,000",1808
PAYMENT,Legitimate,375,"50,001-100,000",160
PAYMENT,Legitimate,375,"501-1,000",182
TRANSFER,Fraud,375,"1,001-5,000",1
TRANSFER,Fraud,375,"100,001-500,000",2
TRANSFER,Fraud,375,"500,001-1,000,000",2
TRANSFER,Legitimate,375,"1,000,001+",672
TRANSFER,Legitimate,375,"1,001-5,000",9
TRANSFER,Legitimate,375,"10,001-50,000",90
TRANSFER,Legitimate,375,"100,001-500,000",826
TRANSFER,Legitimate,375,"5,001-10,000",8
TRANSFER,Legitimate,375,"50,001-100,000",111
TRANSFER,Legitimate,375,"500,001-1,000,000",567
CASH_IN,Legitimate,376,"1,001-5,000",49
CASH_IN,Legitimate,376,"10,001-50,000",571
CASH_IN,Legitimate,376,"100,001-500,000",2848
CASH_IN,Legitimate,376,101-500,5
CASH_IN,Legitimate,376,"5,001-10,000",76
CASH_IN,Legitimate,376,"50,001-100,000",783
CASH_IN,Legitimate,376,"500,001-1,000,000",69
CASH_IN,Legitimate,376,"501-1,000",8
CASH_OUT,Fraud,376,"100,001-500,000",2
CASH_OUT,Legitimate,376,0-100,4
CASH_OUT,Legitimate,376,"1,000,001+",1
CASH_OUT,Legitimate,376,"1,001-5,000",81
CASH_OUT,Legitimate,376,"10,001-50,000",861
CASH_OUT,Legitimate,376,"100,001-500,000",4633
CASH_OUT,Legitimate,376,101-500,11
CASH_OUT,Legitimate,376,"5,001-10,000",123
CASH_OUT,Legitimate,376,"50,001-100,000",1134
CASH_OUT,Legitimate,376,"500,001-1,000,000",187
CASH_OUT,Legitimate,376,"501-1,000",7
DEBIT,Legitimate,376,0-100,1
DEBIT,Legitimate,376,"1,001-5,000",48
DEBIT,Legitimate,376,"10,001-50,000",16
DEBIT,Legitimate,376,"100,001-500,000",1
DEBIT,Legitimate,376,101-500,6
DEBIT,Legitimate,376,"5,001-10,000",43
DEBIT,Legitimate,376,"501-1,000",8
PAYMENT,Legitimate,376,0-100,32
PAYMENT,Legitimate,376,"1,001-5,000",1198
PAYMENT,Legitimate,376,"10,001-50,000",3652
PAYMENT,Legitimate,376,"100,001-500,000",1
PAYMENT,Legitimate,376,101-500,96
PAYMENT,Legitimate,376,"5,001-10,000",1370
PAYMENT,Legitimate,376,"50,001-100,000",157
PAYMENT,Legitimate,376,"501-1,000",142
TRANSFER,Fraud,376,"100,001-500,000",2
TRANSFER,Legitimate,376,0-100,1
TRANSFER,Legitimate,376,"1,000,001+",874
TRANSFER,Legitimate,376,"1,001-5,000",10
TRANSFER,Legitimate,376,"10,001-50,000",63
TRANSFER,Legitimate,376,"100,001-500,000",505
TRANSFER,Legitimate,376,101-500,2
TRANSFER,Legitimate,376,"5,001-10,000",13
TRANSFER,Legitimate,376,"50,001-100,000",71
TRANSFER,Legitimate,376,"500,001-1,000,000",356
TRANSFER,Legitimate,376,"501-1,000",1
CASH_IN,Legitimate,377,0-100,2
CASH_IN,Legitimate,377,"1,001-5,000",56
CASH_IN,Legitimate,377,"10,001-50,000",563
CASH_IN,Legitimate,377,"100,001-500,000",2399
CASH_IN,Legitimate,377,101-500,3
CASH_IN,Legitimate,377,"5,001-10,000",67
CASH_IN,Legitimate,377,"50,001-100,000",722
CASH_IN,Legitimate,377,"500,001-1,000,000",48
CASH_IN,Legitimate,377,"501-1,000",4
CASH_OUT,Fraud,377,"1,000,001+",1
CASH_OUT,Fraud,377,"100,001-500,000",2
CASH_OUT,Fraud,377,"50,001-100,000",1
CASH_OUT,Fraud,377,"500,001-1,000,000",1
CASH_OUT,Legitimate,377,0-100,2
CASH_OUT,Legitimate,377,"1,000,001+",1
CASH_OUT,Legitimate,377,"1,001-5,000",78
CASH_OUT,Legitimate,377,"10,001-50,000",866
CASH_OUT,Legitimate,377,"100,001-500,000",4294
CASH_OUT,Legitimate,377,101-500,6
CASH_OUT,Legitimate,377,"5,001-10,000",89
CASH_OUT,Legitimate,377,"50,001-100,000",1072
CASH_OUT,Legitimate,377,"500,001-1,000,000",187
CASH_OUT,Legitimate,377,"501-1,000",9
DEBIT,Legitimate,377,0-100,1
DEBIT,Legitimate,377,"1,001-5,000",48
DEBIT,Legitimate,377,"10,001-50,000",4
DEBIT,Legitimate,377,101-500,9
DEBIT,Legitimate,377,"5,001-10,000",15
DEBIT,Legitimate,377,"501-1,000",11
PAYMENT,Legitimate,377,0-100,30
PAYMENT,Legitimate,377,"1,001-5,000",1244
PAYMENT,Legitimate,377,"10,001-50,000",2940
PAYMENT,Legitimate,377,101-500,119
PAYMENT,Legitimate,377,"5,001-10,000",1439
PAYMENT,Legitimate,377,"50,001-100,000",80
PAYMENT,Legitimate,377,"501-1,000",159
TRANSFER,Fraud,377,"1,000,001+",1
TRANSFER,Fraud,377,"100,001-500,000",2
TRANSFER,Fraud,377,"50,001-100,000",1
TRANSFER,Fraud,377,"500,001-1,000,000",1
TRANSFER,Legitimate,377,"1,000,001+",272
TRANSFER,Legitimate,377,"1,001-5,000",5
TRANSFER,Legitimate,377,"10,001-50,000",84
TRANSFER,Legitimate,377,"100,001-500,000",660
TRANSFER,Legitimate,377,101-500,1
TRANSFER,Legitimate,377,"5,001-10,000",5
TRANSFER,Legitimate,377,"50,001-100,000",112
TRANSFER,Legitimate,377,"500,001-1,000,000",466
TRANSFER,Legitimate,377,"501-1,000",1
CASH_IN,Legitimate,378,0-100,4
CASH_IN,Legitimate,378,"1,001-5,000",90
CASH_IN,Legitimate,378,"10,001-50,000",1206
CASH_IN,Legitimate,378,"100,001-500,000",4963
CASH_IN,Legitimate,378,101-500,8
CASH_IN,Legitimate,378,"5,001-10,000",122
CASH_IN,Legitimate,378,"50,001-100,000",1383
CASH_IN,Legitimate,378,"500,001-1,000,000",106
CASH_IN,Legitimate,378,"501-1,000",12
CASH_OUT,Fraud,378,"100,001-500,000",2
CASH_OUT,Legitimate,378,0-100,3
CASH_OUT,Legitimate,378,"1,000,001+",3
CASH_OUT,Legitimate,378,"1,001-5,000",202
CASH_OUT,Legitimate,378,"10,001-50,000",2168
CASH_OUT,Legitimate,378,"100,001-500,000",9027
CASH_OUT,Legitimate,378,101-500,22
CASH_OUT,Legitimate,378,"5,001-10,000",240
CASH_OUT,Legitimate,378,"50,001-100,000",2717
CASH_OUT,Legitimate,378,"500,001-1,000,000",168
CASH_OUT,Legitimate,378,"501-1,000",31
DEBIT,Legitimate,378,0-100,4
DEBIT,Legitimate,378,"1,001-5,000",108
DEBIT,Legitimate,378,"10,001-50,000",3
DEBIT,Legitimate,378,"100,001-500,000",3
DEBIT,Legitimate,378,101-500,12
DEBIT,Legitimate,378,"5,001-10,000",26
DEBIT,Legitimate,378,"501-1,000",21
PAYMENT,Legitimate,378,0-100,55
PAYMENT,Legitimate,378,"1,001-5,000",2521
PAYMENT,Legitimate,378,"10,001-50,000",5462
PAYMENT,Legitimate,378,"100,001-500,000",2
PAYMENT,Legitimate,378,101-500,262
PAYMENT,Legitimate,378,"5,001-10,000",2756
PAYMENT,Legitimate,378,"50,001-100,000",143
PAYMENT,Legitimate,378,"501-1,000",301
TRANSFER,Fraud,378,"100,001-500,000",2
TRANSFER,Legitimate,378,"1,000,001+",424
TRANSFER,Legitimate,378,"1,001-5,000",17
TRANSFER,Legitimate,378,"10,001-50,000",145
TRANSFER,Legitimate,378,"100,001-500,000",1354
TRANSFER,Legitimate,378,101-500,2
TRANSFER,Legitimate,378,"5,001-10,000",20
TRANSFER,Legitimate,378,"50,001-100,000",180
TRANSFER,Legitimate,378,"500,001-1,000,000",826
TRANSFER,Legitimate,378,"501-1,000",1
CASH_IN,Legitimate,379,0-100,3
CASH_IN,Legitimate,379,"1,001-5,000",147
CASH_IN,Legitimate,379,"10,001-50,000",1375
CASH_IN,Legitimate,379,"100,001-500,000",5507
CASH_IN,Legitimate,379,101-500,11
CASH_IN,Legitimate,379,"5,001-10,000",181
CASH_IN,Legitimate,379,"50,001-100,000",1680
CASH_IN,Legitimate,379,"500,001-1,000,000",99
CASH_IN,Legitimate,379,"501-1,000",23
CASH_OUT,Fraud,379,"1,000,001+",3
CASH_OUT,Fraud,379,"10,001-50,000",2
CASH_OUT,Fraud,379,"100,001-500,000",1
CASH_OUT,Fraud,379,"50,001-100,000",1
CASH_OUT,Fraud,379,"500,001-1,000,000",1
CASH_OUT,Legitimate,379,0-100,6
CASH_OUT,Legitimate,379,"1,000,001+",2
CASH_OUT,Legitimate,379,"1,001-5,000",253
CASH_OUT,Legitimate,379,"10,001-50,000",2644
CASH_OUT,Legitimate,379,"100,001-500,000",9710
CASH_OUT,Legitimate,379,101-500,23
CASH_OUT,Legitimate,379,"5,001-10,000",312
CASH_OUT,Legitimate,379,"50,001-100,000",3323
CASH_OUT,Legitimate,379,"500,001-1,000,000",145
CASH_OUT,Legitimate,379,"501-1,000",32
DEBIT,Legitimate,379,0-100,2
DEBIT,Legitimate,379,"1,001-5,000",122
DEBIT,Legitimate,379,"10,001-50,000",11
DEBIT,Legitimate,379,"100,001-500,000",1
DEBIT,Legitimate,379,101-500,12
DEBIT,Legitimate,379,"5,001-10,000",38
DEBIT,Legitimate,379,"50,001-100,000",1
DEBIT,Legitimate,379,"501-1,000",17
PAYMENT,Legitimate,379,0-100,89
PAYMENT,Legitimate,379,"1,001-5,000",2989
PAYMENT,Legitimate,379,"10,001-50,000",5595
PAYMENT,Legitimate,379,"100,001-500,000",3
PAYMENT,Legitimate,379,101-500,286
PAYMENT,Legitimate,379,"5,001-10,000",3339
PAYMENT,Legitimate,379,"50,001-100,000",161
PAYMENT,Legitimate,379,"501-1,000",365
TRANSFER,Fraud,379,"1,000,001+",3
TRANSFER,Fraud,379,"10,001-50,000",2
TRANSFER,Fraud,379,"100,001-500,000",1
TRANSFER,Fraud,379,"50,001-100,000",1
TRANSFER,Fraud,379,"500,001-1,000,000",1
TRANSFER,Legitimate,379,0-100,1
TRANSFER,Legitimate,379,"1,000,001+",417
TRANSFER,Legitimate,379,"1,001-5,000",17
TRANSFER,Legitimate,379,"10,001-50,000",184
TRANSFER,Legitimate,379,"100,001-500,000",1592
TRANSFER,Legitimate,379,101-500,5
TRANSFER,Legitimate,379,"5,001-10,000",23
TRANSFER,Legitimate,379,"50,001-100,000",218
TRANSFER,Legitimate,379,"500,001-1,000,000",776
TRANSFER,Legitimate,379,"501-1,000",3
CASH_IN,Legitimate,380,0-100,3
CASH_IN,Legitimate,380,"1,001-5,000",115
CASH_IN,Legitimate,380,"10,001-50,000",1286
CASH_IN,Legitimate,380,"100,001-500,000",4831
CASH_IN,Legitimate,380,101-500,7
CASH_IN,Legitimate,380,"5,001-10,000",171
CASH_IN,Legitimate,380,"50,001-100,000",1612
CASH_IN,Legitimate,380,"500,001-1,000,000",116
CASH_IN,Legitimate,380,"501-1,000",14
CASH_OUT,Fraud,380,"1,000,001+",1
CASH_OUT,Fraud,380,"1,001-5,000",1
CASH_OUT,Fraud,380,"10,001-50,000",1
CASH_OUT,Fraud,380,"100,001-500,000",2
CASH_OUT,Fraud,380,"50,001-100,000",1
CASH_OUT,Fraud,380,"500,001-1,000,000",1
CASH_OUT,Legitimate,380,0-100,3
CASH_OUT,Legitimate,380,"1,001-5,000",204
CASH_OUT,Legitimate,380,"10,001-50,000",2150
CASH_OUT,Legitimate,380,"100,001-500,000",7846
CASH_OUT,Legitimate,380,101-500,20
CASH_OUT,Legitimate,380,"5,001-10,000",270
CASH_OUT,Legitimate,380,"50,001-100,000",2723
CASH_OUT,Legitimate,380,"500,001-1,000,000",114
CASH_OUT,Legitimate,380,"501-1,000",25
DEBIT,Legitimate,380,0-100,4
DEBIT,Legitimate,380,"1,001-5,000",80
DEBIT,Legitimate,380,"10,001-50,000",25
DEBIT,Legitimate,380,101-500,8
DEBIT,Legitimate,380,"5,001-10,000",52
DEBIT,Legitimate,380,"50,001-100,000",1
DEBIT,Legitimate,380,"501-1,000",8
PAYMENT,Legitimate,380,0-100,76
PAYMENT,Legitimate,380,"1,001-5,000",3376
PAYMENT,Legitimate,380,"10,001-50,000",5212
PAYMENT,Legitimate,380,"100,001-500,000",2
PAYMENT,Legitimate,380,101-500,334
PAYMENT,Legitimate,380,"5,001-10,000",3555
PAYMENT,Legitimate,380,"50,001-100,000",201
PAYMENT,Legitimate,380,"501-1,000",427
TRANSFER,Fraud,380,"1,000,001+",1
TRANSFER,Fraud,380,"1,001-5,000",1
TRANSFER,Fraud,380,"10,001-50,000",1
TRANSFER,Fraud,380,"100,001-500,000",2
TRANSFER,Fraud,380,"50,001-100,000",1
TRANSFER,Fraud,380,"500,001-1,000,000",1
TRANSFER,Legitimate,380,"1,000,001+",355
TRANSFER,Legitimate,380,"1,001-5,000",20
TRANSFER,Legitimate,380,"10,001-50,000",180
TRANSFER,Legitimate,380,"100,001-500,000",1486
TRANSFER,Legitimate,380,101-500,2
TRANSFER,Legitimate,380,"5,001-10,000",23
TRANSFER,Legitimate,380,"50,001-100,000",248
TRANSFER,Legitimate,380,"500,001-1,000,000",489
TRANSFER,Legitimate,380,"501-1,000",5
CASH_IN,Legitimate,381,0-100,1
CASH_IN,Legitimate,381,"1,001-5,000",36
CASH_IN,Legitimate,381,"10,001-50,000",515
CASH_IN,Legitimate,381,"100,001-500,000",1828
CASH_IN,Legitimate,381,101-500,6
CASH_IN,Legitimate,381,"5,001-10,000",65
CASH_IN,Legitimate,381,"50,001-100,000",625
CASH_IN,Legitimate,381,"500,001-1,000,000",29
CASH_IN,Legitimate,381,"501-1,000",6
CASH_OUT,Fraud,381,"100,001-500,000",1
CASH_OUT,Fraud,381,"500,001-1,000,000",1
CASH_OUT,Legitimate,381,0-100,4
CASH_OUT,Legitimate,381,"1,001-5,000",62
CASH_OUT,Legitimate,381,"10,001-50,000",641
CASH_OUT,Legitimate,381,"100,001-500,000",2437
CASH_OUT,Legitimate,381,101-500,5
CASH_OUT,Legitimate,381,"5,001-10,000",91
CASH_OUT,Legitimate,381,"50,001-100,000",892
CASH_OUT,Legitimate,381,"500,001-1,000,000",51
CASH_OUT,Legitimate,381,"501-1,000",12
DEBIT,Legitimate,381,0-100,1
DEBIT,Legitimate,381,"1,001-5,000",19
DEBIT,Legitimate,381,"10,001-50,000",27
DEBIT,Legitimate,381,"100,001-500,000",4
DEBIT,Legitimate,381,101-500,6
DEBIT,Legitimate,381,"5,001-10,000",18
DEBIT,Legitimate,381,"501-1,000",3
PAYMENT,Legitimate,381,0-100,49
PAYMENT,Legitimate,381,"1,001-5,000",1725
PAYMENT,Legitimate,381,"10,001-50,000",2381
PAYMENT,Legitimate,381,101-500,174
PAYMENT,Legitimate,381,"5,001-10,000",1656
PAYMENT,Legitimate,381,"50,001-100,000",107
PAYMENT,Legitimate,381,"501-1,000",218
TRANSFER,Fraud,381,"100,001-500,000",1
TRANSFER,Fraud,381,"500,001-1,000,000",1
TRANSFER,Legitimate,381,"1,000,001+",248
TRANSFER,Legitimate,381,"1,001-5,000",10
TRANSFER,Legitimate,381,"10,001-50,000",86
TRANSFER,Legitimate,381,"100,001-500,000",580
TRANSFER,Legitimate,381,"5,001-10,000",10
TRANSFER,Legitimate,381,"50,001-100,000",83
TRANSFER,Legitimate,381,"500,001-1,000,000",242
TRANSFER,Legitimate,381,"501-1,000",4
CASH_IN,Legitimate,382,0-100,1
CASH_IN,Legitimate,382,"1,001-5,000",32
CASH_IN,Legitimate,382,"10,001-50,000",351
CASH_IN,Legitimate,382,"100,001-500,000",1518
CASH_IN,Legitimate,382,101-500,2
CASH_IN,Legitimate,382,"5,001-10,000",49
CASH_IN,Legitimate,382,"50,001-100,000",433
CASH_IN,Legitimate,382,"500,001-1,000,000",27
CASH_IN,Legitimate,382,"501-1,000",7
CASH_OUT,Fraud,382,"1,000,001+",2
CASH_OUT,Fraud,382,"5,001-10,000",1
CASH_OUT,Fraud,382,"500,001-1,000,000",1
CASH_OUT,Legitimate,382,0-100,1
CASH_OUT,Legitimate,382,"1,001-5,000",38
CASH_OUT,Legitimate,382,"10,001-50,000",454
CASH_OUT,Legitimate,382,"100,001-500,000",1675
CASH_OUT,Legitimate,382,101-500,4
CASH_OUT,Legitimate,382,"5,001-10,000",42
CASH_OUT,Legitimate,382,"50,001-100,000",564
CASH_OUT,Legitimate,382,"500,001-1,000,000",29
CASH_OUT,Legitimate,382,"501-1,000",1
DEBIT,Legitimate,382,"1,001-5,000",60
DEBIT,Legitimate,382,"10,001-50,000",3
DEBIT,Legitimate,382,"100,001-500,000",1
DEBIT,Legitimate,382,101-500,7
DEBIT,Legitimate,382,"5,001-10,000",6
DEBIT,Legitimate,382,"50,001-100,000",3
DEBIT,Legitimate,382,"501-1,000",19
PAYMENT,Legitimate,382,0-100,37
PAYMENT,Legitimate,382,"1,001-5,000",1287
PAYMENT,Legitimate,382,"10,001-50,000",2354
PAYMENT,Legitimate,382,"100,001-500,000",2
PAYMENT,Legitimate,382,101-500,120
PAYMENT,Legitimate,382,"5,001-10,000",1395
PAYMENT,Legitimate,382,"50,001-100,000",122
PAYMENT,Legitimate,382,"501-1,000",162
TRANSFER,Fraud,382,"1,000,001+",2
TRANSFER,Fraud,382,"5,001-10,000",1
TRANSFER,Fraud,382,"500,001-1,000,000",1
TRANSFER,Legitimate,382,"1,000,001+",239
TRANSFER,Legitimate,382,"1,001-5,000",4
TRANSFER,Legitimate,382,"10,001-50,000",61
TRANSFER,Legitimate,382,"100,001-500,000",448
TRANSFER,Legitimate,382,101-500,1
TRANSFER,Legitimate,382,"5,001-10,000",5
TRANSFER,Legitimate,382,"50,001-100,000",87
TRANSFER,Legitimate,382,"500,001-1,000,000",170
CASH_IN,Legitimate,383,"1,001-5,000",21
CASH_IN,Legitimate,383,"10,001-50,000",207
CASH_IN,Legitimate,383,"100,001-500,000",845
CASH_IN,Legitimate,383,101-500,3
CASH_IN,Legitimate,383,"5,001-10,000",31
CASH_IN,Legitimate,383,"50,001-100,000",263
CASH_IN,Legitimate,383,"500,001-1,000,000",16
CASH_IN,Legitimate,383,"501-1,000",1
CASH_OUT,Fraud,383,"1,000,001+",3
CASH_OUT,Fraud,383,"100,001-500,000",4
CASH_OUT,Legitimate,383,"1,001-5,000",16
CASH_OUT,Legitimate,383,"10,001-50,000",187
CASH_OUT,Legitimate,383,"100,001-500,000",918
CASH_OUT,Legitimate,383,101-500,3
CASH_OUT,Legitimate,383,"5,001-10,000",23
CASH_OUT,Legitimate,383,"50,001-100,000",277
CASH_OUT,Legitimate,383,"500,001-1,000,000",18
CASH_OUT,Legitimate,383,"501-1,000",5
DEBIT,Legitimate,383,0-100,1
DEBIT,Legitimate,383,"1,001-5,000",73
DEBIT,Legitimate,383,"10,001-50,000",2
DEBIT,Legitimate,383,101-500,9
DEBIT,Legitimate,383,"5,001-10,000",17
DEBIT,Legitimate,383,"50,001-100,000",2
DEBIT,Legitimate,383,"501-1,000",11
PAYMENT,Legitimate,383,0-100,35
PAYMENT,Legitimate,383,"1,001-5,000",1268
PAYMENT,Legitimate,383,"10,001-50,000",1376
PAYMENT,Legitimate,383,101-500,141
PAYMENT,Legitimate,383,"5,001-10,000",1174
PAYMENT,Legitimate,383,"50,001-100,000",72
PAYMENT,Legitimate,383,"501-1,000",168
TRANSFER,Fraud,383,"1,000,001+",3
TRANSFER,Fraud,383,"100,001-500,000",4
TRANSFER,Legitimate,383,"1,000,001+",159
TRANSFER,Legitimate,383,"1,001-5,000",4
TRANSFER,Legitimate,383,"10,001-50,000",28
TRANSFER,Legitimate,383,"100,001-500,000",255
TRANSFER,Legitimate,383,"5,001-10,000",3
TRANSFER,Legitimate,383,"50,001-100,000",52
TRANSFER,Legitimate,383,"500,001-1,000,000",119
TRANSFER,Legitimate,383,"501-1,000",1
CASH_IN,Legitimate,384,"1,001-5,000",8
CASH_IN,Legitimate,384,"10,001-50,000",82
CASH_IN,Legitimate,384,"100,001-500,000",356
CASH_IN,Legitimate,384,101-500,2
CASH_IN,Legitimate,384,"5,001-10,000",8
CASH_IN,Legitimate,384,"50,001-100,000",110
CASH_IN,Legitimate,384,"500,001-1,000,000",14
CASH_IN,Legitimate,384,"501-1,000",1
CASH_OUT,Fraud,384,"1,000,001+",1
CASH_OUT,Fraud,384,"100,001-500,000",1
CASH_OUT,Fraud,384,"50,001-100,000",1
CASH_OUT,Legitimate,384,"1,001-5,000",7
CASH_OUT,Legitimate,384,"10,001-50,000",100
CASH_OUT,Legitimate,384,"100,001-500,000",368
CASH_OUT,Legitimate,384,"5,001-10,000",12
CASH_OUT,Legitimate,384,"50,001-100,000",136
CASH_OUT,Legitimate,384,"500,001-1,000,000",19
CASH_OUT,Legitimate,384,"501-1,000",4
DEBIT,Legitimate,384,0-100,1
DEBIT,Legitimate,384,"1,001-5,000",61
DEBIT,Legitimate,384,"10,001-50,000",1
DEBIT,Legitimate,384,101-500,7
DEBIT,Legitimate,384,"5,001-10,000",13
DEBIT,Legitimate,384,"501-1,000",10
PAYMENT,Legitimate,384,0-100,18
PAYMENT,Legitimate,384,"1,001-5,000",566
PAYMENT,Legitimate,384,"10,001-50,000",687
PAYMENT,Legitimate,384,101-500,48
PAYMENT,Legitimate,384,"5,001-10,000",573
PAYMENT,Legitimate,384,"50,001-100,000",34
PAYMENT,Legitimate,384,"501-1,000",86
TRANSFER,Fraud,384,"1,000,001+",1
TRANSFER,Fraud,384,"100,001-500,000",1
TRANSFER,Fraud,384,"50,001-100,000",1
TRANSFER,Legitimate,384,"1,000,001+",68
TRANSFER,Legitimate,384,"10,001-50,000",12
TRANSFER,Legitimate,384,"100,001-500,000",101
TRANSFER,Legitimate,384,101-500,2
TRANSFER,Legitimate,384,"50,001-100,000",24
TRANSFER,Legitimate,384,"500,001-1,000,000",43
CASH_IN,Legitimate,385,"1,001-5,000",7
CASH_IN,Legitimate,385,"10,001-50,000",31
CASH_IN,Legitimate,385,"100,001-500,000",161
CASH_IN,Legitimate,385,"5,001-10,000",2
CASH_IN,Legitimate,385,"50,001-100,000",44
CASH_IN,Legitimate,385,"500,001-1,000,000",3
CASH_IN,Legitimate,385,"501-1,000",1
CASH_OUT,Fraud,385,"500,001-1,000,000",4
CASH_OUT,Legitimate,385,"1,001-5,000",2
CASH_OUT,Legitimate,385,"10,001-50,000",28
CASH_OUT,Legitimate,385,"100,001-500,000",115
CASH_OUT,Legitimate,385,"5,001-10,000",4
CASH_OUT,Legitimate,385,"50,001-100,000",35
CASH_OUT,Legitimate,385,"500,001-1,000,000",1
DEBIT,Legitimate,385,0-100,1
DEBIT,Legitimate,385,"1,001-5,000",30
DEBIT,Legitimate,385,101-500,1
DEBIT,Legitimate,385,"5,001-10,000",12
DEBIT,Legitimate,385,"501-1,000",2
PAYMENT,Legitimate,385,0-100,7
PAYMENT,Legitimate,385,"1,001-5,000",333
PAYMENT,Legitimate,385,"10,001-50,000",205
PAYMENT,Legitimate,385,101-500,29
PAYMENT,Legitimate,385,"5,001-10,000",223
PAYMENT,Legitimate,385,"50,001-100,000",14
PAYMENT,Legitimate,385,"501-1,000",41
TRANSFER,Fraud,385,"500,001-1,000,000",4
TRANSFER,Legitimate,385,"1,000,001+",14
TRANSFER,Legitimate,385,"10,001-50,000",8
TRANSFER,Legitimate,385,"100,001-500,000",39
TRANSFER,Legitimate,385,"50,001-100,000",6
TRANSFER,Legitimate,385,"500,001-1,000,000",12
CASH_IN,Legitimate,386,0-100,1
CASH_IN,Legitimate,386,"1,001-5,000",3
CASH_IN,Legitimate,386,"10,001-50,000",28
CASH_IN,Legitimate,386,"100,001-500,000",113
CASH_IN,Legitimate,386,"5,001-10,000",3
CASH_IN,Legitimate,386,"50,001-100,000",30
CASH_IN,Legitimate,386,"500,001-1,000,000",4
CASH_OUT,Fraud,386,"1,000,001+",5
CASH_OUT,Fraud,386,"100,001-500,000",1
CASH_OUT,Fraud,386,"500,001-1,000,000",2
CASH_OUT,Legitimate,386,"10,001-50,000",12
CASH_OUT,Legitimate,386,"100,001-500,000",48
CASH_OUT,Legitimate,386,"5,001-10,000",2
CASH_OUT,Legitimate,386,"50,001-100,000",9
CASH_OUT,Legitimate,386,"500,001-1,000,000",5
CASH_OUT,Legitimate,386,"501-1,000",1
DEBIT,Legitimate,386,0-100,2
DEBIT,Legitimate,386,"1,001-5,000",23
DEBIT,Legitimate,386,101-500,3
DEBIT,Legitimate,386,"5,001-10,000",2
DEBIT,Legitimate,386,"501-1,000",6
PAYMENT,Legitimate,386,0-100,1
PAYMENT,Legitimate,386,"1,001-5,000",70
PAYMENT,Legitimate,386,"10,001-50,000",119
PAYMENT,Legitimate,386,101-500,5
PAYMENT,Legitimate,386,"5,001-10,000",77
PAYMENT,Legitimate,386,"50,001-100,000",3
PAYMENT,Legitimate,386,"501-1,000",10
TRANSFER,Fraud,386,"1,000,001+",5
TRANSFER,Fraud,386,"100,001-500,000",1
TRANSFER,Fraud,386,"500,001-1,000,000",2
TRANSFER,Legitimate,386,"1,000,001+",6
TRANSFER,Legitimate,386,"10,001-50,000",2
TRANSFER,Legitimate,386,"100,001-500,000",22
TRANSFER,Legitimate,386,"50,001-100,000",2
TRANSFER,Legitimate,386,"500,001-1,000,000",4
TRANSFER,Legitimate,386,"501-1,000",1
CASH_OUT,Fraud,387,0-100,1
CASH_OUT,Fraud,387,"1,000,001+",8
CASH_OUT,Fraud,387,"10,001-50,000",2
CASH_OUT,Fraud,387,"100,001-500,000",2
CASH_OUT,Fraud,387,"500,001-1,000,000",1
TRANSFER,Fraud,387,"1,000,001+",9
TRANSFER,Fraud,387,"10,001-50,000",2
TRANSFER,Fraud,387,"100,001-500,000",2
TRANSFER,Fraud,387,"500,001-1,000,000",1
CASH_OUT,Fraud,388,"1,000,001+",3
CASH_OUT,Fraud,388,"1,001-5,000",1
CASH_OUT,Fraud,388,"10,001-50,000",1
CASH_OUT,Fraud,388,"100,001-500,000",2
CASH_OUT,Fraud,388,"500,001-1,000,000",2
TRANSFER,Fraud,388,"1,000,001+",3
TRANSFER,Fraud,388,"1,001-5,000",1
TRANSFER,Fraud,388,"10,001-50,000",1
TRANSFER,Fraud,388,"100,001-500,000",2
TRANSFER,Fraud,388,"500,001-1,000,000",2
CASH_OUT,Fraud,389,"1,000,001+",4
CASH_OUT,Fraud,389,"100,001-500,000",1
TRANSFER,Fraud,389,"1,000,001+",4
TRANSFER,Fraud,389,"100,001-500,000",1
CASH_OUT,Fraud,390,"1,000,001+",3
CASH_OUT,Fraud,390,"100,001-500,000",1
CASH_OUT,Fraud,390,"500,001-1,000,000",2
TRANSFER,Fraud,390,"1,000,001+",3
TRANSFER,Fraud,390,"100,001-500,000",1
TRANSFER,Fraud,390,"500,001-1,000,000",2
CASH_OUT,Fraud,391,"1,000,001+",2
CASH_OUT,Fraud,391,"10,001-50,000",1
CASH_OUT,Fraud,391,"100,001-500,000",3
TRANSFER,Fraud,391,"1,000,001+",2
TRANSFER,Fraud,391,"10,001-50,000",1
TRANSFER,Fraud,391,"100,001-500,000",3
CASH_OUT,Fraud,392,"1,000,001+",1
CASH_OUT,Fraud,392,"100,001-500,000",2
CASH_OUT,Fraud,392,"50,001-100,000",1
CASH_OUT,Fraud,392,"500,001-1,000,000",1
TRANSFER,Fraud,392,"1,000,001+",1
TRANSFER,Fraud,392,"100,001-500,000",2
TRANSFER,Fraud,392,"50,001-100,000",1
TRANSFER,Fraud,392,"500,001-1,000,000",1
CASH_IN,Legitimate,393,"1,001-5,000",53
CASH_IN,Legitimate,393,"10,001-50,000",592
CASH_IN,Legitimate,393,"100,001-500,000",2712
CASH_IN,Legitimate,393,101-500,6
CASH_IN,Legitimate,393,"5,001-10,000",61
CASH_IN,Legitimate,393,"50,001-100,000",757
CASH_IN,Legitimate,393,"500,001-1,000,000",67
CASH_IN,Legitimate,393,"501-1,000",9
CASH_OUT,Fraud,393,"100,001-500,000",2
CASH_OUT,Legitimate,393,0-100,1
CASH_OUT,Legitimate,393,"1,001-5,000",80
CASH_OUT,Legitimate,393,"10,001-50,000",900
CASH_OUT,Legitimate,393,"100,001-500,000",4384
CASH_OUT,Legitimate,393,101-500,8
CASH_OUT,Legitimate,393,"5,001-10,000",97
CASH_OUT,Legitimate,393,"50,001-100,000",1090
CASH_OUT,Legitimate,393,"500,001-1,000,000",143
CASH_OUT,Legitimate,393,"501-1,000",5
DEBIT,Legitimate,393,0-100,2
DEBIT,Legitimate,393,"1,001-5,000",21
DEBIT,Legitimate,393,"10,001-50,000",38
DEBIT,Legitimate,393,"100,001-500,000",18
DEBIT,Legitimate,393,101-500,2
DEBIT,Legitimate,393,"5,001-10,000",10
DEBIT,Legitimate,393,"50,001-100,000",31
DEBIT,Legitimate,393,"501-1,000",8
PAYMENT,Legitimate,393,0-100,18
PAYMENT,Legitimate,393,"1,001-5,000",806
PAYMENT,Legitimate,393,"10,001-50,000",4087
PAYMENT,Legitimate,393,"100,001-500,000",2
PAYMENT,Legitimate,393,101-500,84
PAYMENT,Legitimate,393,"5,001-10,000",972
PAYMENT,Legitimate,393,"50,001-100,000",419
PAYMENT,Legitimate,393,"501-1,000",109
TRANSFER,Fraud,393,"100,001-500,000",2
TRANSFER,Legitimate,393,"1,000,001+",840
TRANSFER,Legitimate,393,"10,001-50,000",41
TRANSFER,Legitimate,393,"100,001-500,000",372
TRANSFER,Legitimate,393,101-500,1
TRANSFER,Legitimate,393,"5,001-10,000",7
TRANSFER,Legitimate,393,"50,001-100,000",64
TRANSFER,Legitimate,393,"500,001-1,000,000",347
TRANSFER,Legitimate,393,"501-1,000",1
CASH_IN,Legitimate,394,0-100,1
CASH_IN,Legitimate,394,"1,001-5,000",78
CASH_IN,Legitimate,394,"10,001-50,000",948
CASH_IN,Legitimate,394,"100,001-500,000",4368
CASH_IN,Legitimate,394,101-500,6
CASH_IN,Legitimate,394,"5,001-10,000",124
CASH_IN,Legitimate,394,"50,001-100,000",1168
CASH_IN,Legitimate,394,"500,001-1,000,000",138
CASH_IN,Legitimate,394,"501-1,000",8
CASH_OUT,Fraud,394,"1,000,001+",2
CASH_OUT,Fraud,394,"10,001-50,000",1
CASH_OUT,Fraud,394,"100,001-500,000",2
CASH_OUT,Legitimate,394,0-100,3
CASH_OUT,Legitimate,394,"1,000,001+",3
CASH_OUT,Legitimate,394,"1,001-5,000",128
CASH_OUT,Legitimate,394,"10,001-50,000",1270
CASH_OUT,Legitimate,394,"100,001-500,000",6815
CASH_OUT,Legitimate,394,101-500,9
CASH_OUT,Legitimate,394,"5,001-10,000",151
CASH_OUT,Legitimate,394,"50,001-100,000",1593
CASH_OUT,Legitimate,394,"500,001-1,000,000",289
CASH_OUT,Legitimate,394,"501-1,000",9
DEBIT,Legitimate,394,0-100,2
DEBIT,Legitimate,394,"1,001-5,000",101
DEBIT,Legitimate,394,"10,001-50,000",15
DEBIT,Legitimate,394,101-500,7
DEBIT,Legitimate,394,"5,001-10,000",55
DEBIT,Legitimate,394,"501-1,000",17
PAYMENT,Legitimate,394,0-100,27
PAYMENT,Legitimate,394,"1,001-5,000",1214
PAYMENT,Legitimate,394,"10,001-50,000",5617
PAYMENT,Legitimate,394,"100,001-500,000",8
PAYMENT,Legitimate,394,101-500,126
PAYMENT,Legitimate,394,"5,001-10,000",1385
PAYMENT,Legitimate,394,"50,001-100,000",574
PAYMENT,Legitimate,394,"501-1,000",176
TRANSFER,Fraud,394,"1,000,001+",2
TRANSFER,Fraud,394,"10,001-50,000",1
TRANSFER,Fraud,394,"100,001-500,000",2
TRANSFER,Legitimate,394,"1,000,001+",1051
TRANSFER,Legitimate,394,"1,001-5,000",9
TRANSFER,Legitimate,394,"10,001-50,000",64
TRANSFER,Legitimate,394,"100,001-500,000",689
TRANSFER,Legitimate,394,"5,001-10,000",9
TRANSFER,Legitimate,394,"50,001-100,000",84
TRANSFER,Legitimate,394,"500,001-1,000,000",609
TRANSFER,Legitimate,394,"501-1,000",1
CASH_IN,Legitimate,395,0-100,3
CASH_IN,Legitimate,395,"1,000,001+",1
CASH_IN,Legitimate,395,"1,001-5,000",80
CASH_IN,Legitimate,395,"10,001-50,000",682
CASH_IN,Legitimate,395,"100,001-500,000",3678
CASH_IN,Legitimate,395,101-500,8
CASH_IN,Legitimate,395,"5,001-10,000",105
CASH_IN,Legitimate,395,"50,001-100,000",931
CASH_IN,Legitimate,395,"500,001-1,000,000",113
CASH_IN,Legitimate,395,"501-1,000",9
CASH_OUT,Fraud,395,"10,001-50,000",1
CASH_OUT,Fraud,395,"100,001-500,000",3
CASH_OUT,Legitimate,395,0-100,3
CASH_OUT,Legitimate,395,"1,000,001+",1
CASH_OUT,Legitimate,395,"1,001-5,000",89
CASH_OUT,Legitimate,395,"10,001-50,000",962
CASH_OUT,Legitimate,395,"100,001-500,000",5197
CASH_OUT,Legitimate,395,101-500,12
CASH_OUT,Legitimate,395,"5,001-10,000",101
CASH_OUT,Legitimate,395,"50,001-100,000",1342
CASH_OUT,Legitimate,395,"500,001-1,000,000",183
CASH_OUT,Legitimate,395,"501-1,000",11
DEBIT,Legitimate,395,0-100,3
DEBIT,Legitimate,395,"1,001-5,000",102
DEBIT,Legitimate,395,"10,001-50,000",2
DEBIT,Legitimate,395,101-500,6
DEBIT,Legitimate,395,"5,001-10,000",45
DEBIT,Legitimate,395,"501-1,000",26
PAYMENT,Legitimate,395,0-100,26
PAYMENT,Legitimate,395,"1,001-5,000",999
PAYMENT,Legitimate,395,"10,001-50,000",4411
PAYMENT,Legitimate,395,"100,001-500,000",2
PAYMENT,Legitimate,395,101-500,93
PAYMENT,Legitimate,395,"5,001-10,000",1239
PAYMENT,Legitimate,395,"50,001-100,000",246
PAYMENT,Legitimate,395,"501-1,000",135
TRANSFER,Fraud,395,"10,001-50,000",1
TRANSFER,Fraud,395,"100,001-500,000",3
TRANSFER,Legitimate,395,"1,000,001+",449
TRANSFER,Legitimate,395,"1,001-5,000",7
TRANSFER,Legitimate,395,"10,001-50,000",79
TRANSFER,Legitimate,395,"100,001-500,000",736
TRANSFER,Legitimate,395,101-500,1
TRANSFER,Legitimate,395,"5,001-10,000",12
TRANSFER,Legitimate,395,"50,001-100,000",121
TRANSFER,Legitimate,395,"500,001-1,000,000",538
CASH_IN,Legitimate,396,0-100,1
CASH_IN,Legitimate,396,"1,000,001+",1
CASH_IN,Legitimate,396,"1,001-5,000",82
CASH_IN,Legitimate,396,"10,001-50,000",973
CASH_IN,Legitimate,396,"100,001-500,000",4946
CASH_IN,Legitimate,396,101-500,8
CASH_IN,Legitimate,396,"5,001-10,000",127
CASH_IN,Legitimate,396,"50,001-100,000",1264
CASH_IN,Legitimate,396,"500,001-1,000,000",182
CASH_IN,Legitimate,396,"501-1,000",9
CASH_OUT,Fraud,396,"1,000,001+",2
CASH_OUT,Fraud,396,"100,001-500,000",1
CASH_OUT,Fraud,396,"50,001-100,000",1
CASH_OUT,Legitimate,396,0-100,3
CASH_OUT,Legitimate,396,"1,000,001+",1
CASH_OUT,Legitimate,396,"1,001-5,000",134
CASH_OUT,Legitimate,396,"10,001-50,000",1618
CASH_OUT,Legitimate,396,"100,001-500,000",8303
CASH_OUT,Legitimate,396,101-500,10
CASH_OUT,Legitimate,396,"5,001-10,000",173
CASH_OUT,Legitimate,396,"50,001-100,000",2129
CASH_OUT,Legitimate,396,"500,001-1,000,000",342
CASH_OUT,Legitimate,396,"501-1,000",16
DEBIT,Legitimate,396,0-100,5
DEBIT,Legitimate,396,"1,001-5,000",129
DEBIT,Legitimate,396,"10,001-50,000",10
DEBIT,Legitimate,396,"100,001-500,000",1
DEBIT,Legitimate,396,101-500,13
DEBIT,Legitimate,396,"5,001-10,000",60
DEBIT,Legitimate,396,"500,001-1,000,000",1
DEBIT,Legitimate,396,"501-1,000",22
PAYMENT,Legitimate,396,0-100,35
PAYMENT,Legitimate,396,"1,001-5,000",1458
PAYMENT,Legitimate,396,"10,001-50,000",6490
PAYMENT,Legitimate,396,"100,001-500,000",6
PAYMENT,Legitimate,396,101-500,148
PAYMENT,Legitimate,396,"5,001-10,000",1736
PAYMENT,Legitimate,396,"50,001-100,000",537
PAYMENT,Legitimate,396,"501-1,000",195
TRANSFER,Fraud,396,"1,000,001+",2
TRANSFER,Fraud,396,"100,001-500,000",1
TRANSFER,Fraud,396,"50,001-100,000",1
TRANSFER,Legitimate,396,"1,000,001+",1000
TRANSFER,Legitimate,396,"1,001-5,000",8
TRANSFER,Legitimate,396,"10,001-50,000",83
TRANSFER,Legitimate,396,"100,001-500,000",915
TRANSFER,Legitimate,396,101-500,3
TRANSFER,Legitimate,396,"5,001-10,000",17
TRANSFER,Legitimate,396,"50,001-100,000",111
TRANSFER,Legitimate,396,"500,001-1,000,000",760
TRANSFER,Legitimate,396,"501-1,000",2
CASH_IN,Legitimate,397,0-100,1
CASH_IN,Legitimate,397,"1,000,001+",1
CASH_IN,Legitimate,397,"1,001-5,000",84
CASH_IN,Legitimate,397,"10,001-50,000",878
CASH_IN,Legitimate,397,"100,001-500,000",4386
CASH_IN,Legitimate,397,101-500,4
CASH_IN,Legitimate,397,"5,001-10,000",123
CASH_IN,Legitimate,397,"50,001-100,000",1105
CASH_IN,Legitimate,397,"500,001-1,000,000",230
CASH_IN,Legitimate,397,"501-1,000",5
CASH_OUT,Fraud,397,"1,000,001+",1
CASH_OUT,Fraud,397,"10,001-50,000",1
CASH_OUT,Fraud,397,"100,001-500,000",2
CASH_OUT,Fraud,397,"50,001-100,000",1
CASH_OUT,Legitimate,397,0-100,2
CASH_OUT,Legitimate,397,"1,000,001+",2
CASH_OUT,Legitimate,397,"1,001-5,000",143
CASH_OUT,Legitimate,397,"10,001-50,000",1438
CASH_OUT,Legitimate,397,"100,001-500,000",7376
CASH_OUT,Legitimate,397,101-500,19
CASH_OUT,Legitimate,397,"5,001-10,000",157
CASH_OUT,Legitimate,397,"50,001-100,000",1864
CASH_OUT,Legitimate,397,"500,001-1,000,000",354
CASH_OUT,Legitimate,397,"501-1,000",20
DEBIT,Legitimate,397,0-100,3
DEBIT,Legitimate,397,"1,001-5,000",101
DEBIT,Legitimate,397,"10,001-50,000",8
DEBIT,Legitimate,397,101-500,10
DEBIT,Legitimate,397,"5,001-10,000",39
DEBIT,Legitimate,397,"501-1,000",13
PAYMENT,Legitimate,397,0-100,33
PAYMENT,Legitimate,397,"1,001-5,000",1308
PAYMENT,Legitimate,397,"10,001-50,000",5587
PAYMENT,Legitimate,397,"100,001-500,000",11
PAYMENT,Legitimate,397,101-500,142
PAYMENT,Legitimate,397,"5,001-10,000",1582
PAYMENT,Legitimate,397,"50,001-100,000",579
PAYMENT,Legitimate,397,"501-1,000",171
TRANSFER,Fraud,397,"1,000,001+",1
TRANSFER,Fraud,397,"10,001-50,000",1
TRANSFER,Fraud,397,"100,001-500,000",2
TRANSFER,Fraud,397,"50,001-100,000",1
TRANSFER,Legitimate,397,"1,000,001+",858
TRANSFER,Legitimate,397,"1,001-5,000",9
TRANSFER,Legitimate,397,"10,001-50,000",90
TRANSFER,Legitimate,397,"100,001-500,000",800
TRANSFER,Legitimate,397,101-500,1
TRANSFER,Legitimate,397,"5,001-10,000",18
TRANSFER,Legitimate,397,"50,001-100,000",106
TRANSFER,Legitimate,397,"500,001-1,000,000",677
CASH_IN,Legitimate,398,0-100,5
CASH_IN,Legitimate,398,"1,001-5,000",90
CASH_IN,Legitimate,398,"10,001-50,000",873
CASH_IN,Legitimate,398,"100,001-500,000",3869
CASH_IN,Legitimate,398,101-500,5
CASH_IN,Legitimate,398,"5,001-10,000",103
CASH_IN,Legitimate,398,"50,001-100,000",1039
CASH_IN,Legitimate,398,"500,001-1,000,000",165
CASH_IN,Legitimate,398,"501-1,000",5
CASH_OUT,Fraud,398,"1,000,001+",7
CASH_OUT,Fraud,398,"10,001-50,000",1
CASH_OUT,Fraud,398,"100,001-500,000",2
CASH_OUT,Fraud,398,"50,001-100,000",2
CASH_OUT,Fraud,398,"500,001-1,000,000",1
CASH_OUT,Legitimate,398,0-100,4
CASH_OUT,Legitimate,398,"1,000,001+",1
CASH_OUT,Legitimate,398,"1,001-5,000",124
CASH_OUT,Legitimate,398,"10,001-50,000",1229
CASH_OUT,Legitimate,398,"100,001-500,000",6412
CASH_OUT,Legitimate,398,101-500,12
CASH_OUT,Legitimate,398,"5,001-10,000",146
CASH_OUT,Legitimate,398,"50,001-100,000",1619
CASH_OUT,Legitimate,398,"500,001-1,000,000",254
CASH_OUT,Legitimate,398,"501-1,000",11
DEBIT,Legitimate,398,0-100,1
DEBIT,Legitimate,398,"1,001-5,000",93
DEBIT,Legitimate,398,101-500,16
DEBIT,Legitimate,398,"5,001-10,000",12
DEBIT,Legitimate,398,"501-1,000",25
PAYMENT,Legitimate,398,0-100,34
PAYMENT,Legitimate,398,"1,001-5,000",1261
PAYMENT,Legitimate,398,"10,001-50,000",4771
PAYMENT,Legitimate,398,"100,001-500,000",3
PAYMENT,Legitimate,398,101-500,110
PAYMENT,Legitimate,398,"5,001-10,000",1513
PAYMENT,Legitimate,398,"50,001-100,000",293
PAYMENT,Legitimate,398,"501-1,000",141
TRANSFER,Fraud,398,"1,000,001+",7
TRANSFER,Fraud,398,"10,001-50,000",1
TRANSFER,Fraud,398,"100,001-500,000",2
TRANSFER,Fraud,398,"50,001-100,000",2
TRANSFER,Fraud,398,"500,001-1,000,000",1
TRANSFER,Legitimate,398,0-100,1
TRANSFER,Legitimate,398,"1,000,001+",692
TRANSFER,Legitimate,398,"1,001-5,000",8
TRANSFER,Legitimate,398,"10,001-50,000",91
TRANSFER,Legitimate,398,"100,001-500,000",811
TRANSFER,Legitimate,398,101-500,3
TRANSFER,Legitimate,398,"5,001-10,000",13
TRANSFER,Legitimate,398,"50,001-100,000",110
TRANSFER,Legitimate,398,"500,001-1,000,000",661
TRANSFER,Legitimate,398,"501-1,000",1
CASH_IN,Legitimate,399,0-100,2
CASH_IN,Legitimate,399,"1,000,001+",2
CASH_IN,Legitimate,399,"1,001-5,000",83
CASH_IN,Legitimate,399,"10,001-50,000",887
CASH_IN,Legitimate,399,"100,001-500,000",4483
CASH_IN,Legitimate,399,101-500,7
CASH_IN,Legitimate,399,"5,001-10,000",115
CASH_IN,Legitimate,399,"50,001-100,000",1143
CASH_IN,Legitimate,399,"500,001-1,000,000",176
CASH_IN,Legitimate,399,"501-1,000",7
CASH_OUT,Fraud,399,"1,000,001+",2
CASH_OUT,Fraud,399,"100,001-500,000",3
CASH_OUT,Fraud,399,"50,001-100,000",1
CASH_OUT,Legitimate,399,0-100,1
CASH_OUT,Legitimate,399,"1,000,001+",1
CASH_OUT,Legitimate,399,"1,001-5,000",143
CASH_OUT,Legitimate,399,"10,001-50,000",1469
CASH_OUT,Legitimate,399,"100,001-500,000",7232
CASH_OUT,Legitimate,399,101-500,17
CASH_OUT,Legitimate,399,"5,001-10,000",173
CASH_OUT,Legitimate,399,"50,001-100,000",1789
CASH_OUT,Legitimate,399,"500,001-1,000,000",275
CASH_OUT,Legitimate,399,"501-1,000",21
DEBIT,Legitimate,399,0-100,2
DEBIT,Legitimate,399,"1,001-5,000",123
DEBIT,Legitimate,399,101-500,18
DEBIT,Legitimate,399,"5,001-10,000",13
DEBIT,Legitimate,399,"501-1,000",12
PAYMENT,Legitimate,399,0-100,33
PAYMENT,Legitimate,399,"1,001-5,000",1314
PAYMENT,Legitimate,399,"10,001-50,000",5508
PAYMENT,Legitimate,399,"100,001-500,000",2
PAYMENT,Legitimate,399,101-500,147
PAYMENT,Legitimate,399,"5,001-10,000",1656
PAYMENT,Legitimate,399,"50,001-100,000",543
PAYMENT,Legitimate,399,"501-1,000",180
TRANSFER,Fraud,399,"1,000,001+",2
TRANSFER,Fraud,399,"100,001-500,000",3
TRANSFER,Fraud,399,"50,001-100,000",1
TRANSFER,Legitimate,399,"1,000,001+",968
TRANSFER,Legitimate,399,"1,001-5,000",11
TRANSFER,Legitimate,399,"10,001-50,000",75
TRANSFER,Legitimate,399,"100,001-500,000",818
TRANSFER,Legitimate,399,101-500,2
TRANSFER,Legitimate,399,"5,001-10,000",11
TRANSFER,Legitimate,399,"50,001-100,000",110
TRANSFER,Legitimate,399,"500,001-1,000,000",636
TRANSFER,Legitimate,399,"501-1,000",3
CASH_IN,Legitimate,400,0-100,3
CASH_IN,Legitimate,400,"1,000,001+",1
CASH_IN,Legitimate,400,"1,001-5,000",77
CASH_IN,Legitimate,400,"10,001-50,000",915
CASH_IN,Legitimate,400,"100,001-500,000",4434
CASH_IN,Legitimate,400,101-500,14
CASH_IN,Legitimate,400,"5,001-10,000",121
CASH_IN,Legitimate,400,"50,001-100,000",1118
CASH_IN,Legitimate,400,"500,001-1,000,000",175
CASH_IN,Legitimate,400,"501-1,000",8
CASH_OUT,Fraud,400,"1,000,001+",3
CASH_OUT,Fraud,400,"100,001-500,000",4
CASH_OUT,Fraud,400,"50,001-100,000",1
CASH_OUT,Legitimate,400,0-100,3
CASH_OUT,Legitimate,400,"1,001-5,000",137
CASH_OUT,Legitimate,400,"10,001-50,000",1510
CASH_OUT,Legitimate,400,"100,001-500,000",7583
CASH_OUT,Legitimate,400,101-500,11
CASH_OUT,Legitimate,400,"5,001-10,000",172
CASH_OUT,Legitimate,400,"50,001-100,000",2034
CASH_OUT,Legitimate,400,"500,001-1,000,000",220
CASH_OUT,Legitimate,400,"501-1,000",14
DEBIT,Legitimate,400,0-100,2
DEBIT,Legitimate,400,"1,001-5,000",135
DEBIT,Legitimate,400,101-500,12
DEBIT,Legitimate,400,"5,001-10,000",19
DEBIT,Legitimate,400,"501-1,000",14
PAYMENT,Legitimate,400,0-100,34
PAYMENT,Legitimate,400,"1,001-5,000",1435
PAYMENT,Legitimate,400,"10,001-50,000",5612
PAYMENT,Legitimate,400,"100,001-500,000",5
PAYMENT,Legitimate,400,101-500,131
PAYMENT,Legitimate,400,"5,001-10,000",1605
PAYMENT,Legitimate,400,"50,001-100,000",480
PAYMENT,Legitimate,400,"501-1,000",167
TRANSFER,Fraud,400,"1,000,001+",3
TRANSFER,Fraud,400,"100,001-500,000",4
TRANSFER,Fraud,400,"50,001-100,000",1
TRANSFER,Legitimate,400,"1,000,001+",737
TRANSFER,Legitimate,400,"1,001-5,000",12
TRANSFER,Legitimate,400,"10,001-50,000",110
TRANSFER,Legitimate,400,"100,001-500,000",949
TRANSFER,Legitimate,400,101-500,1
TRANSFER,Legitimate,400,"5,001-10,000",13
TRANSFER,Legitimate,400,"50,001-100,000",121
TRANSFER,Legitimate,400,"500,001-1,000,000",750
CASH_IN,Legitimate,401,0-100,1
CASH_IN,Legitimate,401,"1,000,001+",1
CASH_IN,Legitimate,401,"1,001-5,000",82
CASH_IN,Legitimate,401,"10,001-50,000",970
CASH_IN,Legitimate,401,"100,001-500,000",4568
CASH_IN,Legitimate,401,101-500,7
CASH_IN,Legitimate,401,"5,001-10,000",118
CASH_IN,Legitimate,401,"50,001-100,000",1223
CASH_IN,Legitimate,401,"500,001-1,000,000",139
CASH_IN,Legitimate,401,"501-1,000",12
CASH_OUT,Fraud,401,"1,000,001+",4
CASH_OUT,Fraud,401,"10,001-50,000",2
CASH_OUT,Fraud,401,"100,001-500,000",1
CASH_OUT,Fraud,401,"50,001-100,000",1
CASH_OUT,Legitimate,401,0-100,4
CASH_OUT,Legitimate,401,"1,001-5,000",153
CASH_OUT,Legitimate,401,"10,001-50,000",1750
CASH_OUT,Legitimate,401,"100,001-500,000",8299
CASH_OUT,Legitimate,401,101-500,18
CASH_OUT,Legitimate,401,"5,001-10,000",230
CASH_OUT,Legitimate,401,"50,001-100,000",2245
CASH_OUT,Legitimate,401,"500,001-1,000,000",214
CASH_OUT,Legitimate,401,"501-1,000",30
DEBIT,Legitimate,401,0-100,4
DEBIT,Legitimate,401,"1,001-5,000",109
DEBIT,Legitimate,401,101-500,21
DEBIT,Legitimate,401,"5,001-10,000",19
DEBIT,Legitimate,401,"50,001-100,000",1
DEBIT,Legitimate,401,"501-1,000",18
PAYMENT,Legitimate,401,0-100,38
PAYMENT,Legitimate,401,"1,001-5,000",1762
PAYMENT,Legitimate,401,"10,001-50,000",5820
PAYMENT,Legitimate,401,"100,001-500,000",13
PAYMENT,Legitimate,401,101-500,168
PAYMENT,Legitimate,401,"5,001-10,000",1884
PAYMENT,Legitimate,401,"50,001-100,000",549
PAYMENT,Legitimate,401,"501-1,000",221
TRANSFER,Fraud,401,"1,000,001+",4
TRANSFER,Fraud,401,"10,001-50,000",2
TRANSFER,Fraud,401,"100,001-500,000",1
TRANSFER,Fraud,401,"50,001-100,000",1
TRANSFER,Legitimate,401,"1,000,001+",689
TRANSFER,Legitimate,401,"1,001-5,000",4
TRANSFER,Legitimate,401,"10,001-50,000",125
TRANSFER,Legitimate,401,"100,001-500,000",1004
TRANSFER,Legitimate,401,101-500,5
TRANSFER,Legitimate,401,"5,001-10,000",13
TRANSFER,Legitimate,401,"50,001-100,000",120
TRANSFER,Legitimate,401,"500,001-1,000,000",800
TRANSFER,Legitimate,401,"501-1,000",1
CASH_IN,Legitimate,402,0-100,3
CASH_IN,Legitimate,402,"1,001-5,000",113
CASH_IN,Legitimate,402,"10,001-50,000",1258
CASH_IN,Legitimate,402,"100,001-500,000",5555
CASH_IN,Legitimate,402,101-500,15
CASH_IN,Legitimate,402,"5,001-10,000",130
CASH_IN,Legitimate,402,"50,001-100,000",1520
CASH_IN,Legitimate,402,"500,001-1,000,000",132
CASH_IN,Legitimate,402,"501-1,000",11
CASH_OUT,Fraud,402,"1,000,001+",3
CASH_OUT,Fraud,402,"10,001-50,000",1
CASH_OUT,Fraud,402,"100,001-500,000",2
CASH_OUT,Legitimate,402,0-100,4
CASH_OUT,Legitimate,402,"1,001-5,000",221
CASH_OUT,Legitimate,402,"10,001-50,000",2295
CASH_OUT,Legitimate,402,"100,001-500,000",9772
CASH_OUT,Legitimate,402,101-500,23
CASH_OUT,Legitimate,402,"5,001-10,000",284
CASH_OUT,Legitimate,402,"50,001-100,000",2978
CASH_OUT,Legitimate,402,"500,001-1,000,000",176
CASH_OUT,Legitimate,402,"501-1,000",33
DEBIT,Legitimate,402,0-100,5
DEBIT,Legitimate,402,"1,001-5,000",130
DEBIT,Legitimate,402,"10,001-50,000",1
DEBIT,Legitimate,402,"100,001-500,000",1
DEBIT,Legitimate,402,101-500,21
DEBIT,Legitimate,402,"5,001-10,000",17
DEBIT,Legitimate,402,"501-1,000",18
PAYMENT,Legitimate,402,0-100,70
PAYMENT,Legitimate,402,"1,001-5,000",2325
PAYMENT,Legitimate,402,"10,001-50,000",6434
PAYMENT,Legitimate,402,"100,001-500,000",8
PAYMENT,Legitimate,402,101-500,229
PAYMENT,Legitimate,402,"5,001-10,000",2621
PAYMENT,Legitimate,402,"50,001-100,000",154
PAYMENT,Legitimate,402,"501-1,000",297
TRANSFER,Fraud,402,"1,000,001+",3
TRANSFER,Fraud,402,"10,001-50,000",1
TRANSFER,Fraud,402,"100,001-500,000",2
TRANSFER,Legitimate,402,"1,000,001+",770
TRANSFER,Legitimate,402,"1,001-5,000",8
TRANSFER,Legitimate,402,"10,001-50,000",141
TRANSFER,Legitimate,402,"100,001-500,000",1299
TRANSFER,Legitimate,402,101-500,4
TRANSFER,Legitimate,402,"5,001-10,000",13
TRANSFER,Legitimate,402,"50,001-100,000",190
TRANSFER,Legitimate,402,"500,001-1,000,000",927
CASH_IN,Legitimate,403,0-100,2
CASH_IN,Legitimate,403,"1,000,001+",3
CASH_IN,Legitimate,403,"1,001-5,000",136
CASH_IN,Legitimate,403,"10,001-50,000",1438
CASH_IN,Legitimate,403,"100,001-500,000",6208
CASH_IN,Legitimate,403,101-500,7
CASH_IN,Legitimate,403,"5,001-10,000",156
CASH_IN,Legitimate,403,"50,001-100,000",1780
CASH_IN,Legitimate,403,"500,001-1,000,000",123
CASH_IN,Legitimate,403,"501-1,000",8
CASH_OUT,Fraud,403,"1,000,001+",2
CASH_OUT,Fraud,403,"100,001-500,000",4
CASH_OUT,Fraud,403,"5,001-10,000",1
CASH_OUT,Fraud,403,"500,001-1,000,000",1
CASH_OUT,Legitimate,403,0-100,15
CASH_OUT,Legitimate,403,"1,001-5,000",249
CASH_OUT,Legitimate,403,"10,001-50,000",2719
CASH_OUT,Legitimate,403,"100,001-500,000",10389
CASH_OUT,Legitimate,403,101-500,22
CASH_OUT,Legitimate,403,"5,001-10,000",337
CASH_OUT,Legitimate,403,"50,001-100,000",3555
CASH_OUT,Legitimate,403,"500,001-1,000,000",139
CASH_OUT,Legitimate,403,"501-1,000",35
DEBIT,Legitimate,403,0-100,2
DEBIT,Legitimate,403,"1,001-5,000",145
DEBIT,Legitimate,403,"100,001-500,000",2
DEBIT,Legitimate,403,101-500,18
DEBIT,Legitimate,403,"5,001-10,000",11
DEBIT,Legitimate,403,"50,001-100,000",1
DEBIT,Legitimate,403,"501-1,000",27
PAYMENT,Legitimate,403,0-100,79
PAYMENT,Legitimate,403,"1,001-5,000",3052
PAYMENT,Legitimate,403,"10,001-50,000",6764
PAYMENT,Legitimate,403,"100,001-500,000",4
PAYMENT,Legitimate,403,101-500,310
PAYMENT,Legitimate,403,"5,001-10,000",3408
PAYMENT,Legitimate,403,"50,001-100,000",102
PAYMENT,Legitimate,403,"501-1,000",388
TRANSFER,Fraud,403,"1,000,001+",2
TRANSFER,Fraud,403,"100,001-500,000",4
TRANSFER,Fraud,403,"5,001-10,000",1
TRANSFER,Fraud,403,"500,001-1,000,000",1
TRANSFER,Legitimate,403,0-100,1
TRANSFER,Legitimate,403,"1,000,001+",667
TRANSFER,Legitimate,403,"1,001-5,000",13
TRANSFER,Legitimate,403,"10,001-50,000",154
TRANSFER,Legitimate,403,"100,001-500,000",1484
TRANSFER,Legitimate,403,101-500,3
TRANSFER,Legitimate,403,"5,001-10,000",14
TRANSFER,Legitimate,403,"50,001-100,000",247
TRANSFER,Legitimate,403,"500,001-1,000,000",921
TRANSFER,Legitimate,403,"501-1,000",1
CASH_IN,Legitimate,404,0-100,3
CASH_IN,Legitimate,404,"1,001-5,000",99
CASH_IN,Legitimate,404,"10,001-50,000",1131
CASH_IN,Legitimate,404,"100,001-500,000",4731
CASH_IN,Legitimate,404,101-500,11
CASH_IN,Legitimate,404,"5,001-10,000",144
CASH_IN,Legitimate,404,"50,001-100,000",1474
CASH_IN,Legitimate,404,"500,001-1,000,000",87
CASH_IN,Legitimate,404,"501-1,000",17
CASH_OUT,Fraud,404,"1,000,001+",2
CASH_OUT,Fraud,404,"10,001-50,000",1
CASH_OUT,Fraud,404,"100,001-500,000",3
CASH_OUT,Fraud,404,"500,001-1,000,000",3
CASH_OUT,Legitimate,404,0-100,9
CASH_OUT,Legitimate,404,"1,001-5,000",233
CASH_OUT,Legitimate,404,"10,001-50,000",2245
CASH_OUT,Legitimate,404,"100,001-500,000",7479
CASH_OUT,Legitimate,404,101-500,13
CASH_OUT,Legitimate,404,"5,001-10,000",232
CASH_OUT,Legitimate,404,"50,001-100,000",3024
CASH_OUT,Legitimate,404,"500,001-1,000,000",117
CASH_OUT,Legitimate,404,"501-1,000",28
DEBIT,Legitimate,404,0-100,2
DEBIT,Legitimate,404,"1,001-5,000",127
DEBIT,Legitimate,404,"10,001-50,000",2
DEBIT,Legitimate,404,"100,001-500,000",1
DEBIT,Legitimate,404,101-500,22
DEBIT,Legitimate,404,"5,001-10,000",19
DEBIT,Legitimate,404,"50,001-100,000",1
DEBIT,Legitimate,404,"501-1,000",20
PAYMENT,Legitimate,404,0-100,57
PAYMENT,Legitimate,404,"1,001-5,000",2991
PAYMENT,Legitimate,404,"10,001-50,000",5619
PAYMENT,Legitimate,404,"100,001-500,000",3
PAYMENT,Legitimate,404,101-500,307
PAYMENT,Legitimate,404,"5,001-10,000",3248
PAYMENT,Legitimate,404,"50,001-100,000",94
PAYMENT,Legitimate,404,"501-1,000",367
TRANSFER,Fraud,404,"1,000,001+",2
TRANSFER,Fraud,404,"10,001-50,000",1
TRANSFER,Fraud,404,"100,001-500,000",3
TRANSFER,Fraud,404,"500,001-1,000,000",3
TRANSFER,Legitimate,404,0-100,1
TRANSFER,Legitimate,404,"1,000,001+",365
TRANSFER,Legitimate,404,"1,001-5,000",17
TRANSFER,Legitimate,404,"10,001-50,000",165
TRANSFER,Legitimate,404,"100,001-500,000",1322
TRANSFER,Legitimate,404,101-500,1
TRANSFER,Legitimate,404,"5,001-10,000",19
TRANSFER,Legitimate,404,"50,001-100,000",222
TRANSFER,Legitimate,404,"500,001-1,000,000",639
CASH_IN,Legitimate,405,0-100,1
CASH_IN,Legitimate,405,"1,001-5,000",61
CASH_IN,Legitimate,405,"10,001-50,000",496
CASH_IN,Legitimate,405,"100,001-500,000",2092
CASH_IN,Legitimate,405,101-500,4
CASH_IN,Legitimate,405,"5,001-10,000",56
CASH_IN,Legitimate,405,"50,001-100,000",709
CASH_IN,Legitimate,405,"500,001-1,000,000",47
CASH_IN,Legitimate,405,"501-1,000",7
CASH_OUT,Fraud,405,"1,000,001+",2
CASH_OUT,Fraud,405,"50,001-100,000",2
CASH_OUT,Fraud,405,"500,001-1,000,000",1
CASH_OUT,Legitimate,405,0-100,2
CASH_OUT,Legitimate,405,"1,001-5,000",64
CASH_OUT,Legitimate,405,"10,001-50,000",825
CASH_OUT,Legitimate,405,"100,001-500,000",2738
CASH_OUT,Legitimate,405,101-500,9
CASH_OUT,Legitimate,405,"5,001-10,000",95
CASH_OUT,Legitimate,405,"50,001-100,000",998
CASH_OUT,Legitimate,405,"500,001-1,000,000",46
CASH_OUT,Legitimate,405,"501-1,000",15
DEBIT,Legitimate,405,0-100,2
DEBIT,Legitimate,405,"1,001-5,000",74
DEBIT,Legitimate,405,"10,001-50,000",1
DEBIT,Legitimate,405,101-500,8
DEBIT,Legitimate,405,"5,001-10,000",12
DEBIT,Legitimate,405,"50,001-100,000",1
DEBIT,Legitimate,405,"501-1,000",15
PAYMENT,Legitimate,405,0-100,37
PAYMENT,Legitimate,405,"1,001-5,000",1568
PAYMENT,Legitimate,405,"10,001-50,000",3186
PAYMENT,Legitimate,405,"100,001-500,000",2
PAYMENT,Legitimate,405,101-500,129
PAYMENT,Legitimate,405,"5,001-10,000",1719
PAYMENT,Legitimate,405,"50,001-100,000",91
PAYMENT,Legitimate,405,"501-1,000",176
TRANSFER,Fraud,405,"1,000,001+",2
TRANSFER,Fraud,405,"50,001-100,000",2
TRANSFER,Fraud,405,"500,001-1,000,000",1
TRANSFER,Legitimate,405,0-100,1
TRANSFER,Legitimate,405,"1,000,001+",261
TRANSFER,Legitimate,405,"1,001-5,000",9
TRANSFER,Legitimate,405,"10,001-50,000",83
TRANSFER,Legitimate,405,"100,001-500,000",617
TRANSFER,Legitimate,405,101-500,1
TRANSFER,Legitimate,405,"5,001-10,000",13
TRANSFER,Legitimate,405,"50,001-100,000",103
TRANSFER,Legitimate,405,"500,001-1,000,000",219
TRANSFER,Legitimate,405,"501-1,000",1
CASH_IN,Legitimate,406,0-100,2
CASH_IN,Legitimate,406,"1,001-5,000",23
CASH_IN,Legitimate,406,"10,001-50,000",356
CASH_IN,Legitimate,406,"100,001-500,000",1428
CASH_IN,Legitimate,406,101-500,1
CASH_IN,Legitimate,406,"5,001-10,000",54
CASH_IN,Legitimate,406,"50,001-100,000",442
CASH_IN,Legitimate,406,"500,001-1,000,000",34
CASH_IN,Legitimate,406,"501-1,000",2
CASH_OUT,Fraud,406,"1,000,001+",4
CASH_OUT,Fraud,406,"10,001-50,000",2
CASH_OUT,Fraud,406,"100,001-500,000",4
CASH_OUT,Fraud,406,"5,001-10,000",1
CASH_OUT,Fraud,406,"500,001-1,000,000",1
CASH_OUT,Legitimate,406,0-100,1
CASH_OUT,Legitimate,406,"1,000,001+",1
CASH_OUT,Legitimate,406,"1,001-5,000",41
CASH_OUT,Legitimate,406,"10,001-50,000",397
CASH_OUT,Legitimate,406,"100,001-500,000",1756
CASH_OUT,Legitimate,406,101-500,4
CASH_OUT,Legitimate,406,"5,001-10,000",54
CASH_OUT,Legitimate,406,"50,001-100,000",523
CASH_OUT,Legitimate,406,"500,001-1,000,000",51
CASH_OUT,Legitimate,406,"501-1,000",6
DEBIT,Legitimate,406,0-100,3
DEBIT,Legitimate,406,"1,001-5,000",82
DEBIT,Legitimate,406,"10,001-50,000",2
DEBIT,Legitimate,406,"100,001-500,000",1
DEBIT,Legitimate,406,101-500,4
DEBIT,Legitimate,406,"5,001-10,000",31
DEBIT,Legitimate,406,"501-1,000",14
PAYMENT,Legitimate,406,0-100,27
PAYMENT,Legitimate,406,"1,001-5,000",1044
PAYMENT,Legitimate,406,"10,001-50,000",3052
PAYMENT,Legitimate,406,"100,001-500,000",3
PAYMENT,Legitimate,406,101-500,92
PAYMENT,Legitimate,406,"5,001-10,000",1212
PAYMENT,Legitimate,406,"50,001-100,000",97
PAYMENT,Legitimate,406,"501-1,000",134
TRANSFER,Fraud,406,"1,000,001+",4
TRANSFER,Fraud,406,"10,001-50,000",2
TRANSFER,Fraud,406,"100,001-500,000",4
TRANSFER,Fraud,406,"5,001-10,000",1
TRANSFER,Fraud,406,"500,001-1,000,000",1
TRANSFER,Legitimate,406,"1,000,001+",230
TRANSFER,Legitimate,406,"1,001-5,000",4
TRANSFER,Legitimate,406,"10,001-50,000",62
TRANSFER,Legitimate,406,"100,001-500,000",472
TRANSFER,Legitimate,406,"5,001-10,000",4
TRANSFER,Legitimate,406,"50,001-100,000",64
TRANSFER,Legitimate,406,"500,001-1,000,000",187
TRANSFER,Legitimate,406,"501-1,000",2
CASH_IN,Legitimate,407,"1,001-5,000",20
CASH_IN,Legitimate,407,"10,001-50,000",200
CASH_IN,Legitimate,407,"100,001-500,000",846
CASH_IN,Legitimate,407,101-500,1
CASH_IN,Legitimate,407,"5,001-10,000",15
CASH_IN,Legitimate,407,"50,001-100,000",264
CASH_IN,Legitimate,407,"500,001-1,000,000",25
CASH_OUT,Fraud,407,"1,000,001+",1
CASH_OUT,Fraud,407,"10,001-50,000",1
CASH_OUT,Fraud,407,"100,001-500,000",1
CASH_OUT,Legitimate,407,"1,001-5,000",25
CASH_OUT,Legitimate,407,"10,001-50,000",249
CASH_OUT,Legitimate,407,"100,001-500,000",885
CASH_OUT,Legitimate,407,101-500,2
CASH_OUT,Legitimate,407,"5,001-10,000",39
CASH_OUT,Legitimate,407,"50,001-100,000",341
CASH_OUT,Legitimate,407,"500,001-1,000,000",32
CASH_OUT,Legitimate,407,"501-1,000",5
DEBIT,Legitimate,407,0-100,2
DEBIT,Legitimate,407,"1,001-5,000",98
DEBIT,Legitimate,407,101-500,10
DEBIT,Legitimate,407,"5,001-10,000",21
DEBIT,Legitimate,407,"501-1,000",14
PAYMENT,Legitimate,407,0-100,22
PAYMENT,Legitimate,407,"1,001-5,000",923
PAYMENT,Legitimate,407,"10,001-50,000",1877
PAYMENT,Legitimate,407,"100,001-500,000",1
PAYMENT,Legitimate,407,101-500,101
PAYMENT,Legitimate,407,"5,001-10,000",1061
PAYMENT,Legitimate,407,"50,001-100,000",92
PAYMENT,Legitimate,407,"501-1,000",123
TRANSFER,Fraud,407,"1,000,001+",1
TRANSFER,Fraud,407,"10,001-50,000",1
TRANSFER,Fraud,407,"100,001-500,000",1
TRANSFER,Legitimate,407,"1,000,001+",121
TRANSFER,Legitimate,407,"1,001-5,000",2
TRANSFER,Legitimate,407,"10,001-50,000",37
TRANSFER,Legitimate,407,"100,001-500,000",278
TRANSFER,Legitimate,407,"5,001-10,000",4
TRANSFER,Legitimate,407,"50,001-100,000",41
TRANSFER,Legitimate,407,"500,001-1,000,000",153
TRANSFER,Legitimate,407,"501-1,000",1
CASH_IN,Legitimate,408,0-100,1
CASH_IN,Legitimate,408,"1,001-5,000",15
CASH_IN,Legitimate,408,"10,001-50,000",198
CASH_IN,Legitimate,408,"100,001-500,000",862
CASH_IN,Legitimate,408,101-500,2
CASH_IN,Legitimate,408,"5,001-10,000",32
CASH_IN,Legitimate,408,"50,001-100,000",289
CASH_IN,Legitimate,408,"500,001-1,000,000",20
CASH_IN,Legitimate,408,"501-1,000",1
CASH_OUT,Fraud,408,"1,000,001+",1
CASH_OUT,Fraud,408,"100,001-500,000",3
CASH_OUT,Fraud,408,"500,001-1,000,000",1
CASH_OUT,Legitimate,408,"1,001-5,000",17
CASH_OUT,Legitimate,408,"10,001-50,000",184
CASH_OUT,Legitimate,408,"100,001-500,000",888
CASH_OUT,Legitimate,408,101-500,3
CASH_OUT,Legitimate,408,"5,001-10,000",21
CASH_OUT,Legitimate,408,"50,001-100,000",224
CASH_OUT,Legitimate,408,"500,001-1,000,000",28
CASH_OUT,Legitimate,408,"501-1,000",2
DEBIT,Legitimate,408,0-100,5
DEBIT,Legitimate,408,"1,001-5,000",140
DEBIT,Legitimate,408,"10,001-50,000",1
DEBIT,Legitimate,408,101-500,9
DEBIT,Legitimate,408,"5,001-10,000",35
DEBIT,Legitimate,408,"501-1,000",23
PAYMENT,Legitimate,408,0-100,44
PAYMENT,Legitimate,408,"1,001-5,000",1525
PAYMENT,Legitimate,408,"10,001-50,000",1280
PAYMENT,Legitimate,408,"100,001-500,000",2
PAYMENT,Legitimate,408,101-500,162
PAYMENT,Legitimate,408,"5,001-10,000",1264
PAYMENT,Legitimate,408,"50,001-100,000",91
PAYMENT,Legitimate,408,"501-1,000",183
TRANSFER,Fraud,408,"1,000,001+",1
TRANSFER,Fraud,408,"100,001-500,000",3
TRANSFER,Fraud,408,"500,001-1,000,000",1
TRANSFER,Legitimate,408,0-100,1
TRANSFER,Legitimate,408,"1,000,001+",134
TRANSFER,Legitimate,408,"1,001-5,000",2
TRANSFER,Legitimate,408,"10,001-50,000",30
TRANSFER,Legitimate,408,"100,001-500,000",284
TRANSFER,Legitimate,408,"5,001-10,000",6
TRANSFER,Legitimate,408,"50,001-100,000",46
TRANSFER,Legitimate,408,"500,001-1,000,000",192
CASH_IN,Legitimate,409,"10,001-50,000",10
CASH_IN,Legitimate,409,"100,001-500,000",73
CASH_IN,Legitimate,409,"5,001-10,000",2
CASH_IN,Legitimate,409,"50,001-100,000",19
CASH_IN,Legitimate,409,"500,001-1,000,000",2
CASH_OUT,Fraud,409,"1,000,001+",7
CASH_OUT,Fraud,409,"100,001-500,000",2
CASH_OUT,Fraud,409,"50,001-100,000",1
CASH_OUT,Legitimate,409,"1,001-5,000",1
CASH_OUT,Legitimate,409,"10,001-50,000",12
CASH_OUT,Legitimate,409,"100,001-500,000",42
CASH_OUT,Legitimate,409,"5,001-10,000",1
CASH_OUT,Legitimate,409,"50,001-100,000",9
DEBIT,Legitimate,409,0-100,1
DEBIT,Legitimate,409,"1,001-5,000",9
DEBIT,Legitimate,409,101-500,4
DEBIT,Legitimate,409,"501-1,000",10
PAYMENT,Legitimate,409,0-100,5
PAYMENT,Legitimate,409,"1,001-5,000",97
PAYMENT,Legitimate,409,"10,001-50,000",53
PAYMENT,Legitimate,409,101-500,17
PAYMENT,Legitimate,409,"5,001-10,000",46
PAYMENT,Legitimate,409,"50,001-100,000",12
PAYMENT,Legitimate,409,"501-1,000",13
TRANSFER,Fraud,409,"1,000,001+",7
TRANSFER,Fraud,409,"100,001-500,000",2
TRANSFER,Fraud,409,"50,001-100,000",1
TRANSFER,Legitimate,409,"1,000,001+",5
TRANSFER,Legitimate,409,"10,001-50,000",2
TRANSFER,Legitimate,409,"100,001-500,000",9
TRANSFER,Legitimate,409,"50,001-100,000",5
TRANSFER,Legitimate,409,"500,001-1,000,000",4
CASH_OUT,Fraud,410,"1,000,001+",4
CASH_OUT,Fraud,410,"100,001-500,000",3
CASH_OUT,Fraud,410,"500,001-1,000,000",3
TRANSFER,Fraud,410,"1,000,001+",4
TRANSFER,Fraud,410,"100,001-500,000",3
TRANSFER,Fraud,410,"500,001-1,000,000",3
CASH_OUT,Fraud,411,"1,000,001+",5
CASH_OUT,Fraud,411,"100,001-500,000",3
TRANSFER,Fraud,411,"1,000,001+",5
TRANSFER,Fraud,411,"100,001-500,000",3
CASH_OUT,Fraud,412,"1,000,001+",1
CASH_OUT,Fraud,412,"100,001-500,000",1
CASH_OUT,Fraud,412,"50,001-100,000",1
CASH_OUT,Fraud,412,"500,001-1,000,000",1
TRANSFER,Fraud,412,"1,000,001+",1
TRANSFER,Fraud,412,"100,001-500,000",1
TRANSFER,Fraud,412,"50,001-100,000",1
TRANSFER,Fraud,412,"500,001-1,000,000",1
CASH_IN,Legitimate,413,"1,001-5,000",1
CASH_IN,Legitimate,413,"10,001-50,000",13
CASH_IN,Legitimate,413,"100,001-500,000",38
CASH_IN,Legitimate,413,"5,001-10,000",3
CASH_IN,Legitimate,413,"50,001-100,000",14
CASH_OUT,Fraud,413,"1,000,001+",1
CASH_OUT,Fraud,413,"100,001-500,000",4
CASH_OUT,Fraud,413,"500,001-1,000,000",1
CASH_OUT,Fraud,413,"501-1,000",1
CASH_OUT,Legitimate,413,"10,001-50,000",5
CASH_OUT,Legitimate,413,"100,001-500,000",31
CASH_OUT,Legitimate,413,"5,001-10,000",3
CASH_OUT,Legitimate,413,"50,001-100,000",13
CASH_OUT,Legitimate,413,"500,001-1,000,000",1
DEBIT,Legitimate,413,"1,001-5,000",1
DEBIT,Legitimate,413,101-500,1
DEBIT,Legitimate,413,"501-1,000",1
PAYMENT,Legitimate,413,0-100,6
PAYMENT,Legitimate,413,"1,001-5,000",63
PAYMENT,Legitimate,413,"10,001-50,000",17
PAYMENT,Legitimate,413,101-500,25
PAYMENT,Legitimate,413,"5,001-10,000",4
PAYMENT,Legitimate,413,"50,001-100,000",1
PAYMENT,Legitimate,413,"501-1,000",20
TRANSFER,Fraud,413,"1,000,001+",1
TRANSFER,Fraud,413,"100,001-500,000",4
TRANSFER,Fraud,413,"500,001-1,000,000",1
TRANSFER,Fraud,413,"501-1,000",1
TRANSFER,Legitimate,413,"1,000,001+",4
TRANSFER,Legitimate,413,"1,001-5,000",1
TRANSFER,Legitimate,413,"10,001-50,000",2
TRANSFER,Legitimate,413,"100,001-500,000",4
TRANSFER,Legitimate,413,"50,001-100,000",2
TRANSFER,Legitimate,413,"500,001-1,000,000",1
CASH_OUT,Fraud,414,"1,000,001+",3
CASH_OUT,Fraud,414,"100,001-500,000",2
CASH_OUT,Fraud,414,"500,001-1,000,000",3
TRANSFER,Fraud,414,"1,000,001+",3
TRANSFER,Fraud,414,"100,001-500,000",2
TRANSFER,Fraud,414,"500,001-1,000,000",3
CASH_OUT,Fraud,415,"1,000,001+",2
CASH_OUT,Fraud,415,"10,001-50,000",3
CASH_OUT,Fraud,415,"100,001-500,000",3
TRANSFER,Fraud,415,"1,000,001+",2
TRANSFER,Fraud,415,"10,001-50,000",3
TRANSFER,Fraud,415,"100,001-500,000",3
CASH_IN,Legitimate,416,"1,001-5,000",6
CASH_IN,Legitimate,416,"10,001-50,000",72
CASH_IN,Legitimate,416,"100,001-500,000",278
CASH_IN,Legitimate,416,101-500,1
CASH_IN,Legitimate,416,"5,001-10,000",5
CASH_IN,Legitimate,416,"50,001-100,000",78
CASH_IN,Legitimate,416,"500,001-1,000,000",3
CASH_OUT,Fraud,416,"1,000,001+",2
CASH_OUT,Fraud,416,"10,001-50,000",1
CASH_OUT,Fraud,416,"50,001-100,000",1
CASH_OUT,Legitimate,416,"1,001-5,000",8
CASH_OUT,Legitimate,416,"10,001-50,000",76
CASH_OUT,Legitimate,416,"100,001-500,000",358
CASH_OUT,Legitimate,416,101-500,1
CASH_OUT,Legitimate,416,"5,001-10,000",8
CASH_OUT,Legitimate,416,"50,001-100,000",98
CASH_OUT,Legitimate,416,"500,001-1,000,000",9
CASH_OUT,Legitimate,416,"501-1,000",1
DEBIT,Legitimate,416,0-100,1
DEBIT,Legitimate,416,"1,001-5,000",17
DEBIT,Legitimate,416,101-500,1
DEBIT,Legitimate,416,"5,001-10,000",2
DEBIT,Legitimate,416,"501-1,000",2
PAYMENT,Legitimate,416,0-100,5
PAYMENT,Legitimate,416,"1,001-5,000",259
PAYMENT,Legitimate,416,"10,001-50,000",338
PAYMENT,Legitimate,416,"100,001-500,000",1
PAYMENT,Legitimate,416,101-500,37
PAYMENT,Legitimate,416,"5,001-10,000",246
PAYMENT,Legitimate,416,"50,001-100,000",27
PAYMENT,Legitimate,416,"501-1,000",33
TRANSFER,Fraud,416,"1,000,001+",2
TRANSFER,Fraud,416,"10,001-50,000",1
TRANSFER,Fraud,416,"50,001-100,000",1
TRANSFER,Legitimate,416,"1,000,001+",34
TRANSFER,Legitimate,416,"10,001-50,000",8
TRANSFER,Legitimate,416,"100,001-500,000",93
TRANSFER,Legitimate,416,101-500,1
TRANSFER,Legitimate,416,"5,001-10,000",2
TRANSFER,Legitimate,416,"50,001-100,000",10
TRANSFER,Legitimate,416,"500,001-1,000,000",55
CASH_OUT,Fraud,417,"1,000,001+",2
CASH_OUT,Fraud,417,"100,001-500,000",1
TRANSFER,Fraud,417,"1,000,001+",2
TRANSFER,Fraud,417,"100,001-500,000",1
CASH_OUT,Fraud,418,"10,001-50,000",1
CASH_OUT,Fraud,418,"100,001-500,000",1
CASH_OUT,Fraud,418,"500,001-1,000,000",1
TRANSFER,Fraud,418,"10,001-50,000",1
TRANSFER,Fraud,418,"100,001-500,000",1
TRANSFER,Fraud,418,"500,001-1,000,000",1
CASH_IN,Legitimate,419,"1,001-5,000",6
CASH_IN,Legitimate,419,"10,001-50,000",60
CASH_IN,Legitimate,419,"100,001-500,000",249
CASH_IN,Legitimate,419,"5,001-10,000",2
CASH_IN,Legitimate,419,"50,001-100,000",59
CASH_IN,Legitimate,419,"500,001-1,000,000",8
CASH_OUT,Fraud,419,"1,000,001+",1
CASH_OUT,Fraud,419,"100,001-500,000",2
CASH_OUT,Fraud,419,"50,001-100,000",1
CASH_OUT,Fraud,419,"500,001-1,000,000",1
CASH_OUT,Legitimate,419,"1,001-5,000",5
CASH_OUT,Legitimate,419,"10,001-50,000",34
CASH_OUT,Legitimate,419,"100,001-500,000",241
CASH_OUT,Legitimate,419,101-500,2
CASH_OUT,Legitimate,419,"5,001-10,000",4
CASH_OUT,Legitimate,419,"50,001-100,000",55
CASH_OUT,Legitimate,419,"500,001-1,000,000",8
CASH_OUT,Legitimate,419,"501-1,000",1
DEBIT,Legitimate,419,"1,001-5,000",15
DEBIT,Legitimate,419,"501-1,000",2
PAYMENT,Legitimate,419,0-100,1
PAYMENT,Legitimate,419,"1,001-5,000",45
PAYMENT,Legitimate,419,"10,001-50,000",196
PAYMENT,Legitimate,419,"100,001-500,000",37
PAYMENT,Legitimate,419,101-500,5
PAYMENT,Legitimate,419,"5,001-10,000",57
PAYMENT,Legitimate,419,"50,001-100,000",92
PAYMENT,Legitimate,419,"501-1,000",3
TRANSFER,Fraud,419,"1,000,001+",1
TRANSFER,Fraud,419,"100,001-500,000",2
TRANSFER,Fraud,419,"50,001-100,000",1
TRANSFER,Fraud,419,"500,001-1,000,000",1
TRANSFER,Legitimate,419,"1,000,001+",9
TRANSFER,Legitimate,419,"10,001-50,000",5
TRANSFER,Legitimate,419,"100,001-500,000",30
TRANSFER,Legitimate,419,"50,001-100,000",8
TRANSFER,Legitimate,419,"500,001-1,000,000",8
CASH_IN,Legitimate,420,0-100,1
CASH_IN,Legitimate,420,"1,001-5,000",7
CASH_IN,Legitimate,420,"10,001-50,000",94
CASH_IN,Legitimate,420,"100,001-500,000",412
CASH_IN,Legitimate,420,"5,001-10,000",10
CASH_IN,Legitimate,420,"50,001-100,000",101
CASH_IN,Legitimate,420,"500,001-1,000,000",18
CASH_IN,Legitimate,420,"501-1,000",1
CASH_OUT,Fraud,420,"1,000,001+",1
CASH_OUT,Fraud,420,"100,001-500,000",4
CASH_OUT,Fraud,420,"500,001-1,000,000",1
CASH_OUT,Legitimate,420,"1,001-5,000",7
CASH_OUT,Legitimate,420,"10,001-50,000",122
CASH_OUT,Legitimate,420,"100,001-500,000",561
CASH_OUT,Legitimate,420,"5,001-10,000",14
CASH_OUT,Legitimate,420,"50,001-100,000",150
CASH_OUT,Legitimate,420,"500,001-1,000,000",25
CASH_OUT,Legitimate,420,"501-1,000",1
DEBIT,Legitimate,420,"1,001-5,000",10
DEBIT,Legitimate,420,101-500,1
PAYMENT,Legitimate,420,0-100,3
PAYMENT,Legitimate,420,"1,001-5,000",185
PAYMENT,Legitimate,420,"10,001-50,000",394
PAYMENT,Legitimate,420,101-500,23
PAYMENT,Legitimate,420,"5,001-10,000",211
PAYMENT,Legitimate,420,"50,001-100,000",9
PAYMENT,Legitimate,420,"501-1,000",22
TRANSFER,Fraud,420,"1,000,001+",1
TRANSFER,Fraud,420,"100,001-500,000",4
TRANSFER,Fraud,420,"500,001-1,000,000",1
TRANSFER,Legitimate,420,"1,000,001+",83
TRANSFER,Legitimate,420,"10,001-50,000",2
TRANSFER,Legitimate,420,"100,001-500,000",81
TRANSFER,Legitimate,420,"5,001-10,000",1
TRANSFER,Legitimate,420,"50,001-100,000",9
TRANSFER,Legitimate,420,"500,001-1,000,000",50
CASH_OUT,Fraud,421,"1,000,001+",4
CASH_OUT,Fraud,421,"10,001-50,000",1
CASH_OUT,Fraud,421,"100,001-500,000",2
TRANSFER,Fraud,421,"1,000,001+",4
TRANSFER,Fraud,421,"10,001-50,000",1
TRANSFER,Fraud,421,"100,001-500,000",2
CASH_IN,Legitimate,422,"1,001-5,000",4
CASH_IN,Legitimate,422,"10,001-50,000",47
CASH_IN,Legitimate,422,"100,001-500,000",260
CASH_IN,Legitimate,422,"5,001-10,000",6
CASH_IN,Legitimate,422,"50,001-100,000",69
CASH_IN,Legitimate,422,"500,001-1,000,000",14
CASH_OUT,Fraud,422,"1,000,001+",2
CASH_OUT,Fraud,422,"10,001-50,000",1
CASH_OUT,Fraud,422,"100,001-500,000",1
CASH_OUT,Fraud,422,"50,001-100,000",1
CASH_OUT,Legitimate,422,"1,001-5,000",1
CASH_OUT,Legitimate,422,"10,001-50,000",39
CASH_OUT,Legitimate,422,"100,001-500,000",232
CASH_OUT,Legitimate,422,101-500,1
CASH_OUT,Legitimate,422,"5,001-10,000",10
CASH_OUT,Legitimate,422,"50,001-100,000",50
CASH_OUT,Legitimate,422,"500,001-1,000,000",12
CASH_OUT,Legitimate,422,"501-1,000",1
DEBIT,Legitimate,422,"1,001-5,000",4
DEBIT,Legitimate,422,101-500,2
DEBIT,Legitimate,422,"5,001-10,000",1
DEBIT,Legitimate,422,"501-1,000",2
PAYMENT,Legitimate,422,0-100,3
PAYMENT,Legitimate,422,"1,001-5,000",59
PAYMENT,Legitimate,422,"10,001-50,000",217
PAYMENT,Legitimate,422,"100,001-500,000",8
PAYMENT,Legitimate,422,101-500,5
PAYMENT,Legitimate,422,"5,001-10,000",62
PAYMENT,Legitimate,422,"50,001-100,000",56
PAYMENT,Legitimate,422,"501-1,000",6
TRANSFER,Fraud,422,"1,000,001+",2
TRANSFER,Fraud,422,"10,001-50,000",1
TRANSFER,Fraud,422,"100,001-500,000",1
TRANSFER,Fraud,422,"50,001-100,000",1
TRANSFER,Legitimate,422,"1,000,001+",28
TRANSFER,Legitimate,422,"10,001-50,000",5
TRANSFER,Legitimate,422,"100,001-500,000",19
TRANSFER,Legitimate,422,"5,001-10,000",1
TRANSFER,Legitimate,422,"50,001-100,000",4
TRANSFER,Legitimate,422,"500,001-1,000,000",21
CASH_IN,Legitimate,423,"1,001-5,000",1
CASH_IN,Legitimate,423,"10,001-50,000",26
CASH_IN,Legitimate,423,"100,001-500,000",144
CASH_IN,Legitimate,423,"5,001-10,000",5
CASH_IN,Legitimate,423,"50,001-100,000",41
CASH_IN,Legitimate,423,"500,001-1,000,000",6
CASH_OUT,Fraud,423,"1,000,001+",1
CASH_OUT,Fraud,423,"100,001-500,000",2
CASH_OUT,Legitimate,423,"10,001-50,000",25
CASH_OUT,Legitimate,423,"100,001-500,000",142
CASH_OUT,Legitimate,423,"50,001-100,000",33
CASH_OUT,Legitimate,423,"500,001-1,000,000",13
DEBIT,Legitimate,423,"1,001-5,000",6
DEBIT,Legitimate,423,"5,001-10,000",1
PAYMENT,Legitimate,423,0-100,3
PAYMENT,Legitimate,423,"1,001-5,000",61
PAYMENT,Legitimate,423,"10,001-50,000",125
PAYMENT,Legitimate,423,101-500,4
PAYMENT,Legitimate,423,"5,001-10,000",68
PAYMENT,Legitimate,423,"501-1,000",10
TRANSFER,Fraud,423,"1,000,001+",1
TRANSFER,Fraud,423,"100,001-500,000",2
TRANSFER,Legitimate,423,"1,000,001+",2
TRANSFER,Legitimate,423,"10,001-50,000",4
TRANSFER,Legitimate,423,"100,001-500,000",29
TRANSFER,Legitimate,423,"50,001-100,000",3
TRANSFER,Legitimate,423,"500,001-1,000,000",8
CASH_OUT,Fraud,424,"1,000,001+",4
CASH_OUT,Fraud,424,"100,001-500,000",2
CASH_OUT,Fraud,424,"500,001-1,000,000",1
TRANSFER,Fraud,424,"1,000,001+",4
TRANSFER,Fraud,424,"100,001-500,000",2
TRANSFER,Fraud,424,"500,001-1,000,000",1
CASH_OUT,Fraud,425,0-100,2
CASH_OUT,Fraud,425,"1,000,001+",5
CASH_OUT,Fraud,425,"10,001-50,000",2
CASH_OUT,Fraud,425,"100,001-500,000",5
TRANSFER,Fraud,425,"1,000,001+",7
TRANSFER,Fraud,425,"10,001-50,000",2
TRANSFER,Fraud,425,"100,001-500,000",5
CASH_IN,Legitimate,426,"1,001-5,000",16
CASH_IN,Legitimate,426,"10,001-50,000",149
CASH_IN,Legitimate,426,"100,001-500,000",697
CASH_IN,Legitimate,426,101-500,2
CASH_IN,Legitimate,426,"5,001-10,000",17
CASH_IN,Legitimate,426,"50,001-100,000",243
CASH_IN,Legitimate,426,"500,001-1,000,000",9
CASH_IN,Legitimate,426,"501-1,000",3
CASH_OUT,Fraud,426,"50,001-100,000",1
CASH_OUT,Legitimate,426,"1,001-5,000",24
CASH_OUT,Legitimate,426,"10,001-50,000",262
CASH_OUT,Legitimate,426,"100,001-500,000",1119
CASH_OUT,Legitimate,426,101-500,3
CASH_OUT,Legitimate,426,"5,001-10,000",31
CASH_OUT,Legitimate,426,"50,001-100,000",310
CASH_OUT,Legitimate,426,"500,001-1,000,000",18
CASH_OUT,Legitimate,426,"501-1,000",2
DEBIT,Legitimate,426,0-100,1
DEBIT,Legitimate,426,"1,001-5,000",28
DEBIT,Legitimate,426,101-500,4
DEBIT,Legitimate,426,"501-1,000",7
PAYMENT,Legitimate,426,0-100,7
PAYMENT,Legitimate,426,"1,001-5,000",340
PAYMENT,Legitimate,426,"10,001-50,000",800
PAYMENT,Legitimate,426,101-500,28
PAYMENT,Legitimate,426,"5,001-10,000",383
PAYMENT,Legitimate,426,"50,001-100,000",18
PAYMENT,Legitimate,426,"501-1,000",40
TRANSFER,Fraud,426,"50,001-100,000",1
TRANSFER,Legitimate,426,"1,000,001+",92
TRANSFER,Legitimate,426,"1,001-5,000",4
TRANSFER,Legitimate,426,"10,001-50,000",37
TRANSFER,Legitimate,426,"100,001-500,000",252
TRANSFER,Legitimate,426,"5,001-10,000",4
TRANSFER,Legitimate,426,"50,001-100,000",39
TRANSFER,Legitimate,426,"500,001-1,000,000",147
TRANSFER,Legitimate,426,"501-1,000",1
CASH_OUT,Fraud,427,"1,000,001+",3
CASH_OUT,Fraud,427,"100,001-500,000",3
CASH_OUT,Fraud,427,"50,001-100,000",1
TRANSFER,Fraud,427,"1,000,001+",3
TRANSFER,Fraud,427,"100,001-500,000",3
TRANSFER,Fraud,427,"50,001-100,000",1
CASH_IN,Legitimate,428,"1,001-5,000",12
CASH_IN,Legitimate,428,"10,001-50,000",123
CASH_IN,Legitimate,428,"100,001-500,000",445
CASH_IN,Legitimate,428,101-500,1
CASH_IN,Legitimate,428,"5,001-10,000",18
CASH_IN,Legitimate,428,"50,001-100,000",167
CASH_IN,Legitimate,428,"500,001-1,000,000",8
CASH_IN,Legitimate,428,"501-1,000",1
CASH_OUT,Fraud,428,"1,000,001+",1
CASH_OUT,Fraud,428,"1,001-5,000",1
CASH_OUT,Fraud,428,"100,001-500,000",1
CASH_OUT,Legitimate,428,"1,000,001+",1
CASH_OUT,Legitimate,428,"1,001-5,000",13
CASH_OUT,Legitimate,428,"10,001-50,000",172
CASH_OUT,Legitimate,428,"100,001-500,000",486
CASH_OUT,Legitimate,428,101-500,2
CASH_OUT,Legitimate,428,"5,001-10,000",17
CASH_OUT,Legitimate,428,"50,001-100,000",210
CASH_OUT,Legitimate,428,"500,001-1,000,000",6
CASH_OUT,Legitimate,428,"501-1,000",4
DEBIT,Legitimate,428,"1,001-5,000",10
DEBIT,Legitimate,428,101-500,2
DEBIT,Legitimate,428,"5,001-10,000",1
DEBIT,Legitimate,428,"501-1,000",1
PAYMENT,Legitimate,428,0-100,6
PAYMENT,Legitimate,428,"1,001-5,000",329
PAYMENT,Legitimate,428,"10,001-50,000",259
PAYMENT,Legitimate,428,101-500,38
PAYMENT,Legitimate,428,"5,001-10,000",215
PAYMENT,Legitimate,428,"50,001-100,000",11
PAYMENT,Legitimate,428,"501-1,000",41
TRANSFER,Fraud,428,"1,000,001+",1
TRANSFER,Fraud,428,"1,001-5,000",1
TRANSFER,Fraud,428,"100,001-500,000",1
TRANSFER,Legitimate,428,"1,000,001+",26
TRANSFER,Legitimate,428,"1,001-5,000",3
TRANSFER,Legitimate,428,"10,001-50,000",9
TRANSFER,Legitimate,428,"100,001-500,000",92
TRANSFER,Legitimate,428,"50,001-100,000",11
TRANSFER,Legitimate,428,"500,001-1,000,000",45
TRANSFER,Legitimate,428,"501-1,000",1
CASH_IN,Legitimate,429,0-100,1
CASH_IN,Legitimate,429,"1,001-5,000",9
CASH_IN,Legitimate,429,"10,001-50,000",112
CASH_IN,Legitimate,429,"100,001-500,000",350
CASH_IN,Legitimate,429,"5,001-10,000",13
CASH_IN,Legitimate,429,"50,001-100,000",123
CASH_IN,Legitimate,429,"500,001-1,000,000",6
CASH_IN,Legitimate,429,"501-1,000",2
CASH_OUT,Fraud,429,"100,001-500,000",1
CASH_OUT,Fraud,429,"500,001-1,000,000",1
CASH_OUT,Legitimate,429,"1,001-5,000",10
CASH_OUT,Legitimate,429,"10,001-50,000",107
CASH_OUT,Legitimate,429,"100,001-500,000",351
CASH_OUT,Legitimate,429,101-500,1
CASH_OUT,Legitimate,429,"5,001-10,000",9
CASH_OUT,Legitimate,429,"50,001-100,000",148
CASH_OUT,Legitimate,429,"500,001-1,000,000",7
CASH_OUT,Legitimate,429,"501-1,000",1
DEBIT,Legitimate,429,"1,001-5,000",4
DEBIT,Legitimate,429,"5,001-10,000",5
PAYMENT,Legitimate,429,0-100,11
PAYMENT,Legitimate,429,"1,001-5,000",334
PAYMENT,Legitimate,429,"10,001-50,000",220
PAYMENT,Legitimate,429,101-500,52
PAYMENT,Legitimate,429,"5,001-10,000",232
PAYMENT,Legitimate,429,"50,001-100,000",6
PAYMENT,Legitimate,429,"501-1,000",48
TRANSFER,Fraud,429,"100,001-500,000",1
TRANSFER,Fraud,429,"500,001-1,000,000",1
TRANSFER,Legitimate,429,"1,000,001+",39
TRANSFER,Legitimate,429,"1,001-5,000",4
TRANSFER,Legitimate,429,"10,001-50,000",12
TRANSFER,Legitimate,429,"100,001-500,000",94
TRANSFER,Legitimate,429,"5,001-10,000",3
TRANSFER,Legitimate,429,"50,001-100,000",14
TRANSFER,Legitimate,429,"500,001-1,000,000",25
CASH_OUT,Fraud,430,"1,000,001+",2
CASH_OUT,Fraud,430,"100,001-500,000",2
TRANSFER,Fraud,430,"1,000,001+",2
TRANSFER,Fraud,430,"100,001-500,000",2
CASH_IN,Legitimate,431,"1,001-5,000",3
CASH_IN,Legitimate,431,"10,001-50,000",49
CASH_IN,Legitimate,431,"100,001-500,000",158
CASH_IN,Legitimate,431,"5,001-10,000",3
CASH_IN,Legitimate,431,"50,001-100,000",53
CASH_IN,Legitimate,431,"500,001-1,000,000",3
CASH_OUT,Fraud,431,"1,000,001+",1
CASH_OUT,Fraud,431,"500,001-1,000,000",2
CASH_OUT,Legitimate,431,"1,001-5,000",2
CASH_OUT,Legitimate,431,"10,001-50,000",52
CASH_OUT,Legitimate,431,"100,001-500,000",160
CASH_OUT,Legitimate,431,"5,001-10,000",6
CASH_OUT,Legitimate,431,"50,001-100,000",63
CASH_OUT,Legitimate,431,"500,001-1,000,000",3
CASH_OUT,Legitimate,431,"501-1,000",1
DEBIT,Legitimate,431,"1,001-5,000",20
DEBIT,Legitimate,431,101-500,4
DEBIT,Legitimate,431,"501-1,000",5
PAYMENT,Legitimate,431,0-100,8
PAYMENT,Legitimate,431,"1,001-5,000",302
PAYMENT,Legitimate,431,"10,001-50,000",299
PAYMENT,Legitimate,431,101-500,26
PAYMENT,Legitimate,431,"5,001-10,000",298
PAYMENT,Legitimate,431,"50,001-100,000",3
PAYMENT,Legitimate,431,"501-1,000",31
TRANSFER,Fraud,431,"1,000,001+",1
TRANSFER,Fraud,431,"500,001-1,000,000",2
TRANSFER,Legitimate,431,"1,000,001+",21
TRANSFER,Legitimate,431,"10,001-50,000",13
TRANSFER,Legitimate,431,"100,001-500,000",57
TRANSFER,Legitimate,431,"5,001-10,000",3
TRANSFER,Legitimate,431,"50,001-100,000",7
TRANSFER,Legitimate,431,"500,001-1,000,000",26
CASH_OUT,Fraud,432,"1,000,001+",1
CASH_OUT,Fraud,432,"500,001-1,000,000",1
TRANSFER,Fraud,432,"1,000,001+",1
TRANSFER,Fraud,432,"500,001-1,000,000",1
CASH_OUT,Fraud,433,"1,000,001+",1
CASH_OUT,Fraud,433,"5,001-10,000",1
CASH_OUT,Fraud,433,"500,001-1,000,000",1
TRANSFER,Fraud,433,"1,000,001+",1
TRANSFER,Fraud,433,"5,001-10,000",1
TRANSFER,Fraud,433,"500,001-1,000,000",1
CASH_OUT,Fraud,434,"1,000,001+",3
CASH_OUT,Fraud,434,"10,001-50,000",1
TRANSFER,Fraud,434,"1,000,001+",3
TRANSFER,Fraud,434,"10,001-50,000",1
CASH_OUT,Fraud,435,"1,000,001+",1
CASH_OUT,Fraud,435,"100,001-500,000",1
TRANSFER,Fraud,435,"1,000,001+",1
TRANSFER,Fraud,435,"100,001-500,000",1
CASH_IN,Legitimate,436,"1,001-5,000",1
CASH_IN,Legitimate,436,"10,001-50,000",11
CASH_IN,Legitimate,436,"100,001-500,000",60
CASH_IN,Legitimate,436,101-500,1
CASH_IN,Legitimate,436,"5,001-10,000",1
CASH_IN,Legitimate,436,"50,001-100,000",17
CASH_IN,Legitimate,436,"500,001-1,000,000",3
CASH_OUT,Fraud,436,"1,000,001+",3
CASH_OUT,Fraud,436,"50,001-100,000",1
CASH_OUT,Fraud,436,"500,001-1,000,000",4
CASH_OUT,Legitimate,436,"1,001-5,000",1
CASH_OUT,Legitimate,436,"10,001-50,000",3
CASH_OUT,Legitimate,436,"100,001-500,000",9
CASH_OUT,Legitimate,436,"50,001-100,000",6
CASH_OUT,Legitimate,436,"500,001-1,000,000",1
DEBIT,Legitimate,436,"1,001-5,000",3
DEBIT,Legitimate,436,101-500,1
DEBIT,Legitimate,436,"5,001-10,000",1
PAYMENT,Legitimate,436,0-100,4
PAYMENT,Legitimate,436,"1,001-5,000",46
PAYMENT,Legitimate,436,"10,001-50,000",10
PAYMENT,Legitimate,436,101-500,18
PAYMENT,Legitimate,436,"5,001-10,000",3
PAYMENT,Legitimate,436,"501-1,000",13
TRANSFER,Fraud,436,"1,000,001+",3
TRANSFER,Fraud,436,"50,001-100,000",1
TRANSFER,Fraud,436,"500,001-1,000,000",4
TRANSFER,Legitimate,436,"1,000,001+",3
TRANSFER,Legitimate,436,"10,001-50,000",3
TRANSFER,Legitimate,436,"100,001-500,000",7
TRANSFER,Legitimate,436,"50,001-100,000",2
TRANSFER,Legitimate,436,"500,001-1,000,000",4
CASH_OUT,Fraud,437,"1,000,001+",2
CASH_OUT,Fraud,437,"1,001-5,000",1
CASH_OUT,Fraud,437,"10,001-50,000",1
CASH_OUT,Fraud,437,"100,001-500,000",4
TRANSFER,Fraud,437,"1,000,001+",2
TRANSFER,Fraud,437,"1,001-5,000",1
TRANSFER,Fraud,437,"10,001-50,000",1
TRANSFER,Fraud,437,"100,001-500,000",4
CASH_OUT,Fraud,438,"1,000,001+",2
CASH_OUT,Fraud,438,"10,001-50,000",1
CASH_OUT,Fraud,438,"100,001-500,000",2
CASH_OUT,Fraud,438,"50,001-100,000",1
TRANSFER,Fraud,438,"1,000,001+",2
TRANSFER,Fraud,438,"10,001-50,000",1
TRANSFER,Fraud,438,"100,001-500,000",2
TRANSFER,Fraud,438,"50,001-100,000",1
CASH_IN,Legitimate,439,"1,001-5,000",3
CASH_IN,Legitimate,439,"10,001-50,000",28
CASH_IN,Legitimate,439,"100,001-500,000",125
CASH_IN,Legitimate,439,101-500,1
CASH_IN,Legitimate,439,"5,001-10,000",4
CASH_IN,Legitimate,439,"50,001-100,000",37
CASH_IN,Legitimate,439,"500,001-1,000,000",6
CASH_OUT,Fraud,439,"1,000,001+",2
CASH_OUT,Fraud,439,"100,001-500,000",4
CASH_OUT,Legitimate,439,"10,001-50,000",14
CASH_OUT,Legitimate,439,"100,001-500,000",45
CASH_OUT,Legitimate,439,"5,001-10,000",1
CASH_OUT,Legitimate,439,"50,001-100,000",12
CASH_OUT,Legitimate,439,"500,001-1,000,000",2
DEBIT,Legitimate,439,"1,001-5,000",10
DEBIT,Legitimate,439,101-500,1
PAYMENT,Legitimate,439,0-100,4
PAYMENT,Legitimate,439,"1,001-5,000",219
PAYMENT,Legitimate,439,"10,001-50,000",118
PAYMENT,Legitimate,439,101-500,35
PAYMENT,Legitimate,439,"5,001-10,000",122
PAYMENT,Legitimate,439,"50,001-100,000",4
PAYMENT,Legitimate,439,"501-1,000",45
TRANSFER,Fraud,439,"1,000,001+",2
TRANSFER,Fraud,439,"100,001-500,000",4
TRANSFER,Legitimate,439,"1,000,001+",5
TRANSFER,Legitimate,439,"10,001-50,000",4
TRANSFER,Legitimate,439,"100,001-500,000",15
TRANSFER,Legitimate,439,"50,001-100,000",4
TRANSFER,Legitimate,439,"500,001-1,000,000",7
CASH_OUT,Fraud,440,"1,000,001+",8
CASH_OUT,Fraud,440,"500,001-1,000,000",1
TRANSFER,Fraud,440,"1,000,001+",8
TRANSFER,Fraud,440,"500,001-1,000,000",1
CASH_OUT,Fraud,441,"1,000,001+",3
CASH_OUT,Fraud,441,"100,001-500,000",1
CASH_OUT,Fraud,441,"500,001-1,000,000",1
TRANSFER,Fraud,441,"1,000,001+",3
TRANSFER,Fraud,441,"100,001-500,000",1
TRANSFER,Fraud,441,"500,001-1,000,000",1
CASH_IN,Legitimate,442,"1,001-5,000",6
CASH_IN,Legitimate,442,"10,001-50,000",49
CASH_IN,Legitimate,442,"100,001-500,000",209
CASH_IN,Legitimate,442,101-500,1
CASH_IN,Legitimate,442,"5,001-10,000",11
CASH_IN,Legitimate,442,"50,001-100,000",66
CASH_IN,Legitimate,442,"500,001-1,000,000",6
CASH_IN,Legitimate,442,"501-1,000",2
CASH_OUT,Fraud,442,"1,000,001+",2
CASH_OUT,Fraud,442,"1,001-5,000",1
CASH_OUT,Fraud,442,"10,001-50,000",1
CASH_OUT,Fraud,442,"100,001-500,000",1
CASH_OUT,Fraud,442,"5,001-10,000",1
CASH_OUT,Legitimate,442,"1,001-5,000",4
CASH_OUT,Legitimate,442,"10,001-50,000",45
CASH_OUT,Legitimate,442,"100,001-500,000",171
CASH_OUT,Legitimate,442,"5,001-10,000",4
CASH_OUT,Legitimate,442,"50,001-100,000",65
CASH_OUT,Legitimate,442,"500,001-1,000,000",4
DEBIT,Legitimate,442,"1,001-5,000",3
DEBIT,Legitimate,442,"10,001-50,000",1
DEBIT,Legitimate,442,"5,001-10,000",2
PAYMENT,Legitimate,442,0-100,3
PAYMENT,Legitimate,442,"1,001-5,000",167
PAYMENT,Legitimate,442,"10,001-50,000",135
PAYMENT,Legitimate,442,"100,001-500,000",1
PAYMENT,Legitimate,442,101-500,17
PAYMENT,Legitimate,442,"5,001-10,000",135
PAYMENT,Legitimate,442,"50,001-100,000",3
PAYMENT,Legitimate,442,"501-1,000",17
TRANSFER,Fraud,442,"1,000,001+",2
TRANSFER,Fraud,442,"1,001-5,000",1
TRANSFER,Fraud,442,"10,001-50,000",1
TRANSFER,Fraud,442,"100,001-500,000",1
TRANSFER,Fraud,442,"5,001-10,000",1
TRANSFER,Legitimate,442,"1,000,001+",11
TRANSFER,Legitimate,442,"10,001-50,000",6
TRANSFER,Legitimate,442,"100,001-500,000",43
TRANSFER,Legitimate,442,"5,001-10,000",1
TRANSFER,Legitimate,442,"50,001-100,000",12
TRANSFER,Legitimate,442,"500,001-1,000,000",10
CASH_OUT,Fraud,443,"1,000,001+",3
CASH_OUT,Fraud,443,"10,001-50,000",1
CASH_OUT,Fraud,443,"100,001-500,000",1
TRANSFER,Fraud,443,"1,000,001+",3
TRANSFER,Fraud,443,"10,001-50,000",1
TRANSFER,Fraud,443,"100,001-500,000",1
CASH_OUT,Fraud,444,"1,000,001+",5
CASH_OUT,Fraud,444,"100,001-500,000",4
CASH_OUT,Fraud,444,"500,001-1,000,000",1
TRANSFER,Fraud,444,"1,000,001+",5
TRANSFER,Fraud,444,"100,001-500,000",4
TRANSFER,Fraud,444,"500,001-1,000,000",1
CASH_IN,Legitimate,445,"100,001-500,000",2
CASH_OUT,Fraud,445,"1,000,001+",1
CASH_OUT,Fraud,445,"100,001-500,000",1
CASH_OUT,Fraud,445,"50,001-100,000",1
CASH_OUT,Legitimate,445,"10,001-50,000",3
CASH_OUT,Legitimate,445,"100,001-500,000",13
CASH_OUT,Legitimate,445,"5,001-10,000",1
CASH_OUT,Legitimate,445,"50,001-100,000",6
PAYMENT,Legitimate,445,"1,001-5,000",3
PAYMENT,Legitimate,445,"10,001-50,000",3
PAYMENT,Legitimate,445,"5,001-10,000",3
TRANSFER,Fraud,445,"1,000,001+",1
TRANSFER,Fraud,445,"100,001-500,000",1
TRANSFER,Fraud,445,"50,001-100,000",1
TRANSFER,Legitimate,445,"1,000,001+",2
TRANSFER,Legitimate,445,"10,001-50,000",1
TRANSFER,Legitimate,445,"100,001-500,000",10
TRANSFER,Legitimate,445,"50,001-100,000",2
TRANSFER,Legitimate,445,"500,001-1,000,000",9
CASH_OUT,Fraud,446,"1,000,001+",2
CASH_OUT,Fraud,446,"100,001-500,000",4
TRANSFER,Fraud,446,"1,000,001+",2
TRANSFER,Fraud,446,"100,001-500,000",4
CASH_OUT,Fraud,447,"1,000,001+",2
CASH_OUT,Fraud,447,"100,001-500,000",2
CASH_OUT,Fraud,447,"500,001-1,000,000",1
TRANSFER,Fraud,447,"1,000,001+",2
TRANSFER,Fraud,447,"100,001-500,000",2
TRANSFER,Fraud,447,"500,001-1,000,000",1
CASH_IN,Legitimate,448,"1,001-5,000",4
CASH_IN,Legitimate,448,"10,001-50,000",105
CASH_IN,Legitimate,448,"100,001-500,000",338
CASH_IN,Legitimate,448,"5,001-10,000",12
CASH_IN,Legitimate,448,"50,001-100,000",155
CASH_IN,Legitimate,448,"500,001-1,000,000",8
CASH_IN,Legitimate,448,"501-1,000",2
CASH_OUT,Fraud,448,"10,001-50,000",1
CASH_OUT,Fraud,448,"100,001-500,000",2
CASH_OUT,Legitimate,448,0-100,2
CASH_OUT,Legitimate,448,"1,001-5,000",11
CASH_OUT,Legitimate,448,"10,001-50,000",136
CASH_OUT,Legitimate,448,"100,001-500,000",497
CASH_OUT,Legitimate,448,101-500,1
CASH_OUT,Legitimate,448,"5,001-10,000",16
CASH_OUT,Legitimate,448,"50,001-100,000",157
CASH_OUT,Legitimate,448,"500,001-1,000,000",7
CASH_OUT,Legitimate,448,"501-1,000",2
DEBIT,Legitimate,448,0-100,1
DEBIT,Legitimate,448,"1,001-5,000",13
DEBIT,Legitimate,448,"5,001-10,000",1
DEBIT,Legitimate,448,"501-1,000",2
PAYMENT,Legitimate,448,0-100,2
PAYMENT,Legitimate,448,"1,001-5,000",154
PAYMENT,Legitimate,448,"10,001-50,000",462
PAYMENT,Legitimate,448,101-500,19
PAYMENT,Legitimate,448,"5,001-10,000",173
PAYMENT,Legitimate,448,"50,001-100,000",14
PAYMENT,Legitimate,448,"501-1,000",25
TRANSFER,Fraud,448,"10,001-50,000",1
TRANSFER,Fraud,448,"100,001-500,000",2
TRANSFER,Legitimate,448,"1,000,001+",43
TRANSFER,Legitimate,448,"1,001-5,000",2
TRANSFER,Legitimate,448,"10,001-50,000",12
TRANSFER,Legitimate,448,"100,001-500,000",91
TRANSFER,Legitimate,448,"5,001-10,000",2
TRANSFER,Legitimate,448,"50,001-100,000",15
TRANSFER,Legitimate,448,"500,001-1,000,000",58
CASH_IN,Legitimate,449,"1,001-5,000",3
CASH_IN,Legitimate,449,"10,001-50,000",36
CASH_IN,Legitimate,449,"100,001-500,000",179
CASH_IN,Legitimate,449,101-500,1
CASH_IN,Legitimate,449,"5,001-10,000",2
CASH_IN,Legitimate,449,"50,001-100,000",59
CASH_IN,Legitimate,449,"500,001-1,000,000",2
CASH_IN,Legitimate,449,"501-1,000",1
CASH_OUT,Fraud,449,"1,000,001+",1
CASH_OUT,Fraud,449,"100,001-500,000",2
CASH_OUT,Legitimate,449,"1,001-5,000",3
CASH_OUT,Legitimate,449,"10,001-50,000",57
CASH_OUT,Legitimate,449,"100,001-500,000",223
CASH_OUT,Legitimate,449,"5,001-10,000",5
CASH_OUT,Legitimate,449,"50,001-100,000",52
CASH_OUT,Legitimate,449,"500,001-1,000,000",4
CASH_OUT,Legitimate,449,"501-1,000",2
DEBIT,Legitimate,449,"1,001-5,000",3
PAYMENT,Legitimate,449,0-100,5
PAYMENT,Legitimate,449,"1,001-5,000",91
PAYMENT,Legitimate,449,"10,001-50,000",219
PAYMENT,Legitimate,449,101-500,10
PAYMENT,Legitimate,449,"5,001-10,000",109
PAYMENT,Legitimate,449,"50,001-100,000",6
PAYMENT,Legitimate,449,"501-1,000",20
TRANSFER,Fraud,449,"1,000,001+",1
TRANSFER,Fraud,449,"100,001-500,000",2
TRANSFER,Legitimate,449,"1,000,001+",12
TRANSFER,Legitimate,449,"10,001-50,000",6
TRANSFER,Legitimate,449,"100,001-500,000",43
TRANSFER,Legitimate,449,"5,001-10,000",1
TRANSFER,Legitimate,449,"50,001-100,000",11
TRANSFER,Legitimate,449,"500,001-1,000,000",23
CASH_OUT,Fraud,450,"1,000,001+",3
CASH_OUT,Fraud,450,"10,001-50,000",2
CASH_OUT,Fraud,450,"100,001-500,000",3
TRANSFER,Fraud,450,"1,000,001+",3
TRANSFER,Fraud,450,"10,001-50,000",2
TRANSFER,Fraud,450,"100,001-500,000",3
CASH_IN,Legitimate,451,0-100,1
CASH_IN,Legitimate,451,"1,001-5,000",15
CASH_IN,Legitimate,451,"10,001-50,000",128
CASH_IN,Legitimate,451,"100,001-500,000",506
CASH_IN,Legitimate,451,101-500,1
CASH_IN,Legitimate,451,"5,001-10,000",15
CASH_IN,Legitimate,451,"50,001-100,000",171
CASH_IN,Legitimate,451,"500,001-1,000,000",7
CASH_IN,Legitimate,451,"501-1,000",1
CASH_OUT,Fraud,451,"100,001-500,000",1
CASH_OUT,Fraud,451,"5,001-10,000",1
CASH_OUT,Legitimate,451,"1,001-5,000",19
CASH_OUT,Legitimate,451,"10,001-50,000",242
CASH_OUT,Legitimate,451,"100,001-500,000",739
CASH_OUT,Legitimate,451,101-500,1
CASH_OUT,Legitimate,451,"5,001-10,000",35
CASH_OUT,Legitimate,451,"50,001-100,000",293
CASH_OUT,Legitimate,451,"500,001-1,000,000",8
CASH_OUT,Legitimate,451,"501-1,000",1
DEBIT,Legitimate,451,"1,001-5,000",11
DEBIT,Legitimate,451,101-500,2
DEBIT,Legitimate,451,"501-1,000",3
PAYMENT,Legitimate,451,0-100,12
PAYMENT,Legitimate,451,"1,001-5,000",359
PAYMENT,Legitimate,451,"10,001-50,000",416
PAYMENT,Legitimate,451,101-500,39
PAYMENT,Legitimate,451,"5,001-10,000",368
PAYMENT,Legitimate,451,"50,001-100,000",9
PAYMENT,Legitimate,451,"501-1,000",49
TRANSFER,Fraud,451,"100,001-500,000",1
TRANSFER,Fraud,451,"5,001-10,000",1
TRANSFER,Legitimate,451,"1,000,001+",62
TRANSFER,Legitimate,451,"1,001-5,000",1
TRANSFER,Legitimate,451,"10,001-50,000",26
TRANSFER,Legitimate,451,"100,001-500,000",126
TRANSFER,Legitimate,451,"5,001-10,000",3
TRANSFER,Legitimate,451,"50,001-100,000",26
TRANSFER,Legitimate,451,"500,001-1,000,000",52
CASH_IN,Legitimate,452,"1,001-5,000",2
CASH_IN,Legitimate,452,"10,001-50,000",26
CASH_IN,Legitimate,452,"100,001-500,000",88
CASH_IN,Legitimate,452,101-500,1
CASH_IN,Legitimate,452,"5,001-10,000",2
CASH_IN,Legitimate,452,"50,001-100,000",24
CASH_IN,Legitimate,452,"500,001-1,000,000",1
CASH_OUT,Fraud,452,"1,000,001+",2
CASH_OUT,Fraud,452,"100,001-500,000",1
CASH_OUT,Fraud,452,"50,001-100,000",1
CASH_OUT,Fraud,452,"500,001-1,000,000",1
CASH_OUT,Legitimate,452,"1,001-5,000",1
CASH_OUT,Legitimate,452,"10,001-50,000",11
CASH_OUT,Legitimate,452,"100,001-500,000",39
CASH_OUT,Legitimate,452,"5,001-10,000",2
CASH_OUT,Legitimate,452,"50,001-100,000",10
CASH_OUT,Legitimate,452,"500,001-1,000,000",4
DEBIT,Legitimate,452,"1,001-5,000",2
PAYMENT,Legitimate,452,"1,001-5,000",16
PAYMENT,Legitimate,452,"10,001-50,000",33
PAYMENT,Legitimate,452,101-500,1
PAYMENT,Legitimate,452,"5,001-10,000",20
TRANSFER,Fraud,452,"1,000,001+",2
TRANSFER,Fraud,452,"100,001-500,000",1
TRANSFER,Fraud,452,"50,001-100,000",1
TRANSFER,Fraud,452,"500,001-1,000,000",1
TRANSFER,Legitimate,452,"1,000,001+",4
TRANSFER,Legitimate,452,"100,001-500,000",9
TRANSFER,Legitimate,452,"50,001-100,000",1
TRANSFER,Legitimate,452,"500,001-1,000,000",1
CASH_IN,Legitimate,453,"10,001-50,000",1
CASH_IN,Legitimate,453,"100,001-500,000",2
CASH_IN,Legitimate,453,"50,001-100,000",2
CASH_OUT,Fraud,453,"1,000,001+",2
CASH_OUT,Fraud,453,"100,001-500,000",1
CASH_OUT,Fraud,453,"500,001-1,000,000",1
CASH_OUT,Legitimate,453,"10,001-50,000",3
CASH_OUT,Legitimate,453,"100,001-500,000",8
CASH_OUT,Legitimate,453,"50,001-100,000",4
DEBIT,Legitimate,453,"1,001-5,000",1
PAYMENT,Legitimate,453,"1,001-5,000",5
PAYMENT,Legitimate,453,"10,001-50,000",11
PAYMENT,Legitimate,453,"5,001-10,000",5
PAYMENT,Legitimate,453,"501-1,000",1
TRANSFER,Fraud,453,"1,000,001+",2
TRANSFER,Fraud,453,"100,001-500,000",1
TRANSFER,Fraud,453,"500,001-1,000,000",1
TRANSFER,Legitimate,453,"1,000,001+",2
TRANSFER,Legitimate,453,"100,001-500,000",3
TRANSFER,Legitimate,453,"500,001-1,000,000",3
CASH_OUT,Fraud,454,"1,000,001+",1
CASH_OUT,Fraud,454,"100,001-500,000",2
CASH_OUT,Legitimate,454,"1,001-5,000",1
CASH_OUT,Legitimate,454,"10,001-50,000",1
CASH_OUT,Legitimate,454,"100,001-500,000",3
CASH_OUT,Legitimate,454,"5,001-10,000",1
CASH_OUT,Legitimate,454,"50,001-100,000",1
PAYMENT,Legitimate,454,"1,001-5,000",6
PAYMENT,Legitimate,454,"10,001-50,000",4
PAYMENT,Legitimate,454,"5,001-10,000",4
PAYMENT,Legitimate,454,"501-1,000",2
TRANSFER,Fraud,454,"1,000,001+",1
TRANSFER,Fraud,454,"100,001-500,000",2
TRANSFER,Legitimate,454,"1,000,001+",2
TRANSFER,Legitimate,454,"100,001-500,000",4
TRANSFER,Legitimate,454,"50,001-100,000",2
TRANSFER,Legitimate,454,"500,001-1,000,000",2
CASH_IN,Legitimate,455,0-100,1
CASH_IN,Legitimate,455,"1,001-5,000",2
CASH_IN,Legitimate,455,"10,001-50,000",29
CASH_IN,Legitimate,455,"100,001-500,000",87
CASH_IN,Legitimate,455,"5,001-10,000",2
CASH_IN,Legitimate,455,"50,001-100,000",32
CASH_IN,Legitimate,455,"500,001-1,000,000",4
CASH_IN,Legitimate,455,"501-1,000",1
CASH_OUT,Fraud,455,"1,000,001+",1
CASH_OUT,Fraud,455,"100,001-500,000",1
CASH_OUT,Fraud,455,101-500,1
CASH_OUT,Fraud,455,"5,001-10,000",1
CASH_OUT,Fraud,455,"500,001-1,000,000",1
CASH_OUT,Legitimate,455,"1,001-5,000",1
CASH_OUT,Legitimate,455,"10,001-50,000",15
CASH_OUT,Legitimate,455,"100,001-500,000",51
CASH_OUT,Legitimate,455,"5,001-10,000",1
CASH_OUT,Legitimate,455,"50,001-100,000",20
CASH_OUT,Legitimate,455,"500,001-1,000,000",1
CASH_OUT,Legitimate,455,"501-1,000",1
DEBIT,Legitimate,455,"1,001-5,000",5
PAYMENT,Legitimate,455,0-100,1
PAYMENT,Legitimate,455,"1,001-5,000",108
PAYMENT,Legitimate,455,"10,001-50,000",260
PAYMENT,Legitimate,455,101-500,10
PAYMENT,Legitimate,455,"5,001-10,000",112
PAYMENT,Legitimate,455,"50,001-100,000",2
PAYMENT,Legitimate,455,"501-1,000",12
TRANSFER,Fraud,455,"1,000,001+",1
TRANSFER,Fraud,455,"100,001-500,000",1
TRANSFER,Fraud,455,101-500,1
TRANSFER,Fraud,455,"5,001-10,000",1
TRANSFER,Fraud,455,"500,001-1,000,000",1
TRANSFER,Legitimate,455,"1,000,001+",10
TRANSFER,Legitimate,455,"10,001-50,000",4
TRANSFER,Legitimate,455,"100,001-500,000",24
TRANSFER,Legitimate,455,"50,001-100,000",3
TRANSFER,Legitimate,455,"500,001-1,000,000",15
CASH_OUT,Fraud,456,"1,000,001+",2
CASH_OUT,Fraud,456,"10,001-50,000",3
CASH_OUT,Fraud,456,"100,001-500,000",1
CASH_OUT,Fraud,456,"50,001-100,000",1
CASH_OUT,Fraud,456,"500,001-1,000,000",2
TRANSFER,Fraud,456,"1,000,001+",2
TRANSFER,Fraud,456,"10,001-50,000",3
TRANSFER,Fraud,456,"100,001-500,000",1
TRANSFER,Fraud,456,"50,001-100,000",1
TRANSFER,Fraud,456,"500,001-1,000,000",2
CASH_OUT,Fraud,457,"1,000,001+",1
CASH_OUT,Fraud,457,"100,001-500,000",3
CASH_OUT,Fraud,457,"500,001-1,000,000",1
TRANSFER,Fraud,457,"1,000,001+",1
TRANSFER,Fraud,457,"100,001-500,000",3
TRANSFER,Fraud,457,"500,001-1,000,000",1
CASH_IN,Legitimate,458,"1,001-5,000",2
CASH_IN,Legitimate,458,"10,001-50,000",18
CASH_IN,Legitimate,458,"100,001-500,000",73
CASH_IN,Legitimate,458,"50,001-100,000",17
CASH_IN,Legitimate,458,"500,001-1,000,000",3
CASH_OUT,Fraud,458,"10,001-50,000",1
CASH_OUT,Fraud,458,"100,001-500,000",2
CASH_OUT,Legitimate,458,"1,001-5,000",1
CASH_OUT,Legitimate,458,"10,001-50,000",11
CASH_OUT,Legitimate,458,"100,001-500,000",48
CASH_OUT,Legitimate,458,"5,001-10,000",1
CASH_OUT,Legitimate,458,"50,001-100,000",16
DEBIT,Legitimate,458,"1,001-5,000",6
DEBIT,Legitimate,458,101-500,6
DEBIT,Legitimate,458,"501-1,000",8
PAYMENT,Legitimate,458,0-100,4
PAYMENT,Legitimate,458,"1,001-5,000",108
PAYMENT,Legitimate,458,"10,001-50,000",40
PAYMENT,Legitimate,458,101-500,16
PAYMENT,Legitimate,458,"5,001-10,000",30
PAYMENT,Legitimate,458,"50,001-100,000",2
PAYMENT,Legitimate,458,"501-1,000",8
TRANSFER,Fraud,458,"10,001-50,000",1
TRANSFER,Fraud,458,"100,001-500,000",2
TRANSFER,Legitimate,458,"1,000,001+",2
TRANSFER,Legitimate,458,"10,001-50,000",1
TRANSFER,Legitimate,458,"100,001-500,000",8
TRANSFER,Legitimate,458,"50,001-100,000",2
TRANSFER,Legitimate,458,"500,001-1,000,000",1
CASH_OUT,Fraud,459,"1,000,001+",1
CASH_OUT,Fraud,459,"1,001-5,000",1
CASH_OUT,Fraud,459,"10,001-50,000",1
CASH_OUT,Fraud,459,"100,001-500,000",1
TRANSFER,Fraud,459,"1,000,001+",1
TRANSFER,Fraud,459,"1,001-5,000",1
TRANSFER,Fraud,459,"10,001-50,000",1
TRANSFER,Fraud,459,"100,001-500,000",1
CASH_OUT,Fraud,460,"1,000,001+",2
CASH_OUT,Fraud,460,"100,001-500,000",3
CASH_OUT,Fraud,460,"50,001-100,000",2
CASH_OUT,Fraud,460,"500,001-1,000,000",1
CASH_OUT,Legitimate,460,"10,001-50,000",1
CASH_OUT,Legitimate,460,"100,001-500,000",4
CASH_OUT,Legitimate,460,"5,001-10,000",1
DEBIT,Legitimate,460,"10,001-50,000",2
PAYMENT,Legitimate,460,"10,001-50,000",1
PAYMENT,Legitimate,460,101-500,10
PAYMENT,Legitimate,460,"5,001-10,000",2
PAYMENT,Legitimate,460,"501-1,000",2
TRANSFER,Fraud,460,"1,000,001+",2
TRANSFER,Fraud,460,"100,001-500,000",3
TRANSFER,Fraud,460,"50,001-100,000",2
TRANSFER,Fraud,460,"500,001-1,000,000",1
TRANSFER,Legitimate,460,"1,000,001+",1
TRANSFER,Legitimate,460,"10,001-50,000",1
TRANSFER,Legitimate,460,"100,001-500,000",10
TRANSFER,Legitimate,460,"50,001-100,000",2
TRANSFER,Legitimate,460,"500,001-1,000,000",6
CASH_OUT,Fraud,461,"1,000,001+",3
CASH_OUT,Fraud,461,"100,001-500,000",3
CASH_OUT,Fraud,461,"500,001-1,000,000",2
CASH_OUT,Legitimate,461,"10,001-50,000",5
CASH_OUT,Legitimate,461,"100,001-500,000",13
CASH_OUT,Legitimate,461,"50,001-100,000",5
PAYMENT,Legitimate,461,0-100,1
PAYMENT,Legitimate,461,"1,001-5,000",15
PAYMENT,Legitimate,461,"10,001-50,000",2
PAYMENT,Legitimate,461,101-500,4
PAYMENT,Legitimate,461,"501-1,000",3
TRANSFER,Fraud,461,"1,000,001+",3
TRANSFER,Fraud,461,"100,001-500,000",3
TRANSFER,Fraud,461,"500,001-1,000,000",2
TRANSFER,Legitimate,461,"1,000,001+",2
TRANSFER,Legitimate,461,"10,001-50,000",1
TRANSFER,Legitimate,461,"100,001-500,000",4
TRANSFER,Legitimate,461,"5,001-10,000",1
TRANSFER,Legitimate,461,"50,001-100,000",2
TRANSFER,Legitimate,461,"500,001-1,000,000",9
CASH_OUT,Fraud,462,"1,000,001+",2
CASH_OUT,Fraud,462,"10,001-50,000",1
CASH_OUT,Fraud,462,"100,001-500,000",4
CASH_OUT,Fraud,462,"50,001-100,000",1
TRANSFER,Fraud,462,"1,000,001+",2
TRANSFER,Fraud,462,"10,001-50,000",1
TRANSFER,Fraud,462,"100,001-500,000",4
TRANSFER,Fraud,462,"50,001-100,000",1
CASH_OUT,Fraud,463,"1,000,001+",3
CASH_OUT,Fraud,463,"100,001-500,000",2
TRANSFER,Fraud,463,"1,000,001+",3
TRANSFER,Fraud,463,"100,001-500,000",2
CASH_OUT,Fraud,464,"1,000,001+",4
CASH_OUT,Fraud,464,"100,001-500,000",2
CASH_OUT,Fraud,464,"50,001-100,000",1
CASH_OUT,Fraud,464,"500,001-1,000,000",1
TRANSFER,Fraud,464,"1,000,001+",4
TRANSFER,Fraud,464,"100,001-500,000",2
TRANSFER,Fraud,464,"50,001-100,000",1
TRANSFER,Fraud,464,"500,001-1,000,000",1
CASH_OUT,Fraud,465,"1,000,001+",3
CASH_OUT,Fraud,465,"10,001-50,000",1
CASH_OUT,Fraud,465,"100,001-500,000",1
CASH_OUT,Fraud,465,"500,001-1,000,000",1
TRANSFER,Fraud,465,"1,000,001+",3
TRANSFER,Fraud,465,"10,001-50,000",1
TRANSFER,Fraud,465,"100,001-500,000",1
TRANSFER,Fraud,465,"500,001-1,000,000",1
CASH_IN,Legitimate,466,"1,001-5,000",6
CASH_IN,Legitimate,466,"10,001-50,000",32
CASH_IN,Legitimate,466,"100,001-500,000",149
CASH_IN,Legitimate,466,"5,001-10,000",2
CASH_IN,Legitimate,466,"50,001-100,000",43
CASH_IN,Legitimate,466,"500,001-1,000,000",5
CASH_IN,Legitimate,466,"501-1,000",1
CASH_OUT,Fraud,466,"1,000,001+",1
CASH_OUT,Fraud,466,"100,001-500,000",2
CASH_OUT,Legitimate,466,"10,001-50,000",38
CASH_OUT,Legitimate,466,"100,001-500,000",161
CASH_OUT,Legitimate,466,"5,001-10,000",5
CASH_OUT,Legitimate,466,"50,001-100,000",52
CASH_OUT,Legitimate,466,"500,001-1,000,000",13
DEBIT,Legitimate,466,"1,001-5,000",4
PAYMENT,Legitimate,466,0-100,2
PAYMENT,Legitimate,466,"1,001-5,000",68
PAYMENT,Legitimate,466,"10,001-50,000",227
PAYMENT,Legitimate,466,101-500,7
PAYMENT,Legitimate,466,"5,001-10,000",72
PAYMENT,Legitimate,466,"50,001-100,000",5
PAYMENT,Legitimate,466,"501-1,000",12
TRANSFER,Fraud,466,"1,000,001+",1
TRANSFER,Fraud,466,"100,001-500,000",2
TRANSFER,Legitimate,466,"1,000,001+",22
TRANSFER,Legitimate,466,"10,001-50,000",2
TRANSFER,Legitimate,466,"100,001-500,000",25
TRANSFER,Legitimate,466,"50,001-100,000",4
TRANSFER,Legitimate,466,"500,001-1,000,000",21
CASH_OUT,Fraud,467,"1,000,001+",1
CASH_OUT,Fraud,467,"100,001-500,000",3
CASH_OUT,Fraud,467,"5,001-10,000",1
CASH_OUT,Fraud,467,"500,001-1,000,000",1
TRANSFER,Fraud,467,"1,000,001+",1
TRANSFER,Fraud,467,"100,001-500,000",3
TRANSFER,Fraud,467,"5,001-10,000",1
TRANSFER,Fraud,467,"500,001-1,000,000",1
CASH_OUT,Fraud,468,"1,000,001+",2
CASH_OUT,Fraud,468,"10,001-50,000",1
CASH_OUT,Fraud,468,"100,001-500,000",1
CASH_OUT,Fraud,468,"500,001-1,000,000",2
TRANSFER,Fraud,468,"1,000,001+",2
TRANSFER,Fraud,468,"10,001-50,000",1
TRANSFER,Fraud,468,"100,001-500,000",1
TRANSFER,Fraud,468,"500,001-1,000,000",2
CASH_IN,Legitimate,469,"1,001-5,000",15
CASH_IN,Legitimate,469,"10,001-50,000",141
CASH_IN,Legitimate,469,"100,001-500,000",817
CASH_IN,Legitimate,469,"5,001-10,000",24
CASH_IN,Legitimate,469,"50,001-100,000",190
CASH_IN,Legitimate,469,"500,001-1,000,000",33
CASH_IN,Legitimate,469,"501-1,000",2
CASH_OUT,Fraud,469,"1,000,001+",3
CASH_OUT,Fraud,469,"100,001-500,000",1
CASH_OUT,Legitimate,469,0-100,1
CASH_OUT,Legitimate,469,"1,001-5,000",25
CASH_OUT,Legitimate,469,"10,001-50,000",283
CASH_OUT,Legitimate,469,"100,001-500,000",1422
CASH_OUT,Legitimate,469,101-500,1
CASH_OUT,Legitimate,469,"5,001-10,000",29
CASH_OUT,Legitimate,469,"50,001-100,000",358
CASH_OUT,Legitimate,469,"500,001-1,000,000",62
CASH_OUT,Legitimate,469,"501-1,000",4
DEBIT,Legitimate,469,"1,001-5,000",18
DEBIT,Legitimate,469,101-500,3
DEBIT,Legitimate,469,"5,001-10,000",4
DEBIT,Legitimate,469,"501-1,000",3
PAYMENT,Legitimate,469,0-100,12
PAYMENT,Legitimate,469,"1,001-5,000",402
PAYMENT,Legitimate,469,"10,001-50,000",956
PAYMENT,Legitimate,469,101-500,43
PAYMENT,Legitimate,469,"5,001-10,000",501
PAYMENT,Legitimate,469,"50,001-100,000",17
PAYMENT,Legitimate,469,"501-1,000",69
TRANSFER,Fraud,469,"1,000,001+",3
TRANSFER,Fraud,469,"100,001-500,000",1
TRANSFER,Legitimate,469,"1,000,001+",140
TRANSFER,Legitimate,469,"1,001-5,000",5
TRANSFER,Legitimate,469,"10,001-50,000",23
TRANSFER,Legitimate,469,"100,001-500,000",218
TRANSFER,Legitimate,469,"5,001-10,000",3
TRANSFER,Legitimate,469,"50,001-100,000",31
TRANSFER,Legitimate,469,"500,001-1,000,000",153
CASH_OUT,Fraud,470,"1,000,001+",2
CASH_OUT,Fraud,470,"100,001-500,000",1
CASH_OUT,Fraud,470,"5,001-10,000",1
CASH_OUT,Fraud,470,"500,001-1,000,000",2
TRANSFER,Fraud,470,"1,000,001+",2
TRANSFER,Fraud,470,"100,001-500,000",1
TRANSFER,Fraud,470,"5,001-10,000",1
TRANSFER,Fraud,470,"500,001-1,000,000",2
CASH_IN,Legitimate,471,"1,001-5,000",15
CASH_IN,Legitimate,471,"10,001-50,000",81
CASH_IN,Legitimate,471,"100,001-500,000",457
CASH_IN,Legitimate,471,101-500,1
CASH_IN,Legitimate,471,"5,001-10,000",11
CASH_IN,Legitimate,471,"50,001-100,000",100
CASH_IN,Legitimate,471,"500,001-1,000,000",11
CASH_OUT,Fraud,471,"500,001-1,000,000",1
CASH_OUT,Legitimate,471,0-100,1
CASH_OUT,Legitimate,471,"1,001-5,000",5
CASH_OUT,Legitimate,471,"10,001-50,000",113
CASH_OUT,Legitimate,471,"100,001-500,000",583
CASH_OUT,Legitimate,471,101-500,2
CASH_OUT,Legitimate,471,"5,001-10,000",8
CASH_OUT,Legitimate,471,"50,001-100,000",141
CASH_OUT,Legitimate,471,"500,001-1,000,000",14
CASH_OUT,Legitimate,471,"501-1,000",4
DEBIT,Legitimate,471,0-100,1
DEBIT,Legitimate,471,"1,001-5,000",10
DEBIT,Legitimate,471,101-500,1
DEBIT,Legitimate,471,"501-1,000",1
PAYMENT,Legitimate,471,0-100,3
PAYMENT,Legitimate,471,"1,001-5,000",173
PAYMENT,Legitimate,471,"10,001-50,000",392
PAYMENT,Legitimate,471,101-500,17
PAYMENT,Legitimate,471,"5,001-10,000",196
PAYMENT,Legitimate,471,"50,001-100,000",22
PAYMENT,Legitimate,471,"501-1,000",31
TRANSFER,Fraud,471,"500,001-1,000,000",1
TRANSFER,Legitimate,471,"1,000,001+",55
TRANSFER,Legitimate,471,"10,001-50,000",11
TRANSFER,Legitimate,471,"100,001-500,000",76
TRANSFER,Legitimate,471,"5,001-10,000",3
TRANSFER,Legitimate,471,"50,001-100,000",12
TRANSFER,Legitimate,471,"500,001-1,000,000",67
CASH_IN,Legitimate,472,"100,001-500,000",3
CASH_IN,Legitimate,472,"50,001-100,000",1
CASH_IN,Legitimate,472,"500,001-1,000,000",1
CASH_OUT,Fraud,472,"1,000,001+",1
CASH_OUT,Fraud,472,"50,001-100,000",1
CASH_OUT,Fraud,472,"500,001-1,000,000",2
CASH_OUT,Legitimate,472,"10,001-50,000",2
CASH_OUT,Legitimate,472,"100,001-500,000",24
CASH_OUT,Legitimate,472,"50,001-100,000",8
CASH_OUT,Legitimate,472,"500,001-1,000,000",1
DEBIT,Legitimate,472,101-500,1
PAYMENT,Legitimate,472,"1,001-5,000",2
PAYMENT,Legitimate,472,"10,001-50,000",5
PAYMENT,Legitimate,472,"100,001-500,000",2
PAYMENT,Legitimate,472,"5,001-10,000",3
PAYMENT,Legitimate,472,"50,001-100,000",1
TRANSFER,Fraud,472,"1,000,001+",1
TRANSFER,Fraud,472,"50,001-100,000",1
TRANSFER,Fraud,472,"500,001-1,000,000",2
TRANSFER,Legitimate,472,"1,000,001+",8
TRANSFER,Legitimate,472,"10,001-50,000",1
TRANSFER,Legitimate,472,"100,001-500,000",10
TRANSFER,Legitimate,472,"500,001-1,000,000",3
CASH_OUT,Fraud,473,"10,001-50,000",1
CASH_OUT,Fraud,473,"100,001-500,000",2
CASH_OUT,Fraud,473,"5,001-10,000",1
CASH_OUT,Fraud,473,"50,001-100,000",1
TRANSFER,Fraud,473,"10,001-50,000",1
TRANSFER,Fraud,473,"100,001-500,000",2
TRANSFER,Fraud,473,"5,001-10,000",1
TRANSFER,Fraud,473,"50,001-100,000",1
CASH_IN,Legitimate,474,"1,001-5,000",9
CASH_IN,Legitimate,474,"10,001-50,000",110
CASH_IN,Legitimate,474,"100,001-500,000",501
CASH_IN,Legitimate,474,101-500,1
CASH_IN,Legitimate,474,"5,001-10,000",11
CASH_IN,Legitimate,474,"50,001-100,000",123
CASH_IN,Legitimate,474,"500,001-1,000,000",13
CASH_IN,Legitimate,474,"501-1,000",1
CASH_OUT,Fraud,474,"1,000,001+",2
CASH_OUT,Fraud,474,"100,001-500,000",1
CASH_OUT,Fraud,474,"50,001-100,000",1
CASH_OUT,Legitimate,474,"1,001-5,000",12
CASH_OUT,Legitimate,474,"10,001-50,000",96
CASH_OUT,Legitimate,474,"100,001-500,000",599
CASH_OUT,Legitimate,474,"5,001-10,000",10
CASH_OUT,Legitimate,474,"50,001-100,000",156
CASH_OUT,Legitimate,474,"500,001-1,000,000",19
CASH_OUT,Legitimate,474,"501-1,000",1
DEBIT,Legitimate,474,"1,001-5,000",8
DEBIT,Legitimate,474,"501-1,000",3
PAYMENT,Legitimate,474,0-100,7
PAYMENT,Legitimate,474,"1,001-5,000",215
PAYMENT,Legitimate,474,"10,001-50,000",304
PAYMENT,Legitimate,474,101-500,14
PAYMENT,Legitimate,474,"5,001-10,000",211
PAYMENT,Legitimate,474,"50,001-100,000",4
PAYMENT,Legitimate,474,"501-1,000",32
TRANSFER,Fraud,474,"1,000,001+",2
TRANSFER,Fraud,474,"100,001-500,000",1
TRANSFER,Fraud,474,"50,001-100,000",1
TRANSFER,Legitimate,474,"1,000,001+",71
TRANSFER,Legitimate,474,"10,001-50,000",9
TRANSFER,Legitimate,474,"100,001-500,000",97
TRANSFER,Legitimate,474,101-500,1
TRANSFER,Legitimate,474,"5,001-10,000",2
TRANSFER,Legitimate,474,"50,001-100,000",14
TRANSFER,Legitimate,474,"500,001-1,000,000",66
CASH_OUT,Fraud,475,"1,000,001+",1
CASH_OUT,Fraud,475,"10,001-50,000",3
CASH_OUT,Fraud,475,"5,001-10,000",1
CASH_OUT,Fraud,475,"50,001-100,000",1
CASH_OUT,Fraud,475,"500,001-1,000,000",1
TRANSFER,Fraud,475,"1,000,001+",1
TRANSFER,Fraud,475,"10,001-50,000",3
TRANSFER,Fraud,475,"5,001-10,000",1
TRANSFER,Fraud,475,"50,001-100,000",1
TRANSFER,Fraud,475,"500,001-1,000,000",1
CASH_IN,Legitimate,476,"1,001-5,000",14
CASH_IN,Legitimate,476,"10,001-50,000",102
CASH_IN,Legitimate,476,"100,001-500,000",465
CASH_IN,Legitimate,476,"5,001-10,000",13
CASH_IN,Legitimate,476,"50,001-100,000",150
CASH_IN,Legitimate,476,"500,001-1,000,000",16
CASH_IN,Legitimate,476,"501-1,000",2
CASH_OUT,Fraud,476,"1,000,001+",1
CASH_OUT,Fraud,476,"1,001-5,000",1
CASH_OUT,Fraud,476,"10,001-50,000",1
CASH_OUT,Fraud,476,"100,001-500,000",1
CASH_OUT,Legitimate,476,"1,001-5,000",19
CASH_OUT,Legitimate,476,"10,001-50,000",211
CASH_OUT,Legitimate,476,"100,001-500,000",738
CASH_OUT,Legitimate,476,101-500,1
CASH_OUT,Legitimate,476,"5,001-10,000",20
CASH_OUT,Legitimate,476,"50,001-100,000",278
CASH_OUT,Legitimate,476,"500,001-1,000,000",10
CASH_OUT,Legitimate,476,"501-1,000",2
DEBIT,Legitimate,476,"1,001-5,000",18
DEBIT,Legitimate,476,101-500,3
DEBIT,Legitimate,476,"501-1,000",2
PAYMENT,Legitimate,476,0-100,10
PAYMENT,Legitimate,476,"1,001-5,000",334
PAYMENT,Legitimate,476,"10,001-50,000",559
PAYMENT,Legitimate,476,"100,001-500,000",1
PAYMENT,Legitimate,476,101-500,22
PAYMENT,Legitimate,476,"5,001-10,000",332
PAYMENT,Legitimate,476,"50,001-100,000",14
PAYMENT,Legitimate,476,"501-1,000",31
TRANSFER,Fraud,476,"1,000,001+",1
TRANSFER,Fraud,476,"1,001-5,000",1
TRANSFER,Fraud,476,"10,001-50,000",1
TRANSFER,Fraud,476,"100,001-500,000",1
TRANSFER,Legitimate,476,"1,000,001+",62
TRANSFER,Legitimate,476,"1,001-5,000",1
TRANSFER,Legitimate,476,"10,001-50,000",16
TRANSFER,Legitimate,476,"100,001-500,000",171
TRANSFER,Legitimate,476,"5,001-10,000",4
TRANSFER,Legitimate,476,"50,001-100,000",25
TRANSFER,Legitimate,476,"500,001-1,000,000",101
CASH_OUT,Fraud,477,"1,000,001+",3
CASH_OUT,Fraud,477,"100,001-500,000",1
CASH_OUT,Fraud,477,"500,001-1,000,000",1
TRANSFER,Fraud,477,"1,000,001+",3
TRANSFER,Fraud,477,"100,001-500,000",1
TRANSFER,Fraud,477,"500,001-1,000,000",1
CASH_IN,Legitimate,478,0-100,1
CASH_IN,Legitimate,478,"1,001-5,000",6
CASH_IN,Legitimate,478,"10,001-50,000",55
CASH_IN,Legitimate,478,"100,001-500,000",236
CASH_IN,Legitimate,478,"5,001-10,000",4
CASH_IN,Legitimate,478,"50,001-100,000",90
CASH_IN,Legitimate,478,"500,001-1,000,000",7
CASH_OUT,Fraud,478,"1,000,001+",1
CASH_OUT,Fraud,478,"50,001-100,000",1
CASH_OUT,Fraud,478,"500,001-1,000,000",1
CASH_OUT,Legitimate,478,"1,001-5,000",10
CASH_OUT,Legitimate,478,"10,001-50,000",65
CASH_OUT,Legitimate,478,"100,001-500,000",163
CASH_OUT,Legitimate,478,101-500,1
CASH_OUT,Legitimate,478,"5,001-10,000",15
CASH_OUT,Legitimate,478,"50,001-100,000",88
CASH_OUT,Legitimate,478,"501-1,000",3
DEBIT,Legitimate,478,0-100,1
DEBIT,Legitimate,478,"1,001-5,000",11
DEBIT,Legitimate,478,101-500,3
DEBIT,Legitimate,478,"501-1,000",9
PAYMENT,Legitimate,478,0-100,4
PAYMENT,Legitimate,478,"1,001-5,000",266
PAYMENT,Legitimate,478,"10,001-50,000",330
PAYMENT,Legitimate,478,101-500,32
PAYMENT,Legitimate,478,"5,001-10,000",272
PAYMENT,Legitimate,478,"50,001-100,000",10
PAYMENT,Legitimate,478,"501-1,000",34
TRANSFER,Fraud,478,"1,000,001+",1
TRANSFER,Fraud,478,"50,001-100,000",1
TRANSFER,Fraud,478,"500,001-1,000,000",1
TRANSFER,Legitimate,478,"1,000,001+",40
TRANSFER,Legitimate,478,"1,001-5,000",1
TRANSFER,Legitimate,478,"10,001-50,000",15
TRANSFER,Legitimate,478,"100,001-500,000",92
TRANSFER,Legitimate,478,"5,001-10,000",1
TRANSFER,Legitimate,478,"50,001-100,000",16
TRANSFER,Legitimate,478,"500,001-1,000,000",21
CASH_IN,Legitimate,479,"1,001-5,000",5
CASH_IN,Legitimate,479,"10,001-50,000",30
CASH_IN,Legitimate,479,"100,001-500,000",93
CASH_IN,Legitimate,479,"5,001-10,000",2
CASH_IN,Legitimate,479,"50,001-100,000",49
CASH_IN,Legitimate,479,"500,001-1,000,000",3
CASH_OUT,Fraud,479,"1,000,001+",1
CASH_OUT,Fraud,479,"500,001-1,000,000",1
CASH_OUT,Legitimate,479,"1,001-5,000",3
CASH_OUT,Legitimate,479,"10,001-50,000",22
CASH_OUT,Legitimate,479,"100,001-500,000",40
CASH_OUT,Legitimate,479,"5,001-10,000",1
CASH_OUT,Legitimate,479,"50,001-100,000",23
CASH_OUT,Legitimate,479,"500,001-1,000,000",1
DEBIT,Legitimate,479,"1,001-5,000",10
DEBIT,Legitimate,479,101-500,1
DEBIT,Legitimate,479,"501-1,000",1
PAYMENT,Legitimate,479,0-100,3
PAYMENT,Legitimate,479,"1,001-5,000",218
PAYMENT,Legitimate,479,"10,001-50,000",122
PAYMENT,Legitimate,479,101-500,20
PAYMENT,Legitimate,479,"5,001-10,000",165
PAYMENT,Legitimate,479,"50,001-100,000",6
PAYMENT,Legitimate,479,"501-1,000",21
TRANSFER,Fraud,479,"1,000,001+",1
TRANSFER,Fraud,479,"500,001-1,000,000",1
TRANSFER,Legitimate,479,"1,000,001+",12
TRANSFER,Legitimate,479,"10,001-50,000",4
TRANSFER,Legitimate,479,"100,001-500,000",26
TRANSFER,Legitimate,479,"5,001-10,000",1
TRANSFER,Legitimate,479,"50,001-100,000",7
TRANSFER,Legitimate,479,"500,001-1,000,000",11
CASH_OUT,Fraud,480,"100,001-500,000",2
CASH_OUT,Fraud,480,"500,001-1,000,000",1
TRANSFER,Fraud,480,"100,001-500,000",2
TRANSFER,Fraud,480,"500,001-1,000,000",1
CASH_OUT,Fraud,481,"1,000,001+",1
CASH_OUT,Fraud,481,"10,001-50,000",1
CASH_OUT,Fraud,481,"100,001-500,000",3
CASH_OUT,Fraud,481,"500,001-1,000,000",2
TRANSFER,Fraud,481,"1,000,001+",1
TRANSFER,Fraud,481,"10,001-50,000",1
TRANSFER,Fraud,481,"100,001-500,000",3
TRANSFER,Fraud,481,"500,001-1,000,000",2
CASH_OUT,Fraud,482,"1,000,001+",2
CASH_OUT,Fraud,482,"10,001-50,000",2
CASH_OUT,Fraud,482,"100,001-500,000",2
CASH_OUT,Fraud,482,"50,001-100,000",1
CASH_OUT,Fraud,482,"500,001-1,000,000",1
TRANSFER,Fraud,482,"1,000,001+",2
TRANSFER,Fraud,482,"10,001-50,000",2
TRANSFER,Fraud,482,"100,001-500,000",2
TRANSFER,Fraud,482,"50,001-100,000",1
TRANSFER,Fraud,482,"500,001-1,000,000",1
CASH_IN,Legitimate,483,"1,001-5,000",2
CASH_IN,Legitimate,483,"10,001-50,000",17
CASH_IN,Legitimate,483,"100,001-500,000",78
CASH_IN,Legitimate,483,101-500,1
CASH_IN,Legitimate,483,"50,001-100,000",22
CASH_OUT,Fraud,483,"1,000,001+",2
CASH_OUT,Fraud,483,"10,001-50,000",1
CASH_OUT,Fraud,483,"500,001-1,000,000",1
CASH_OUT,Legitimate,483,"10,001-50,000",7
CASH_OUT,Legitimate,483,"100,001-500,000",36
CASH_OUT,Legitimate,483,"5,001-10,000",2
CASH_OUT,Legitimate,483,"50,001-100,000",5
DEBIT,Legitimate,483,"1,001-5,000",1
DEBIT,Legitimate,483,"501-1,000",2
PAYMENT,Legitimate,483,0-100,2
PAYMENT,Legitimate,483,"1,001-5,000",64
PAYMENT,Legitimate,483,"10,001-50,000",8
PAYMENT,Legitimate,483,101-500,16
PAYMENT,Legitimate,483,"5,001-10,000",11
PAYMENT,Legitimate,483,"501-1,000",11
TRANSFER,Fraud,483,"1,000,001+",2
TRANSFER,Fraud,483,"10,001-50,000",1
TRANSFER,Fraud,483,"500,001-1,000,000",1
TRANSFER,Legitimate,483,"1,000,001+",4
TRANSFER,Legitimate,483,"10,001-50,000",6
TRANSFER,Legitimate,483,"100,001-500,000",4
TRANSFER,Legitimate,483,"50,001-100,000",4
TRANSFER,Legitimate,483,"500,001-1,000,000",6
CASH_OUT,Fraud,484,"10,001-50,000",1
CASH_OUT,Fraud,484,"100,001-500,000",1
CASH_OUT,Fraud,484,"50,001-100,000",1
TRANSFER,Fraud,484,"10,001-50,000",1
TRANSFER,Fraud,484,"100,001-500,000",1
TRANSFER,Fraud,484,"50,001-100,000",1
CASH_OUT,Fraud,485,"1,000,001+",3
CASH_OUT,Fraud,485,"100,001-500,000",2
CASH_OUT,Fraud,485,"50,001-100,000",1
TRANSFER,Fraud,485,"1,000,001+",3
TRANSFER,Fraud,485,"100,001-500,000",2
TRANSFER,Fraud,485,"50,001-100,000",1
CASH_OUT,Fraud,486,"1,000,001+",2
CASH_OUT,Fraud,486,"100,001-500,000",2
TRANSFER,Fraud,486,"1,000,001+",2
TRANSFER,Fraud,486,"100,001-500,000",2
CASH_IN,Legitimate,487,"1,001-5,000",1
CASH_IN,Legitimate,487,"10,001-50,000",30
CASH_IN,Legitimate,487,"100,001-500,000",115
CASH_IN,Legitimate,487,"5,001-10,000",2
CASH_IN,Legitimate,487,"50,001-100,000",38
CASH_IN,Legitimate,487,"500,001-1,000,000",3
CASH_IN,Legitimate,487,"501-1,000",2
CASH_OUT,Fraud,487,"1,000,001+",3
CASH_OUT,Fraud,487,"100,001-500,000",2
CASH_OUT,Fraud,487,"500,001-1,000,000",2
CASH_OUT,Legitimate,487,"10,001-50,000",16
CASH_OUT,Legitimate,487,"100,001-500,000",54
CASH_OUT,Legitimate,487,"5,001-10,000",1
CASH_OUT,Legitimate,487,"50,001-100,000",21
CASH_OUT,Legitimate,487,"500,001-1,000,000",1
DEBIT,Legitimate,487,"1,001-5,000",12
DEBIT,Legitimate,487,"10,001-50,000",1
DEBIT,Legitimate,487,101-500,3
DEBIT,Legitimate,487,"5,001-10,000",2
DEBIT,Legitimate,487,"501-1,000",1
PAYMENT,Legitimate,487,0-100,5
PAYMENT,Legitimate,487,"1,001-5,000",235
PAYMENT,Legitimate,487,"10,001-50,000",77
PAYMENT,Legitimate,487,101-500,26
PAYMENT,Legitimate,487,"5,001-10,000",116
PAYMENT,Legitimate,487,"50,001-100,000",2
PAYMENT,Legitimate,487,"501-1,000",41
TRANSFER,Fraud,487,"1,000,001+",3
TRANSFER,Fraud,487,"100,001-500,000",2
TRANSFER,Fraud,487,"500,001-1,000,000",2
TRANSFER,Legitimate,487,"1,000,001+",14
TRANSFER,Legitimate,487,"10,001-50,000",13
TRANSFER,Legitimate,487,"100,001-500,000",45
TRANSFER,Legitimate,487,"50,001-100,000",8
TRANSFER,Legitimate,487,"500,001-1,000,000",13
CASH_OUT,Fraud,488,"1,000,001+",1
CASH_OUT,Fraud,488,"10,001-50,000",1
CASH_OUT,Fraud,488,"100,001-500,000",1
CASH_OUT,Fraud,488,"50,001-100,000",1
TRANSFER,Fraud,488,"1,000,001+",1
TRANSFER,Fraud,488,"10,001-50,000",1
TRANSFER,Fraud,488,"100,001-500,000",1
TRANSFER,Fraud,488,"50,001-100,000",1
CASH_OUT,Fraud,489,"1,000,001+",2
CASH_OUT,Fraud,489,"1,001-5,000",1
CASH_OUT,Fraud,489,"100,001-500,000",3
CASH_OUT,Fraud,489,"500,001-1,000,000",1
TRANSFER,Fraud,489,"1,000,001+",2
TRANSFER,Fraud,489,"1,001-5,000",1
TRANSFER,Fraud,489,"100,001-500,000",3
TRANSFER,Fraud,489,"500,001-1,000,000",1
CASH_IN,Legitimate,490,0-100,1
CASH_IN,Legitimate,490,"1,001-5,000",8
CASH_IN,Legitimate,490,"10,001-50,000",124
CASH_IN,Legitimate,490,"100,001-500,000",595
CASH_IN,Legitimate,490,101-500,2
CASH_IN,Legitimate,490,"5,001-10,000",14
CASH_IN,Legitimate,490,"50,001-100,000",156
CASH_IN,Legitimate,490,"500,001-1,000,000",31
CASH_IN,Legitimate,490,"501-1,000",2
CASH_OUT,Fraud,490,"1,000,001+",4
CASH_OUT,Fraud,490,"100,001-500,000",1
CASH_OUT,Legitimate,490,0-100,1
CASH_OUT,Legitimate,490,"1,001-5,000",18
CASH_OUT,Legitimate,490,"10,001-50,000",167
CASH_OUT,Legitimate,490,"100,001-500,000",840
CASH_OUT,Legitimate,490,101-500,2
CASH_OUT,Legitimate,490,"5,001-10,000",19
CASH_OUT,Legitimate,490,"50,001-100,000",210
CASH_OUT,Legitimate,490,"500,001-1,000,000",22
CASH_OUT,Legitimate,490,"501-1,000",2
DEBIT,Legitimate,490,"10,001-50,000",3
DEBIT,Legitimate,490,"100,001-500,000",10
DEBIT,Legitimate,490,"50,001-100,000",6
PAYMENT,Legitimate,490,0-100,5
PAYMENT,Legitimate,490,"1,001-5,000",235
PAYMENT,Legitimate,490,"10,001-50,000",627
PAYMENT,Legitimate,490,101-500,19
PAYMENT,Legitimate,490,"5,001-10,000",252
PAYMENT,Legitimate,490,"50,001-100,000",43
PAYMENT,Legitimate,490,"501-1,000",29
TRANSFER,Fraud,490,"1,000,001+",4
TRANSFER,Fraud,490,"100,001-500,000",1
TRANSFER,Legitimate,490,"1,000,001+",105
TRANSFER,Legitimate,490,"1,001-5,000",6
TRANSFER,Legitimate,490,"10,001-50,000",13
TRANSFER,Legitimate,490,"100,001-500,000",129
TRANSFER,Legitimate,490,"50,001-100,000",15
TRANSFER,Legitimate,490,"500,001-1,000,000",99
CASH_OUT,Fraud,491,"1,000,001+",3
CASH_OUT,Fraud,491,"10,001-50,000",1
CASH_OUT,Fraud,491,"100,001-500,000",1
CASH_OUT,Fraud,491,"500,001-1,000,000",1
TRANSFER,Fraud,491,"1,000,001+",3
TRANSFER,Fraud,491,"10,001-50,000",1
TRANSFER,Fraud,491,"100,001-500,000",1
TRANSFER,Fraud,491,"500,001-1,000,000",1
CASH_IN,Legitimate,492,"1,001-5,000",9
CASH_IN,Legitimate,492,"10,001-50,000",151
CASH_IN,Legitimate,492,"100,001-500,000",745
CASH_IN,Legitimate,492,101-500,1
CASH_IN,Legitimate,492,"5,001-10,000",12
CASH_IN,Legitimate,492,"50,001-100,000",209
CASH_IN,Legitimate,492,"500,001-1,000,000",41
CASH_IN,Legitimate,492,"501-1,000",1
CASH_OUT,Fraud,492,"1,000,001+",2
CASH_OUT,Fraud,492,"100,001-500,000",1
CASH_OUT,Legitimate,492,"1,001-5,000",19
CASH_OUT,Legitimate,492,"10,001-50,000",194
CASH_OUT,Legitimate,492,"100,001-500,000",1100
CASH_OUT,Legitimate,492,"5,001-10,000",17
CASH_OUT,Legitimate,492,"50,001-100,000",254
CASH_OUT,Legitimate,492,"500,001-1,000,000",51
CASH_OUT,Legitimate,492,"501-1,000",3
DEBIT,Legitimate,492,"1,001-5,000",14
DEBIT,Legitimate,492,101-500,4
DEBIT,Legitimate,492,"5,001-10,000",3
DEBIT,Legitimate,492,"501-1,000",3
PAYMENT,Legitimate,492,0-100,4
PAYMENT,Legitimate,492,"1,001-5,000",325
PAYMENT,Legitimate,492,"10,001-50,000",799
PAYMENT,Legitimate,492,"100,001-500,000",20
PAYMENT,Legitimate,492,101-500,27
PAYMENT,Legitimate,492,"5,001-10,000",309
PAYMENT,Legitimate,492,"50,001-100,000",190
PAYMENT,Legitimate,492,"501-1,000",38
TRANSFER,Fraud,492,"1,000,001+",2
TRANSFER,Fraud,492,"100,001-500,000",1
TRANSFER,Legitimate,492,"1,000,001+",215
TRANSFER,Legitimate,492,"1,001-5,000",2
TRANSFER,Legitimate,492,"10,001-50,000",17
TRANSFER,Legitimate,492,"100,001-500,000",189
TRANSFER,Legitimate,492,"5,001-10,000",5
TRANSFER,Legitimate,492,"50,001-100,000",28
TRANSFER,Legitimate,492,"500,001-1,000,000",114
CASH_IN,Legitimate,493,"1,001-5,000",6
CASH_IN,Legitimate,493,"10,001-50,000",44
CASH_IN,Legitimate,493,"100,001-500,000",322
CASH_IN,Legitimate,493,101-500,1
CASH_IN,Legitimate,493,"5,001-10,000",8
CASH_IN,Legitimate,493,"50,001-100,000",79
CASH_IN,Legitimate,493,"500,001-1,000,000",6
CASH_OUT,Fraud,493,"1,000,001+",1
CASH_OUT,Fraud,493,"100,001-500,000",1
CASH_OUT,Fraud,493,"500,001-1,000,000",2
CASH_OUT,Legitimate,493,"1,001-5,000",7
CASH_OUT,Legitimate,493,"10,001-50,000",84
CASH_OUT,Legitimate,493,"100,001-500,000",400
CASH_OUT,Legitimate,493,"5,001-10,000",9
CASH_OUT,Legitimate,493,"50,001-100,000",104
CASH_OUT,Legitimate,493,"500,001-1,000,000",16
CASH_OUT,Legitimate,493,"501-1,000",3
DEBIT,Legitimate,493,"1,001-5,000",2
DEBIT,Legitimate,493,"5,001-10,000",1
PAYMENT,Legitimate,493,0-100,2
PAYMENT,Legitimate,493,"1,001-5,000",114
PAYMENT,Legitimate,493,"10,001-50,000",292
PAYMENT,Legitimate,493,"100,001-500,000",1
PAYMENT,Legitimate,493,101-500,8
PAYMENT,Legitimate,493,"5,001-10,000",112
PAYMENT,Legitimate,493,"50,001-100,000",9
PAYMENT,Legitimate,493,"501-1,000",19
TRANSFER,Fraud,493,"1,000,001+",1
TRANSFER,Fraud,493,"100,001-500,000",1
TRANSFER,Fraud,493,"500,001-1,000,000",2
TRANSFER,Legitimate,493,"1,000,001+",75
TRANSFER,Legitimate,493,"10,001-50,000",4
TRANSFER,Legitimate,493,"100,001-500,000",46
TRANSFER,Legitimate,493,"50,001-100,000",4
TRANSFER,Legitimate,493,"500,001-1,000,000",33
CASH_OUT,Fraud,494,"1,000,001+",2
CASH_OUT,Fraud,494,"100,001-500,000",1
CASH_OUT,Fraud,494,"500,001-1,000,000",1
TRANSFER,Fraud,494,"1,000,001+",2
TRANSFER,Fraud,494,"100,001-500,000",1
TRANSFER,Fraud,494,"500,001-1,000,000",1
CASH_IN,Legitimate,495,"1,001-5,000",11
CASH_IN,Legitimate,495,"10,001-50,000",113
CASH_IN,Legitimate,495,"100,001-500,000",501
CASH_IN,Legitimate,495,"5,001-10,000",10
CASH_IN,Legitimate,495,"50,001-100,000",144
CASH_IN,Legitimate,495,"500,001-1,000,000",14
CASH_IN,Legitimate,495,"501-1,000",1
CASH_OUT,Fraud,495,"1,000,001+",2
CASH_OUT,Fraud,495,"100,001-500,000",3
CASH_OUT,Fraud,495,"50,001-100,000",1
CASH_OUT,Fraud,495,"500,001-1,000,000",2
CASH_OUT,Legitimate,495,"1,001-5,000",13
CASH_OUT,Legitimate,495,"10,001-50,000",169
CASH_OUT,Legitimate,495,"100,001-500,000",749
CASH_OUT,Legitimate,495,101-500,2
CASH_OUT,Legitimate,495,"5,001-10,000",21
CASH_OUT,Legitimate,495,"50,001-100,000",181
CASH_OUT,Legitimate,495,"500,001-1,000,000",20
CASH_OUT,Legitimate,495,"501-1,000",2
DEBIT,Legitimate,495,"1,001-5,000",4
DEBIT,Legitimate,495,"501-1,000",1
PAYMENT,Legitimate,495,0-100,4
PAYMENT,Legitimate,495,"1,001-5,000",193
PAYMENT,Legitimate,495,"10,001-50,000",479
PAYMENT,Legitimate,495,101-500,10
PAYMENT,Legitimate,495,"5,001-10,000",249
PAYMENT,Legitimate,495,"50,001-100,000",9
PAYMENT,Legitimate,495,"501-1,000",23
TRANSFER,Fraud,495,"1,000,001+",2
TRANSFER,Fraud,495,"100,001-500,000",3
TRANSFER,Fraud,495,"50,001-100,000",1
TRANSFER,Fraud,495,"500,001-1,000,000",2
TRANSFER,Legitimate,495,"1,000,001+",122
TRANSFER,Legitimate,495,"1,001-5,000",2
TRANSFER,Legitimate,495,"10,001-50,000",12
TRANSFER,Legitimate,495,"100,001-500,000",87
TRANSFER,Legitimate,495,"5,001-10,000",3
TRANSFER,Legitimate,495,"50,001-100,000",10
TRANSFER,Legitimate,495,"500,001-1,000,000",81
CASH_IN,Legitimate,496,0-100,1
CASH_IN,Legitimate,496,"1,001-5,000",5
CASH_IN,Legitimate,496,"10,001-50,000",31
CASH_IN,Legitimate,496,"100,001-500,000",147
CASH_IN,Legitimate,496,"5,001-10,000",5
CASH_IN,Legitimate,496,"50,001-100,000",24
CASH_IN,Legitimate,496,"500,001-1,000,000",5
CASH_IN,Legitimate,496,"501-1,000",1
CASH_OUT,Fraud,496,"10,001-50,000",1
CASH_OUT,Fraud,496,"100,001-500,000",1
CASH_OUT,Fraud,496,"500,001-1,000,000",1
CASH_OUT,Legitimate,496,"1,001-5,000",1
CASH_OUT,Legitimate,496,"10,001-50,000",25
CASH_OUT,Legitimate,496,"100,001-500,000",174
CASH_OUT,Legitimate,496,101-500,1
CASH_OUT,Legitimate,496,"5,001-10,000",2
CASH_OUT,Legitimate,496,"50,001-100,000",35
CASH_OUT,Legitimate,496,"500,001-1,000,000",3
DEBIT,Legitimate,496,0-100,1
DEBIT,Legitimate,496,"1,001-5,000",5
PAYMENT,Legitimate,496,"1,001-5,000",79
PAYMENT,Legitimate,496,"10,001-50,000",132
PAYMENT,Legitimate,496,"100,001-500,000",1
PAYMENT,Legitimate,496,101-500,8
PAYMENT,Legitimate,496,"5,001-10,000",68
PAYMENT,Legitimate,496,"50,001-100,000",5
PAYMENT,Legitimate,496,"501-1,000",8
TRANSFER,Fraud,496,"10,001-50,000",1
TRANSFER,Fraud,496,"100,001-500,000",1
TRANSFER,Fraud,496,"500,001-1,000,000",1
TRANSFER,Legitimate,496,"1,000,001+",19
TRANSFER,Legitimate,496,"1,001-5,000",1
TRANSFER,Legitimate,496,"10,001-50,000",5
TRANSFER,Legitimate,496,"100,001-500,000",42
TRANSFER,Legitimate,496,"50,001-100,000",3
TRANSFER,Legitimate,496,"500,001-1,000,000",30
CASH_OUT,Fraud,497,"1,000,001+",6
CASH_OUT,Fraud,497,"100,001-500,000",3
CASH_OUT,Fraud,497,"500,001-1,000,000",1
TRANSFER,Fraud,497,"1,000,001+",6
TRANSFER,Fraud,497,"100,001-500,000",3
TRANSFER,Fraud,497,"500,001-1,000,000",1
CASH_OUT,Fraud,498,"1,000,001+",3
CASH_OUT,Fraud,498,"100,001-500,000",2
CASH_OUT,Fraud,498,"50,001-100,000",1
TRANSFER,Fraud,498,"1,000,001+",3
TRANSFER,Fraud,498,"100,001-500,000",2
TRANSFER,Fraud,498,"50,001-100,000",1
CASH_OUT,Fraud,499,"10,001-50,000",1
CASH_OUT,Fraud,499,"100,001-500,000",2
CASH_OUT,Fraud,499,"500,001-1,000,000",2
TRANSFER,Fraud,499,"10,001-50,000",1
TRANSFER,Fraud,499,"100,001-500,000",2
TRANSFER,Fraud,499,"500,001-1,000,000",2
CASH_IN,Legitimate,500,"1,001-5,000",15
CASH_IN,Legitimate,500,"10,001-50,000",214
CASH_IN,Legitimate,500,"100,001-500,000",776
CASH_IN,Legitimate,500,101-500,4
CASH_IN,Legitimate,500,"5,001-10,000",19
CASH_IN,Legitimate,500,"50,001-100,000",255
CASH_IN,Legitimate,500,"500,001-1,000,000",12
CASH_IN,Legitimate,500,"501-1,000",1
CASH_OUT,Fraud,500,"10,001-50,000",1
CASH_OUT,Fraud,500,"500,001-1,000,000",1
CASH_OUT,Legitimate,500,"1,001-5,000",29
CASH_OUT,Legitimate,500,"10,001-50,000",358
CASH_OUT,Legitimate,500,"100,001-500,000",1092
CASH_OUT,Legitimate,500,101-500,5
CASH_OUT,Legitimate,500,"5,001-10,000",48
CASH_OUT,Legitimate,500,"50,001-100,000",436
CASH_OUT,Legitimate,500,"500,001-1,000,000",8
CASH_OUT,Legitimate,500,"501-1,000",3
DEBIT,Legitimate,500,"1,001-5,000",12
DEBIT,Legitimate,500,101-500,1
DEBIT,Legitimate,500,"501-1,000",5
PAYMENT,Legitimate,500,0-100,20
PAYMENT,Legitimate,500,"1,001-5,000",549
PAYMENT,Legitimate,500,"10,001-50,000",861
PAYMENT,Legitimate,500,"100,001-500,000",3
PAYMENT,Legitimate,500,101-500,60
PAYMENT,Legitimate,500,"5,001-10,000",596
PAYMENT,Legitimate,500,"50,001-100,000",39
PAYMENT,Legitimate,500,"501-1,000",66
TRANSFER,Fraud,500,"10,001-50,000",1
TRANSFER,Fraud,500,"500,001-1,000,000",1
TRANSFER,Legitimate,500,"1,000,001+",98
TRANSFER,Legitimate,500,"1,001-5,000",6
TRANSFER,Legitimate,500,"10,001-50,000",51
TRANSFER,Legitimate,500,"100,001-500,000",285
TRANSFER,Legitimate,500,101-500,1
TRANSFER,Legitimate,500,"5,001-10,000",3
TRANSFER,Legitimate,500,"50,001-100,000",56
TRANSFER,Legitimate,500,"500,001-1,000,000",115
TRANSFER,Legitimate,500,"501-1,000",2
CASH_OUT,Fraud,501,"1,000,001+",6
CASH_OUT,Fraud,501,"100,001-500,000",3
CASH_OUT,Fraud,501,"50,001-100,000",1
CASH_OUT,Fraud,501,"500,001-1,000,000",4
TRANSFER,Fraud,501,"1,000,001+",6
TRANSFER,Fraud,501,"100,001-500,000",3
TRANSFER,Fraud,501,"50,001-100,000",1
TRANSFER,Fraud,501,"500,001-1,000,000",4
CASH_IN,Legitimate,502,"1,001-5,000",5
CASH_IN,Legitimate,502,"10,001-50,000",17
CASH_IN,Legitimate,502,"100,001-500,000",62
CASH_IN,Legitimate,502,"5,001-10,000",1
CASH_IN,Legitimate,502,"50,001-100,000",29
CASH_IN,Legitimate,502,"500,001-1,000,000",4
CASH_OUT,Fraud,502,"1,000,001+",2
CASH_OUT,Fraud,502,"50,001-100,000",2
CASH_OUT,Fraud,502,"500,001-1,000,000",2
CASH_OUT,Legitimate,502,"1,001-5,000",1
CASH_OUT,Legitimate,502,"10,001-50,000",15
CASH_OUT,Legitimate,502,"100,001-500,000",36
CASH_OUT,Legitimate,502,"5,001-10,000",1
CASH_OUT,Legitimate,502,"50,001-100,000",22
CASH_OUT,Legitimate,502,"500,001-1,000,000",1
CASH_OUT,Legitimate,502,"501-1,000",1
DEBIT,Legitimate,502,"1,001-5,000",1
PAYMENT,Legitimate,502,0-100,1
PAYMENT,Legitimate,502,"1,001-5,000",31
PAYMENT,Legitimate,502,"10,001-50,000",27
PAYMENT,Legitimate,502,101-500,2
PAYMENT,Legitimate,502,"5,001-10,000",22
PAYMENT,Legitimate,502,"501-1,000",3
TRANSFER,Fraud,502,"1,000,001+",2
TRANSFER,Fraud,502,"50,001-100,000",2
TRANSFER,Fraud,502,"500,001-1,000,000",2
TRANSFER,Legitimate,502,"1,000,001+",2
TRANSFER,Legitimate,502,"100,001-500,000",10
TRANSFER,Legitimate,502,"50,001-100,000",3
TRANSFER,Legitimate,502,"500,001-1,000,000",4
CASH_IN,Legitimate,503,"1,001-5,000",2
CASH_IN,Legitimate,503,"10,001-50,000",59
CASH_IN,Legitimate,503,"100,001-500,000",194
CASH_IN,Legitimate,503,"5,001-10,000",7
CASH_IN,Legitimate,503,"50,001-100,000",61
CASH_IN,Legitimate,503,"500,001-1,000,000",4
CASH_IN,Legitimate,503,"501-1,000",1
CASH_OUT,Fraud,503,"100,001-500,000",1
CASH_OUT,Fraud,503,"50,001-100,000",1
CASH_OUT,Fraud,503,"500,001-1,000,000",3
CASH_OUT,Legitimate,503,0-100,1
CASH_OUT,Legitimate,503,"1,001-5,000",7
CASH_OUT,Legitimate,503,"10,001-50,000",51
CASH_OUT,Legitimate,503,"100,001-500,000",156
CASH_OUT,Legitimate,503,101-500,1
CASH_OUT,Legitimate,503,"5,001-10,000",7
CASH_OUT,Legitimate,503,"50,001-100,000",66
CASH_OUT,Legitimate,503,"500,001-1,000,000",3
DEBIT,Legitimate,503,"1,001-5,000",9
DEBIT,Legitimate,503,101-500,3
DEBIT,Legitimate,503,"501-1,000",2
PAYMENT,Legitimate,503,0-100,11
PAYMENT,Legitimate,503,"1,001-5,000",374
PAYMENT,Legitimate,503,"10,001-50,000",268
PAYMENT,Legitimate,503,101-500,41
PAYMENT,Legitimate,503,"5,001-10,000",345
PAYMENT,Legitimate,503,"50,001-100,000",9
PAYMENT,Legitimate,503,"501-1,000",50
TRANSFER,Fraud,503,"100,001-500,000",1
TRANSFER,Fraud,503,"50,001-100,000",1
TRANSFER,Fraud,503,"500,001-1,000,000",3
TRANSFER,Legitimate,503,"1,000,001+",25
TRANSFER,Legitimate,503,"1,001-5,000",2
TRANSFER,Legitimate,503,"10,001-50,000",9
TRANSFER,Legitimate,503,"100,001-500,000",61
TRANSFER,Legitimate,503,101-500,1
TRANSFER,Legitimate,503,"5,001-10,000",1
TRANSFER,Legitimate,503,"50,001-100,000",22
TRANSFER,Legitimate,503,"500,001-1,000,000",15
CASH_OUT,Fraud,504,"1,000,001+",2
CASH_OUT,Fraud,504,"100,001-500,000",3
TRANSFER,Fraud,504,"1,000,001+",2
TRANSFER,Fraud,504,"100,001-500,000",3
CASH_IN,Legitimate,505,"10,001-50,000",25
CASH_IN,Legitimate,505,"100,001-500,000",94
CASH_IN,Legitimate,505,"5,001-10,000",3
CASH_IN,Legitimate,505,"50,001-100,000",27
CASH_IN,Legitimate,505,"500,001-1,000,000",6
CASH_OUT,Fraud,505,"1,000,001+",3
CASH_OUT,Fraud,505,"500,001-1,000,000",1
CASH_OUT,Legitimate,505,"1,001-5,000",1
CASH_OUT,Legitimate,505,"10,001-50,000",13
CASH_OUT,Legitimate,505,"100,001-500,000",70
CASH_OUT,Legitimate,505,"5,001-10,000",2
CASH_OUT,Legitimate,505,"50,001-100,000",19
DEBIT,Legitimate,505,0-100,1
DEBIT,Legitimate,505,"1,001-5,000",16
DEBIT,Legitimate,505,101-500,7
DEBIT,Legitimate,505,"501-1,000",8
PAYMENT,Legitimate,505,0-100,5
PAYMENT,Legitimate,505,"1,001-5,000",158
PAYMENT,Legitimate,505,"10,001-50,000",195
PAYMENT,Legitimate,505,101-500,17
PAYMENT,Legitimate,505,"5,001-10,000",169
PAYMENT,Legitimate,505,"50,001-100,000",3
PAYMENT,Legitimate,505,"501-1,000",18
TRANSFER,Fraud,505,"1,000,001+",3
TRANSFER,Fraud,505,"500,001-1,000,000",1
TRANSFER,Legitimate,505,"1,000,001+",8
TRANSFER,Legitimate,505,"1,001-5,000",3
TRANSFER,Legitimate,505,"10,001-50,000",14
TRANSFER,Legitimate,505,"100,001-500,000",30
TRANSFER,Legitimate,505,"5,001-10,000",2
TRANSFER,Legitimate,505,"50,001-100,000",8
TRANSFER,Legitimate,505,"500,001-1,000,000",6
CASH_OUT,Fraud,506,"1,000,001+",3
CASH_OUT,Fraud,506,"500,001-1,000,000",1
TRANSFER,Fraud,506,"1,000,001+",3
TRANSFER,Fraud,506,"500,001-1,000,000",1
CASH_OUT,Fraud,507,"1,000,001+",3
CASH_OUT,Fraud,507,"100,001-500,000",3
CASH_OUT,Fraud,507,"500,001-1,000,000",1
TRANSFER,Fraud,507,"1,000,001+",3
TRANSFER,Fraud,507,"100,001-500,000",3
TRANSFER,Fraud,507,"500,001-1,000,000",1
CASH_OUT,Fraud,508,"100,001-500,000",3
TRANSFER,Fraud,508,"100,001-500,000",3
CASH_IN,Legitimate,509,"1,001-5,000",5
CASH_IN,Legitimate,509,"10,001-50,000",12
CASH_IN,Legitimate,509,"100,001-500,000",64
CASH_IN,Legitimate,509,"5,001-10,000",2
CASH_IN,Legitimate,509,"50,001-100,000",14
CASH_IN,Legitimate,509,"500,001-1,000,000",4
CASH_IN,Legitimate,509,"501-1,000",1
CASH_OUT,Fraud,509,"1,000,001+",2
CASH_OUT,Fraud,509,"10,001-50,000",2
CASH_OUT,Fraud,509,"100,001-500,000",3
CASH_OUT,Legitimate,509,"1,001-5,000",2
CASH_OUT,Legitimate,509,"10,001-50,000",4
CASH_OUT,Legitimate,509,"100,001-500,000",35
CASH_OUT,Legitimate,509,"5,001-10,000",2
CASH_OUT,Legitimate,509,"50,001-100,000",12
CASH_OUT,Legitimate,509,"500,001-1,000,000",1
DEBIT,Legitimate,509,"501-1,000",2
PAYMENT,Legitimate,509,0-100,1
PAYMENT,Legitimate,509,"1,001-5,000",51
PAYMENT,Legitimate,509,"10,001-50,000",5
PAYMENT,Legitimate,509,101-500,3
PAYMENT,Legitimate,509,"5,001-10,000",33
PAYMENT,Legitimate,509,"501-1,000",5
TRANSFER,Fraud,509,"1,000,001+",2
TRANSFER,Fraud,509,"10,001-50,000",2
TRANSFER,Fraud,509,"100,001-500,000",3
TRANSFER,Legitimate,509,"1,000,001+",2
TRANSFER,Legitimate,509,"100,001-500,000",10
TRANSFER,Legitimate,509,"50,001-100,000",3
TRANSFER,Legitimate,509,"500,001-1,000,000",1
CASH_OUT,Fraud,510,"1,000,001+",2
CASH_OUT,Fraud,510,"100,001-500,000",1
CASH_OUT,Fraud,510,"500,001-1,000,000",2
TRANSFER,Fraud,510,"1,000,001+",2
TRANSFER,Fraud,510,"100,001-500,000",1
TRANSFER,Fraud,510,"500,001-1,000,000",2
CASH_OUT,Fraud,511,"1,000,001+",1
CASH_OUT,Fraud,511,"1,001-5,000",1
CASH_OUT,Fraud,511,"100,001-500,000",1
TRANSFER,Fraud,511,"1,000,001+",1
TRANSFER,Fraud,511,"1,001-5,000",1
TRANSFER,Fraud,511,"100,001-500,000",1
CASH_OUT,Fraud,512,"1,000,001+",2
CASH_OUT,Fraud,512,"100,001-500,000",2
CASH_OUT,Fraud,512,"500,001-1,000,000",2
TRANSFER,Fraud,512,"1,000,001+",2
TRANSFER,Fraud,512,"100,001-500,000",2
TRANSFER,Fraud,512,"500,001-1,000,000",2
CASH_OUT,Fraud,513,"1,000,001+",1
CASH_OUT,Fraud,513,"100,001-500,000",4
TRANSFER,Fraud,513,"1,000,001+",1
TRANSFER,Fraud,513,"100,001-500,000",4
CASH_IN,Legitimate,514,0-100,1
CASH_IN,Legitimate,514,"1,001-5,000",24
CASH_IN,Legitimate,514,"10,001-50,000",281
CASH_IN,Legitimate,514,"100,001-500,000",1340
CASH_IN,Legitimate,514,101-500,4
CASH_IN,Legitimate,514,"5,001-10,000",38
CASH_IN,Legitimate,514,"50,001-100,000",358
CASH_IN,Legitimate,514,"500,001-1,000,000",33
CASH_IN,Legitimate,514,"501-1,000",3
CASH_OUT,Fraud,514,"1,000,001+",3
CASH_OUT,Fraud,514,"10,001-50,000",2
CASH_OUT,Fraud,514,"100,001-500,000",1
CASH_OUT,Fraud,514,"500,001-1,000,000",1
CASH_OUT,Legitimate,514,0-100,2
CASH_OUT,Legitimate,514,"1,001-5,000",31
CASH_OUT,Legitimate,514,"10,001-50,000",346
CASH_OUT,Legitimate,514,"100,001-500,000",1802
CASH_OUT,Legitimate,514,101-500,3
CASH_OUT,Legitimate,514,"5,001-10,000",38
CASH_OUT,Legitimate,514,"50,001-100,000",418
CASH_OUT,Legitimate,514,"500,001-1,000,000",85
CASH_OUT,Legitimate,514,"501-1,000",2
DEBIT,Legitimate,514,0-100,1
DEBIT,Legitimate,514,"1,001-5,000",34
DEBIT,Legitimate,514,"10,001-50,000",4
DEBIT,Legitimate,514,101-500,2
DEBIT,Legitimate,514,"5,001-10,000",14
DEBIT,Legitimate,514,"50,001-100,000",1
DEBIT,Legitimate,514,"501-1,000",10
PAYMENT,Legitimate,514,0-100,22
PAYMENT,Legitimate,514,"1,001-5,000",619
PAYMENT,Legitimate,514,"10,001-50,000",1488
PAYMENT,Legitimate,514,"100,001-500,000",3
PAYMENT,Legitimate,514,101-500,59
PAYMENT,Legitimate,514,"5,001-10,000",648
PAYMENT,Legitimate,514,"50,001-100,000",64
PAYMENT,Legitimate,514,"501-1,000",72
TRANSFER,Fraud,514,"1,000,001+",3
TRANSFER,Fraud,514,"10,001-50,000",2
TRANSFER,Fraud,514,"100,001-500,000",1
TRANSFER,Fraud,514,"500,001-1,000,000",1
TRANSFER,Legitimate,514,"1,000,001+",379
TRANSFER,Legitimate,514,"1,001-5,000",1
TRANSFER,Legitimate,514,"10,001-50,000",29
TRANSFER,Legitimate,514,"100,001-500,000",242
TRANSFER,Legitimate,514,101-500,1
TRANSFER,Legitimate,514,"5,001-10,000",5
TRANSFER,Legitimate,514,"50,001-100,000",38
TRANSFER,Legitimate,514,"500,001-1,000,000",174
CASH_OUT,Fraud,515,"10,001-50,000",1
CASH_OUT,Fraud,515,"100,001-500,000",2
TRANSFER,Fraud,515,"10,001-50,000",1
TRANSFER,Fraud,515,"100,001-500,000",2
CASH_OUT,Fraud,516,"1,000,001+",3
CASH_OUT,Fraud,516,"100,001-500,000",3
CASH_OUT,Fraud,516,"500,001-1,000,000",1
TRANSFER,Fraud,516,"1,000,001+",3
TRANSFER,Fraud,516,"100,001-500,000",3
TRANSFER,Fraud,516,"500,001-1,000,000",1
CASH_IN,Legitimate,517,"1,001-5,000",4
CASH_IN,Legitimate,517,"10,001-50,000",57
CASH_IN,Legitimate,517,"100,001-500,000",235
CASH_IN,Legitimate,517,"5,001-10,000",2
CASH_IN,Legitimate,517,"50,001-100,000",59
CASH_IN,Legitimate,517,"500,001-1,000,000",2
CASH_OUT,Fraud,517,"1,000,001+",1
CASH_OUT,Fraud,517,"500,001-1,000,000",2
CASH_OUT,Legitimate,517,"1,001-5,000",7
CASH_OUT,Legitimate,517,"10,001-50,000",59
CASH_OUT,Legitimate,517,"100,001-500,000",282
CASH_OUT,Legitimate,517,101-500,1
CASH_OUT,Legitimate,517,"5,001-10,000",5
CASH_OUT,Legitimate,517,"50,001-100,000",69
CASH_OUT,Legitimate,517,"500,001-1,000,000",6
CASH_OUT,Legitimate,517,"501-1,000",3
DEBIT,Legitimate,517,"1,001-5,000",7
PAYMENT,Legitimate,517,0-100,2
PAYMENT,Legitimate,517,"1,001-5,000",84
PAYMENT,Legitimate,517,"10,001-50,000",249
PAYMENT,Legitimate,517,"100,001-500,000",2
PAYMENT,Legitimate,517,101-500,10
PAYMENT,Legitimate,517,"5,001-10,000",93
PAYMENT,Legitimate,517,"50,001-100,000",33
PAYMENT,Legitimate,517,"501-1,000",11
TRANSFER,Fraud,517,"1,000,001+",1
TRANSFER,Fraud,517,"500,001-1,000,000",2
TRANSFER,Legitimate,517,"1,000,001+",18
TRANSFER,Legitimate,517,"1,001-5,000",1
TRANSFER,Legitimate,517,"10,001-50,000",7
TRANSFER,Legitimate,517,"100,001-500,000",40
TRANSFER,Legitimate,517,"5,001-10,000",2
TRANSFER,Legitimate,517,"50,001-100,000",6
TRANSFER,Legitimate,517,"500,001-1,000,000",29
CASH_IN,Legitimate,518,"1,001-5,000",6
CASH_IN,Legitimate,518,"10,001-50,000",99
CASH_IN,Legitimate,518,"100,001-500,000",552
CASH_IN,Legitimate,518,101-500,2
CASH_IN,Legitimate,518,"5,001-10,000",9
CASH_IN,Legitimate,518,"50,001-100,000",158
CASH_IN,Legitimate,518,"500,001-1,000,000",25
CASH_IN,Legitimate,518,"501-1,000",2
CASH_OUT,Fraud,518,"1,000,001+",1
CASH_OUT,Fraud,518,"10,001-50,000",1
CASH_OUT,Fraud,518,"100,001-500,000",1
CASH_OUT,Fraud,518,"50,001-100,000",1
CASH_OUT,Legitimate,518,0-100,1
CASH_OUT,Legitimate,518,"1,001-5,000",17
CASH_OUT,Legitimate,518,"10,001-50,000",155
CASH_OUT,Legitimate,518,"100,001-500,000",794
CASH_OUT,Legitimate,518,101-500,1
CASH_OUT,Legitimate,518,"5,001-10,000",19
CASH_OUT,Legitimate,518,"50,001-100,000",208
CASH_OUT,Legitimate,518,"500,001-1,000,000",15
CASH_OUT,Legitimate,518,"501-1,000",1
DEBIT,Legitimate,518,0-100,1
DEBIT,Legitimate,518,"1,001-5,000",12
DEBIT,Legitimate,518,"5,001-10,000",5
DEBIT,Legitimate,518,"501-1,000",4
PAYMENT,Legitimate,518,0-100,8
PAYMENT,Legitimate,518,"1,001-5,000",237
PAYMENT,Legitimate,518,"10,001-50,000",514
PAYMENT,Legitimate,518,"100,001-500,000",3
PAYMENT,Legitimate,518,101-500,28
PAYMENT,Legitimate,518,"5,001-10,000",245
PAYMENT,Legitimate,518,"50,001-100,000",18
PAYMENT,Legitimate,518,"501-1,000",27
TRANSFER,Fraud,518,"1,000,001+",1
TRANSFER,Fraud,518,"10,001-50,000",1
TRANSFER,Fraud,518,"100,001-500,000",1
TRANSFER,Fraud,518,"50,001-100,000",1
TRANSFER,Legitimate,518,"1,000,001+",81
TRANSFER,Legitimate,518,"1,001-5,000",1
TRANSFER,Legitimate,518,"10,001-50,000",8
TRANSFER,Legitimate,518,"100,001-500,000",136
TRANSFER,Legitimate,518,"5,001-10,000",4
TRANSFER,Legitimate,518,"50,001-100,000",11
TRANSFER,Legitimate,518,"500,001-1,000,000",72
TRANSFER,Legitimate,518,"501-1,000",1
CASH_OUT,Fraud,519,"1,000,001+",2
CASH_OUT,Fraud,519,"1,001-5,000",1
CASH_OUT,Fraud,519,"10,001-50,000",1
CASH_OUT,Fraud,519,"100,001-500,000",2
TRANSFER,Fraud,519,"1,000,001+",2
TRANSFER,Fraud,519,"1,001-5,000",1
TRANSFER,Fraud,519,"10,001-50,000",1
TRANSFER,Fraud,519,"100,001-500,000",2
CASH_IN,Legitimate,520,0-100,2
CASH_IN,Legitimate,520,"1,001-5,000",6
CASH_IN,Legitimate,520,"10,001-50,000",109
CASH_IN,Legitimate,520,"100,001-500,000",467
CASH_IN,Legitimate,520,101-500,1
CASH_IN,Legitimate,520,"5,001-10,000",8
CASH_IN,Legitimate,520,"50,001-100,000",120
CASH_IN,Legitimate,520,"500,001-1,000,000",20
CASH_IN,Legitimate,520,"501-1,000",3
CASH_OUT,Fraud,520,"1,000,001+",4
CASH_OUT,Fraud,520,"50,001-100,000",1
CASH_OUT,Fraud,520,"500,001-1,000,000",1
CASH_OUT,Legitimate,520,0-100,1
CASH_OUT,Legitimate,520,"1,001-5,000",8
CASH_OUT,Legitimate,520,"10,001-50,000",143
CASH_OUT,Legitimate,520,"100,001-500,000",665
CASH_OUT,Legitimate,520,101-500,1
CASH_OUT,Legitimate,520,"5,001-10,000",13
CASH_OUT,Legitimate,520,"50,001-100,000",186
CASH_OUT,Legitimate,520,"500,001-1,000,000",26
CASH_OUT,Legitimate,520,"501-1,000",2
DEBIT,Legitimate,520,0-100,2
DEBIT,Legitimate,520,"1,001-5,000",13
DEBIT,Legitimate,520,"5,001-10,000",2
DEBIT,Legitimate,520,"501-1,000",1
PAYMENT,Legitimate,520,0-100,6
PAYMENT,Legitimate,520,"1,001-5,000",200
PAYMENT,Legitimate,520,"10,001-50,000",495
PAYMENT,Legitimate,520,"100,001-500,000",1
PAYMENT,Legitimate,520,101-500,14
PAYMENT,Legitimate,520,"5,001-10,000",216
PAYMENT,Legitimate,520,"50,001-100,000",24
PAYMENT,Legitimate,520,"501-1,000",13
TRANSFER,Fraud,520,"1,000,001+",4
TRANSFER,Fraud,520,"50,001-100,000",1
TRANSFER,Fraud,520,"500,001-1,000,000",1
TRANSFER,Legitimate,520,"1,000,001+",81
TRANSFER,Legitimate,520,"1,001-5,000",1
TRANSFER,Legitimate,520,"10,001-50,000",10
TRANSFER,Legitimate,520,"100,001-500,000",92
TRANSFER,Legitimate,520,"50,001-100,000",14
TRANSFER,Legitimate,520,"500,001-1,000,000",59
CASH_OUT,Fraud,521,"1,000,001+",1
CASH_OUT,Fraud,521,"10,001-50,000",3
CASH_OUT,Fraud,521,"100,001-500,000",1
CASH_OUT,Fraud,521,"50,001-100,000",1
CASH_OUT,Fraud,521,"500,001-1,000,000",1
TRANSFER,Fraud,521,"1,000,001+",1
TRANSFER,Fraud,521,"10,001-50,000",3
TRANSFER,Fraud,521,"100,001-500,000",1
TRANSFER,Fraud,521,"50,001-100,000",1
TRANSFER,Fraud,521,"500,001-1,000,000",1
CASH_IN,Legitimate,522,"1,001-5,000",56
CASH_IN,Legitimate,522,"10,001-50,000",560
CASH_IN,Legitimate,522,"100,001-500,000",2586
CASH_IN,Legitimate,522,101-500,4
CASH_IN,Legitimate,522,"5,001-10,000",73
CASH_IN,Legitimate,522,"50,001-100,000",761
CASH_IN,Legitimate,522,"500,001-1,000,000",55
CASH_IN,Legitimate,522,"501-1,000",6
CASH_OUT,Fraud,522,"1,000,001+",2
CASH_OUT,Fraud,522,"100,001-500,000",2
CASH_OUT,Fraud,522,"50,001-100,000",2
CASH_OUT,Fraud,522,"500,001-1,000,000",1
CASH_OUT,Legitimate,522,0-100,1
CASH_OUT,Legitimate,522,"1,001-5,000",98
CASH_OUT,Legitimate,522,"10,001-50,000",1043
CASH_OUT,Legitimate,522,"100,001-500,000",4415
CASH_OUT,Legitimate,522,101-500,9
CASH_OUT,Legitimate,522,"5,001-10,000",121
CASH_OUT,Legitimate,522,"50,001-100,000",1308
CASH_OUT,Legitimate,522,"500,001-1,000,000",72
CASH_OUT,Legitimate,522,"501-1,000",10
DEBIT,Legitimate,522,0-100,3
DEBIT,Legitimate,522,"1,001-5,000",71
DEBIT,Legitimate,522,"10,001-50,000",3
DEBIT,Legitimate,522,101-500,6
DEBIT,Legitimate,522,"5,001-10,000",27
DEBIT,Legitimate,522,"501-1,000",11
PAYMENT,Legitimate,522,0-100,31
PAYMENT,Legitimate,522,"1,001-5,000",1307
PAYMENT,Legitimate,522,"10,001-50,000",2469
PAYMENT,Legitimate,522,"100,001-500,000",10
PAYMENT,Legitimate,522,101-500,133
PAYMENT,Legitimate,522,"5,001-10,000",1410
PAYMENT,Legitimate,522,"50,001-100,000",195
PAYMENT,Legitimate,522,"501-1,000",185
TRANSFER,Fraud,522,"1,000,001+",2
TRANSFER,Fraud,522,"100,001-500,000",2
TRANSFER,Fraud,522,"50,001-100,000",2
TRANSFER,Fraud,522,"500,001-1,000,000",1
TRANSFER,Legitimate,522,"1,000,001+",567
TRANSFER,Legitimate,522,"1,001-5,000",6
TRANSFER,Legitimate,522,"10,001-50,000",68
TRANSFER,Legitimate,522,"100,001-500,000",547
TRANSFER,Legitimate,522,101-500,1
TRANSFER,Legitimate,522,"5,001-10,000",8
TRANSFER,Legitimate,522,"50,001-100,000",72
TRANSFER,Legitimate,522,"500,001-1,000,000",309
CASH_OUT,Fraud,523,"1,000,001+",6
CASH_OUT,Fraud,523,"10,001-50,000",1
CASH_OUT,Fraud,523,"100,001-500,000",6
CASH_OUT,Fraud,523,"500,001-1,000,000",2
TRANSFER,Fraud,523,"1,000,001+",6
TRANSFER,Fraud,523,"10,001-50,000",1
TRANSFER,Fraud,523,"100,001-500,000",6
TRANSFER,Fraud,523,"500,001-1,000,000",2
CASH_IN,Legitimate,524,"1,001-5,000",5
CASH_IN,Legitimate,524,"10,001-50,000",95
CASH_IN,Legitimate,524,"100,001-500,000",414
CASH_IN,Legitimate,524,101-500,1
CASH_IN,Legitimate,524,"5,001-10,000",17
CASH_IN,Legitimate,524,"50,001-100,000",154
CASH_IN,Legitimate,524,"500,001-1,000,000",5
CASH_IN,Legitimate,524,"501-1,000",2
CASH_OUT,Fraud,524,"100,001-500,000",2
CASH_OUT,Legitimate,524,0-100,1
CASH_OUT,Legitimate,524,"1,001-5,000",11
CASH_OUT,Legitimate,524,"10,001-50,000",142
CASH_OUT,Legitimate,524,"100,001-500,000",448
CASH_OUT,Legitimate,524,101-500,2
CASH_OUT,Legitimate,524,"5,001-10,000",12
CASH_OUT,Legitimate,524,"50,001-100,000",149
CASH_OUT,Legitimate,524,"500,001-1,000,000",9
DEBIT,Legitimate,524,"1,001-5,000",11
DEBIT,Legitimate,524,101-500,4
DEBIT,Legitimate,524,"501-1,000",3
PAYMENT,Legitimate,524,0-100,2
PAYMENT,Legitimate,524,"1,001-5,000",119
PAYMENT,Legitimate,524,"10,001-50,000",561
PAYMENT,Legitimate,524,"100,001-500,000",1
PAYMENT,Legitimate,524,101-500,17
PAYMENT,Legitimate,524,"5,001-10,000",164
PAYMENT,Legitimate,524,"50,001-100,000",48
PAYMENT,Legitimate,524,"501-1,000",17
TRANSFER,Fraud,524,"100,001-500,000",2
TRANSFER,Legitimate,524,"1,000,001+",34
TRANSFER,Legitimate,524,"10,001-50,000",13
TRANSFER,Legitimate,524,"100,001-500,000",115
TRANSFER,Legitimate,524,101-500,1
TRANSFER,Legitimate,524,"5,001-10,000",4
TRANSFER,Legitimate,524,"50,001-100,000",25
TRANSFER,Legitimate,524,"500,001-1,000,000",54
CASH_IN,Legitimate,525,0-100,2
CASH_IN,Legitimate,525,"1,001-5,000",33
CASH_IN,Legitimate,525,"10,001-50,000",289
CASH_IN,Legitimate,525,"100,001-500,000",979
CASH_IN,Legitimate,525,101-500,5
CASH_IN,Legitimate,525,"5,001-10,000",28
CASH_IN,Legitimate,525,"50,001-100,000",348
CASH_IN,Legitimate,525,"500,001-1,000,000",29
CASH_IN,Legitimate,525,"501-1,000",1
CASH_OUT,Fraud,525,"100,001-500,000",1
CASH_OUT,Legitimate,525,"1,001-5,000",31
CASH_OUT,Legitimate,525,"10,001-50,000",332
CASH_OUT,Legitimate,525,"100,001-500,000",1195
CASH_OUT,Legitimate,525,"5,001-10,000",53
CASH_OUT,Legitimate,525,"50,001-100,000",439
CASH_OUT,Legitimate,525,"500,001-1,000,000",12
CASH_OUT,Legitimate,525,"501-1,000",3
DEBIT,Legitimate,525,0-100,2
DEBIT,Legitimate,525,"1,001-5,000",100
DEBIT,Legitimate,525,"10,001-50,000",2
DEBIT,Legitimate,525,101-500,9
DEBIT,Legitimate,525,"5,001-10,000",5
DEBIT,Legitimate,525,"50,001-100,000",1
DEBIT,Legitimate,525,"501-1,000",8
PAYMENT,Legitimate,525,0-100,11
PAYMENT,Legitimate,525,"1,001-5,000",478
PAYMENT,Legitimate,525,"10,001-50,000",1971
PAYMENT,Legitimate,525,"100,001-500,000",11
PAYMENT,Legitimate,525,101-500,36
PAYMENT,Legitimate,525,"5,001-10,000",570
PAYMENT,Legitimate,525,"50,001-100,000",281
PAYMENT,Legitimate,525,"501-1,000",60
TRANSFER,Fraud,525,"100,001-500,000",1
TRANSFER,Legitimate,525,"1,000,001+",88
TRANSFER,Legitimate,525,"1,001-5,000",3
TRANSFER,Legitimate,525,"10,001-50,000",42
TRANSFER,Legitimate,525,"100,001-500,000",373
TRANSFER,Legitimate,525,101-500,1
TRANSFER,Legitimate,525,"5,001-10,000",6
TRANSFER,Legitimate,525,"50,001-100,000",70
TRANSFER,Legitimate,525,"500,001-1,000,000",114
CASH_IN,Legitimate,526,"1,001-5,000",8
CASH_IN,Legitimate,526,"10,001-50,000",81
CASH_IN,Legitimate,526,"100,001-500,000",315
CASH_IN,Legitimate,526,101-500,1
CASH_IN,Legitimate,526,"5,001-10,000",5
CASH_IN,Legitimate,526,"50,001-100,000",114
CASH_IN,Legitimate,526,"500,001-1,000,000",6
CASH_IN,Legitimate,526,"501-1,000",3
CASH_OUT,Fraud,526,"100,001-500,000",5
CASH_OUT,Fraud,526,"500,001-1,000,000",1
CASH_OUT,Legitimate,526,"1,001-5,000",16
CASH_OUT,Legitimate,526,"10,001-50,000",92
CASH_OUT,Legitimate,526,"100,001-500,000",284
CASH_OUT,Legitimate,526,"5,001-10,000",15
CASH_OUT,Legitimate,526,"50,001-100,000",108
CASH_OUT,Legitimate,526,"500,001-1,000,000",8
DEBIT,Legitimate,526,"1,001-5,000",14
DEBIT,Legitimate,526,"10,001-50,000",3
DEBIT,Legitimate,526,"5,001-10,000",22
DEBIT,Legitimate,526,"501-1,000",3
PAYMENT,Legitimate,526,0-100,8
PAYMENT,Legitimate,526,"1,001-5,000",378
PAYMENT,Legitimate,526,"10,001-50,000",323
PAYMENT,Legitimate,526,"100,001-500,000",3
PAYMENT,Legitimate,526,101-500,33
PAYMENT,Legitimate,526,"5,001-10,000",310
PAYMENT,Legitimate,526,"50,001-100,000",8
PAYMENT,Legitimate,526,"501-1,000",60
TRANSFER,Fraud,526,"100,001-500,000",5
TRANSFER,Fraud,526,"500,001-1,000,000",1
TRANSFER,Legitimate,526,"1,000,001+",26
TRANSFER,Legitimate,526,"1,001-5,000",2
TRANSFER,Legitimate,526,"10,001-50,000",15
TRANSFER,Legitimate,526,"100,001-500,000",111
TRANSFER,Legitimate,526,101-500,1
TRANSFER,Legitimate,526,"5,001-10,000",2
TRANSFER,Legitimate,526,"50,001-100,000",30
TRANSFER,Legitimate,526,"500,001-1,000,000",50
CASH_IN,Legitimate,527,0-100,1
CASH_IN,Legitimate,527,"1,001-5,000",12
CASH_IN,Legitimate,527,"10,001-50,000",92
CASH_IN,Legitimate,527,"100,001-500,000",300
CASH_IN,Legitimate,527,"5,001-10,000",15
CASH_IN,Legitimate,527,"50,001-100,000",90
CASH_IN,Legitimate,527,"500,001-1,000,000",6
CASH_IN,Legitimate,527,"501-1,000",2
CASH_OUT,Fraud,527,"1,000,001+",1
CASH_OUT,Fraud,527,"5,001-10,000",1
CASH_OUT,Fraud,527,"50,001-100,000",1
CASH_OUT,Legitimate,527,"1,001-5,000",7
CASH_OUT,Legitimate,527,"10,001-50,000",58
CASH_OUT,Legitimate,527,"100,001-500,000",289
CASH_OUT,Legitimate,527,101-500,2
CASH_OUT,Legitimate,527,"5,001-10,000",13
CASH_OUT,Legitimate,527,"50,001-100,000",104
CASH_OUT,Legitimate,527,"500,001-1,000,000",6
CASH_OUT,Legitimate,527,"501-1,000",1
DEBIT,Legitimate,527,"1,001-5,000",26
DEBIT,Legitimate,527,"10,001-50,000",2
DEBIT,Legitimate,527,101-500,3
DEBIT,Legitimate,527,"5,001-10,000",4
DEBIT,Legitimate,527,"501-1,000",4
PAYMENT,Legitimate,527,0-100,14
PAYMENT,Legitimate,527,"1,001-5,000",555
PAYMENT,Legitimate,527,"10,001-50,000",345
PAYMENT,Legitimate,527,"100,001-500,000",1
PAYMENT,Legitimate,527,101-500,46
PAYMENT,Legitimate,527,"5,001-10,000",391
PAYMENT,Legitimate,527,"50,001-100,000",14
PAYMENT,Legitimate,527,"501-1,000",68
TRANSFER,Fraud,527,"1,000,001+",1
TRANSFER,Fraud,527,"5,001-10,000",1
TRANSFER,Fraud,527,"50,001-100,000",1
TRANSFER,Legitimate,527,"1,000,001+",24
TRANSFER,Legitimate,527,"1,001-5,000",3
TRANSFER,Legitimate,527,"10,001-50,000",14
TRANSFER,Legitimate,527,"100,001-500,000",101
TRANSFER,Legitimate,527,"5,001-10,000",1
TRANSFER,Legitimate,527,"50,001-100,000",22
TRANSFER,Legitimate,527,"500,001-1,000,000",55
CASH_IN,Legitimate,528,"1,001-5,000",1
CASH_IN,Legitimate,528,"10,001-50,000",19
CASH_IN,Legitimate,528,"100,001-500,000",102
CASH_IN,Legitimate,528,"5,001-10,000",4
CASH_IN,Legitimate,528,"50,001-100,000",30
CASH_IN,Legitimate,528,"500,001-1,000,000",2
CASH_IN,Legitimate,528,"501-1,000",1
CASH_OUT,Fraud,528,"1,000,001+",2
CASH_OUT,Fraud,528,"10,001-50,000",1
CASH_OUT,Fraud,528,"100,001-500,000",3
CASH_OUT,Fraud,528,"500,001-1,000,000",1
CASH_OUT,Legitimate,528,"1,001-5,000",1
CASH_OUT,Legitimate,528,"10,001-50,000",15
CASH_OUT,Legitimate,528,"100,001-500,000",63
CASH_OUT,Legitimate,528,"50,001-100,000",26
CASH_OUT,Legitimate,528,"500,001-1,000,000",3
CASH_OUT,Legitimate,528,"501-1,000",1
DEBIT,Legitimate,528,0-100,1
DEBIT,Legitimate,528,"1,001-5,000",13
DEBIT,Legitimate,528,101-500,7
DEBIT,Legitimate,528,"501-1,000",7
PAYMENT,Legitimate,528,0-100,4
PAYMENT,Legitimate,528,"1,001-5,000",184
PAYMENT,Legitimate,528,"10,001-50,000",135
PAYMENT,Legitimate,528,"100,001-500,000",1
PAYMENT,Legitimate,528,101-500,27
PAYMENT,Legitimate,528,"5,001-10,000",183
PAYMENT,Legitimate,528,"50,001-100,000",4
PAYMENT,Legitimate,528,"501-1,000",28
TRANSFER,Fraud,528,"1,000,001+",2
TRANSFER,Fraud,528,"10,001-50,000",1
TRANSFER,Fraud,528,"100,001-500,000",3
TRANSFER,Fraud,528,"500,001-1,000,000",1
TRANSFER,Legitimate,528,"1,000,001+",9
TRANSFER,Legitimate,528,"1,001-5,000",1
TRANSFER,Legitimate,528,"10,001-50,000",8
TRANSFER,Legitimate,528,"100,001-500,000",29
TRANSFER,Legitimate,528,"5,001-10,000",1
TRANSFER,Legitimate,528,"50,001-100,000",6
TRANSFER,Legitimate,528,"500,001-1,000,000",7
CASH_OUT,Fraud,529,"1,000,001+",3
CASH_OUT,Legitimate,529,"10,001-50,000",4
CASH_OUT,Legitimate,529,"100,001-500,000",9
CASH_OUT,Legitimate,529,"50,001-100,000",4
PAYMENT,Legitimate,529,"1,001-5,000",3
PAYMENT,Legitimate,529,"501-1,000",2
TRANSFER,Fraud,529,"1,000,001+",3
TRANSFER,Legitimate,529,"1,000,001+",1
TRANSFER,Legitimate,529,"100,001-500,000",3
TRANSFER,Legitimate,529,"500,001-1,000,000",1
CASH_IN,Legitimate,530,"1,001-5,000",2
CASH_IN,Legitimate,530,"10,001-50,000",17
CASH_IN,Legitimate,530,"100,001-500,000",75
CASH_IN,Legitimate,530,"5,001-10,000",1
CASH_IN,Legitimate,530,"50,001-100,000",24
CASH_IN,Legitimate,530,"500,001-1,000,000",2
CASH_OUT,Fraud,530,"10,001-50,000",1
CASH_OUT,Fraud,530,"100,001-500,000",3
CASH_OUT,Legitimate,530,"1,001-5,000",1
CASH_OUT,Legitimate,530,"10,001-50,000",12
CASH_OUT,Legitimate,530,"100,001-500,000",52
CASH_OUT,Legitimate,530,"50,001-100,000",14
DEBIT,Legitimate,530,0-100,1
DEBIT,Legitimate,530,"1,001-5,000",21
DEBIT,Legitimate,530,101-500,5
DEBIT,Legitimate,530,"5,001-10,000",1
PAYMENT,Legitimate,530,"1,001-5,000",70
PAYMENT,Legitimate,530,"10,001-50,000",22
PAYMENT,Legitimate,530,101-500,4
PAYMENT,Legitimate,530,"5,001-10,000",30
PAYMENT,Legitimate,530,"50,001-100,000",2
PAYMENT,Legitimate,530,"501-1,000",9
TRANSFER,Fraud,530,"10,001-50,000",1
TRANSFER,Fraud,530,"100,001-500,000",3
TRANSFER,Legitimate,530,"1,000,001+",2
TRANSFER,Legitimate,530,"10,001-50,000",1
TRANSFER,Legitimate,530,"100,001-500,000",23
TRANSFER,Legitimate,530,"5,001-10,000",1
TRANSFER,Legitimate,530,"50,001-100,000",1
TRANSFER,Legitimate,530,"500,001-1,000,000",8
CASH_IN,Legitimate,531,"1,001-5,000",1
CASH_IN,Legitimate,531,"10,001-50,000",6
CASH_IN,Legitimate,531,"100,001-500,000",62
CASH_IN,Legitimate,531,"5,001-10,000",1
CASH_IN,Legitimate,531,"50,001-100,000",22
CASH_IN,Legitimate,531,"500,001-1,000,000",2
CASH_OUT,Fraud,531,"1,000,001+",3
CASH_OUT,Fraud,531,"1,001-5,000",1
CASH_OUT,Fraud,531,"10,001-50,000",2
CASH_OUT,Fraud,531,"500,001-1,000,000",1
CASH_OUT,Legitimate,531,"1,001-5,000",1
CASH_OUT,Legitimate,531,"10,001-50,000",9
CASH_OUT,Legitimate,531,"100,001-500,000",22
CASH_OUT,Legitimate,531,"50,001-100,000",2
CASH_OUT,Legitimate,531,"500,001-1,000,000",1
DEBIT,Legitimate,531,"1,001-5,000",5
DEBIT,Legitimate,531,101-500,2
DEBIT,Legitimate,531,"501-1,000",6
PAYMENT,Legitimate,531,"1,001-5,000",26
PAYMENT,Legitimate,531,"10,001-50,000",19
PAYMENT,Legitimate,531,101-500,2
PAYMENT,Legitimate,531,"5,001-10,000",25
PAYMENT,Legitimate,531,"501-1,000",3
TRANSFER,Fraud,531,"1,000,001+",3
TRANSFER,Fraud,531,"1,001-5,000",1
TRANSFER,Fraud,531,"10,001-50,000",2
TRANSFER,Fraud,531,"500,001-1,000,000",1
TRANSFER,Legitimate,531,"1,000,001+",4
TRANSFER,Legitimate,531,"100,001-500,000",10
TRANSFER,Legitimate,531,"50,001-100,000",1
TRANSFER,Legitimate,531,"500,001-1,000,000",4
CASH_OUT,Fraud,532,"100,001-500,000",2
CASH_OUT,Fraud,532,"500,001-1,000,000",1
CASH_OUT,Legitimate,532,"10,001-50,000",5
CASH_OUT,Legitimate,532,"100,001-500,000",20
CASH_OUT,Legitimate,532,"50,001-100,000",4
DEBIT,Legitimate,532,"1,001-5,000",3
PAYMENT,Legitimate,532,0-100,1
PAYMENT,Legitimate,532,"1,001-5,000",17
PAYMENT,Legitimate,532,"10,001-50,000",9
PAYMENT,Legitimate,532,"5,001-10,000",17
PAYMENT,Legitimate,532,"501-1,000",2
TRANSFER,Fraud,532,"100,001-500,000",2
TRANSFER,Fraud,532,"500,001-1,000,000",1
TRANSFER,Legitimate,532,"1,000,001+",1
TRANSFER,Legitimate,532,"10,001-50,000",1
TRANSFER,Legitimate,532,"100,001-500,000",6
TRANSFER,Legitimate,532,"50,001-100,000",2
TRANSFER,Legitimate,532,"500,001-1,000,000",1
CASH_OUT,Fraud,533,"1,000,001+",2
CASH_OUT,Fraud,533,"10,001-50,000",1
CASH_OUT,Fraud,533,"100,001-500,000",2
CASH_OUT,Fraud,533,"500,001-1,000,000",1
TRANSFER,Fraud,533,"1,000,001+",2
TRANSFER,Fraud,533,"10,001-50,000",1
TRANSFER,Fraud,533,"100,001-500,000",2
TRANSFER,Fraud,533,"500,001-1,000,000",1
CASH_IN,Legitimate,534,"1,001-5,000",3
CASH_IN,Legitimate,534,"10,001-50,000",16
CASH_IN,Legitimate,534,"100,001-500,000",86
CASH_IN,Legitimate,534,"5,001-10,000",3
CASH_IN,Legitimate,534,"50,001-100,000",24
CASH_IN,Legitimate,534,"500,001-1,000,000",3
CASH_OUT,Fraud,534,"1,000,001+",1
CASH_OUT,Fraud,534,"100,001-500,000",3
CASH_OUT,Fraud,534,"500,001-1,000,000",2
CASH_OUT,Legitimate,534,"10,001-50,000",8
CASH_OUT,Legitimate,534,"100,001-500,000",42
CASH_OUT,Legitimate,534,"5,001-10,000",2
CASH_OUT,Legitimate,534,"50,001-100,000",13
CASH_OUT,Legitimate,534,"500,001-1,000,000",3
DEBIT,Legitimate,534,"1,001-5,000",4
DEBIT,Legitimate,534,101-500,5
DEBIT,Legitimate,534,"501-1,000",3
PAYMENT,Legitimate,534,0-100,4
PAYMENT,Legitimate,534,"1,001-5,000",122
PAYMENT,Legitimate,534,"10,001-50,000",54
PAYMENT,Legitimate,534,"100,001-500,000",1
PAYMENT,Legitimate,534,101-500,14
PAYMENT,Legitimate,534,"5,001-10,000",60
PAYMENT,Legitimate,534,"50,001-100,000",6
PAYMENT,Legitimate,534,"501-1,000",25
TRANSFER,Fraud,534,"1,000,001+",1
TRANSFER,Fraud,534,"100,001-500,000",3
TRANSFER,Fraud,534,"500,001-1,000,000",2
TRANSFER,Legitimate,534,"1,000,001+",1
TRANSFER,Legitimate,534,"10,001-50,000",3
TRANSFER,Legitimate,534,"100,001-500,000",10
TRANSFER,Legitimate,534,"50,001-100,000",3
TRANSFER,Legitimate,534,"500,001-1,000,000",1
CASH_OUT,Fraud,535,"50,001-100,000",1
CASH_OUT,Fraud,535,"500,001-1,000,000",2
TRANSFER,Fraud,535,"50,001-100,000",1
TRANSFER,Fraud,535,"500,001-1,000,000",2
CASH_OUT,Fraud,536,"1,000,001+",1
CASH_OUT,Fraud,536,"100,001-500,000",3
CASH_OUT,Fraud,536,"500,001-1,000,000",2
TRANSFER,Fraud,536,"1,000,001+",1
TRANSFER,Fraud,536,"100,001-500,000",3
TRANSFER,Fraud,536,"500,001-1,000,000",2
CASH_OUT,Fraud,537,"1,000,001+",1
CASH_OUT,Fraud,537,"1,001-5,000",1
CASH_OUT,Fraud,537,"10,001-50,000",2
CASH_OUT,Fraud,537,"100,001-500,000",4
CASH_OUT,Fraud,537,"50,001-100,000",1
TRANSFER,Fraud,537,"1,000,001+",1
TRANSFER,Fraud,537,"1,001-5,000",1
TRANSFER,Fraud,537,"10,001-50,000",2
TRANSFER,Fraud,537,"100,001-500,000",4
TRANSFER,Fraud,537,"50,001-100,000",1
CASH_IN,Legitimate,538,0-100,1
CASH_IN,Legitimate,538,"1,001-5,000",17
CASH_IN,Legitimate,538,"10,001-50,000",121
CASH_IN,Legitimate,538,"100,001-500,000",548
CASH_IN,Legitimate,538,101-500,2
CASH_IN,Legitimate,538,"5,001-10,000",15
CASH_IN,Legitimate,538,"50,001-100,000",143
CASH_IN,Legitimate,538,"500,001-1,000,000",10
CASH_IN,Legitimate,538,"501-1,000",1
CASH_OUT,Fraud,538,"1,000,001+",3
CASH_OUT,Fraud,538,"10,001-50,000",1
CASH_OUT,Fraud,538,"100,001-500,000",1
CASH_OUT,Legitimate,538,"1,001-5,000",15
CASH_OUT,Legitimate,538,"10,001-50,000",143
CASH_OUT,Legitimate,538,"100,001-500,000",719
CASH_OUT,Legitimate,538,101-500,3
CASH_OUT,Legitimate,538,"5,001-10,000",13
CASH_OUT,Legitimate,538,"50,001-100,000",168
CASH_OUT,Legitimate,538,"500,001-1,000,000",18
CASH_OUT,Legitimate,538,"501-1,000",1
DEBIT,Legitimate,538,"1,001-5,000",5
DEBIT,Legitimate,538,"10,001-50,000",1
DEBIT,Legitimate,538,101-500,1
DEBIT,Legitimate,538,"5,001-10,000",5
DEBIT,Legitimate,538,"501-1,000",1
PAYMENT,Legitimate,538,0-100,2
PAYMENT,Legitimate,538,"1,001-5,000",187
PAYMENT,Legitimate,538,"10,001-50,000",377
PAYMENT,Legitimate,538,"100,001-500,000",1
PAYMENT,Legitimate,538,101-500,23
PAYMENT,Legitimate,538,"5,001-10,000",249
PAYMENT,Legitimate,538,"50,001-100,000",20
PAYMENT,Legitimate,538,"501-1,000",27
TRANSFER,Fraud,538,"1,000,001+",3
TRANSFER,Fraud,538,"10,001-50,000",1
TRANSFER,Fraud,538,"100,001-500,000",1
TRANSFER,Legitimate,538,"1,000,001+",118
TRANSFER,Legitimate,538,"10,001-50,000",12
TRANSFER,Legitimate,538,"100,001-500,000",89
TRANSFER,Legitimate,538,"50,001-100,000",6
TRANSFER,Legitimate,538,"500,001-1,000,000",48
CASH_OUT,Fraud,539,"100,001-500,000",1
CASH_OUT,Fraud,539,"50,001-100,000",1
TRANSFER,Fraud,539,"100,001-500,000",1
TRANSFER,Fraud,539,"50,001-100,000",1
CASH_IN,Legitimate,540,"1,001-5,000",8
CASH_IN,Legitimate,540,"10,001-50,000",115
CASH_IN,Legitimate,540,"100,001-500,000",732
CASH_IN,Legitimate,540,101-500,2
CASH_IN,Legitimate,540,"5,001-10,000",22
CASH_IN,Legitimate,540,"50,001-100,000",168
CASH_IN,Legitimate,540,"500,001-1,000,000",27
CASH_IN,Legitimate,540,"501-1,000",2
CASH_OUT,Fraud,540,"1,000,001+",2
CASH_OUT,Fraud,540,"100,001-500,000",1
CASH_OUT,Legitimate,540,"1,001-5,000",8
CASH_OUT,Legitimate,540,"10,001-50,000",185
CASH_OUT,Legitimate,540,"100,001-500,000",1137
CASH_OUT,Legitimate,540,101-500,3
CASH_OUT,Legitimate,540,"5,001-10,000",35
CASH_OUT,Legitimate,540,"50,001-100,000",302
CASH_OUT,Legitimate,540,"500,001-1,000,000",30
CASH_OUT,Legitimate,540,"501-1,000",3
DEBIT,Legitimate,540,"1,001-5,000",20
DEBIT,Legitimate,540,"10,001-50,000",8
DEBIT,Legitimate,540,101-500,2
DEBIT,Legitimate,540,"5,001-10,000",11
DEBIT,Legitimate,540,"501-1,000",2
PAYMENT,Legitimate,540,0-100,15
PAYMENT,Legitimate,540,"1,001-5,000",372
PAYMENT,Legitimate,540,"10,001-50,000",1066
PAYMENT,Legitimate,540,"100,001-500,000",2
PAYMENT,Legitimate,540,101-500,37
PAYMENT,Legitimate,540,"5,001-10,000",467
PAYMENT,Legitimate,540,"50,001-100,000",42
PAYMENT,Legitimate,540,"501-1,000",47
TRANSFER,Fraud,540,"1,000,001+",2
TRANSFER,Fraud,540,"100,001-500,000",1
TRANSFER,Legitimate,540,"1,000,001+",189
TRANSFER,Legitimate,540,"1,001-5,000",5
TRANSFER,Legitimate,540,"10,001-50,000",20
TRANSFER,Legitimate,540,"100,001-500,000",194
TRANSFER,Legitimate,540,"5,001-10,000",5
TRANSFER,Legitimate,540,"50,001-100,000",29
TRANSFER,Legitimate,540,"500,001-1,000,000",158
CASH_OUT,Fraud,541,"1,000,001+",4
CASH_OUT,Fraud,541,"100,001-500,000",2
TRANSFER,Fraud,541,"1,000,001+",4
TRANSFER,Fraud,541,"100,001-500,000",2
CASH_IN,Legitimate,542,"1,001-5,000",14
CASH_IN,Legitimate,542,"10,001-50,000",145
CASH_IN,Legitimate,542,"100,001-500,000",656
CASH_IN,Legitimate,542,101-500,1
CASH_IN,Legitimate,542,"5,001-10,000",13
CASH_IN,Legitimate,542,"50,001-100,000",171
CASH_IN,Legitimate,542,"500,001-1,000,000",12
CASH_IN,Legitimate,542,"501-1,000",1
CASH_OUT,Fraud,542,"1,000,001+",3
CASH_OUT,Fraud,542,"100,001-500,000",1
CASH_OUT,Fraud,542,"500,001-1,000,000",1
CASH_OUT,Legitimate,542,0-100,1
CASH_OUT,Legitimate,542,"1,001-5,000",13
CASH_OUT,Legitimate,542,"10,001-50,000",212
CASH_OUT,Legitimate,542,"100,001-500,000",962
CASH_OUT,Legitimate,542,101-500,2
CASH_OUT,Legitimate,542,"5,001-10,000",32
CASH_OUT,Legitimate,542,"50,001-100,000",267
CASH_OUT,Legitimate,542,"500,001-1,000,000",23
CASH_OUT,Legitimate,542,"501-1,000",1
DEBIT,Legitimate,542,0-100,1
DEBIT,Legitimate,542,"1,001-5,000",10
DEBIT,Legitimate,542,101-500,2
DEBIT,Legitimate,542,"5,001-10,000",2
PAYMENT,Legitimate,542,0-100,4
PAYMENT,Legitimate,542,"1,001-5,000",234
PAYMENT,Legitimate,542,"10,001-50,000",824
PAYMENT,Legitimate,542,"100,001-500,000",2
PAYMENT,Legitimate,542,101-500,24
PAYMENT,Legitimate,542,"5,001-10,000",241
PAYMENT,Legitimate,542,"50,001-100,000",51
PAYMENT,Legitimate,542,"501-1,000",52
TRANSFER,Fraud,542,"1,000,001+",3
TRANSFER,Fraud,542,"100,001-500,000",1
TRANSFER,Fraud,542,"500,001-1,000,000",1
TRANSFER,Legitimate,542,"1,000,001+",81
TRANSFER,Legitimate,542,"1,001-5,000",3
TRANSFER,Legitimate,542,"10,001-50,000",25
TRANSFER,Legitimate,542,"100,001-500,000",219
TRANSFER,Legitimate,542,"5,001-10,000",3
TRANSFER,Legitimate,542,"50,001-100,000",27
TRANSFER,Legitimate,542,"500,001-1,000,000",133
TRANSFER,Legitimate,542,"501-1,000",1
CASH_OUT,Fraud,543,"1,000,001+",1
CASH_OUT,Fraud,543,"50,001-100,000",2
TRANSFER,Fraud,543,"1,000,001+",1
TRANSFER,Fraud,543,"50,001-100,000",2
CASH_IN,Legitimate,544,"1,001-5,000",43
CASH_IN,Legitimate,544,"10,001-50,000",315
CASH_IN,Legitimate,544,"100,001-500,000",1508
CASH_IN,Legitimate,544,101-500,3
CASH_IN,Legitimate,544,"5,001-10,000",33
CASH_IN,Legitimate,544,"50,001-100,000",401
CASH_IN,Legitimate,544,"500,001-1,000,000",37
CASH_IN,Legitimate,544,"501-1,000",1
CASH_OUT,Fraud,544,"10,001-50,000",1
CASH_OUT,Fraud,544,"100,001-500,000",2
CASH_OUT,Legitimate,544,0-100,3
CASH_OUT,Legitimate,544,"1,001-5,000",50
CASH_OUT,Legitimate,544,"10,001-50,000",411
CASH_OUT,Legitimate,544,"100,001-500,000",2100
CASH_OUT,Legitimate,544,101-500,1
CASH_OUT,Legitimate,544,"5,001-10,000",43
CASH_OUT,Legitimate,544,"50,001-100,000",526
CASH_OUT,Legitimate,544,"500,001-1,000,000",52
CASH_OUT,Legitimate,544,"501-1,000",4
DEBIT,Legitimate,544,"1,001-5,000",31
DEBIT,Legitimate,544,"10,001-50,000",13
DEBIT,Legitimate,544,101-500,5
DEBIT,Legitimate,544,"5,001-10,000",22
DEBIT,Legitimate,544,"501-1,000",8
PAYMENT,Legitimate,544,0-100,16
PAYMENT,Legitimate,544,"1,001-5,000",482
PAYMENT,Legitimate,544,"10,001-50,000",1556
PAYMENT,Legitimate,544,"100,001-500,000",13
PAYMENT,Legitimate,544,101-500,48
PAYMENT,Legitimate,544,"5,001-10,000",576
PAYMENT,Legitimate,544,"50,001-100,000",177
PAYMENT,Legitimate,544,"501-1,000",52
TRANSFER,Fraud,544,"10,001-50,000",1
TRANSFER,Fraud,544,"100,001-500,000",2
TRANSFER,Legitimate,544,"1,000,001+",210
TRANSFER,Legitimate,544,"1,001-5,000",7
TRANSFER,Legitimate,544,"10,001-50,000",33
TRANSFER,Legitimate,544,"100,001-500,000",291
TRANSFER,Legitimate,544,"5,001-10,000",2
TRANSFER,Legitimate,544,"50,001-100,000",52
TRANSFER,Legitimate,544,"500,001-1,000,000",226
TRANSFER,Legitimate,544,"501-1,000",1
CASH_IN,Legitimate,545,"1,001-5,000",11
CASH_IN,Legitimate,545,"10,001-50,000",92
CASH_IN,Legitimate,545,"100,001-500,000",559
CASH_IN,Legitimate,545,101-500,3
CASH_IN,Legitimate,545,"5,001-10,000",7
CASH_IN,Legitimate,545,"50,001-100,000",120
CASH_IN,Legitimate,545,"500,001-1,000,000",25
CASH_IN,Legitimate,545,"501-1,000",2
CASH_OUT,Legitimate,545,"1,001-5,000",20
CASH_OUT,Legitimate,545,"10,001-50,000",195
CASH_OUT,Legitimate,545,"100,001-500,000",773
CASH_OUT,Legitimate,545,101-500,1
CASH_OUT,Legitimate,545,"5,001-10,000",30
CASH_OUT,Legitimate,545,"50,001-100,000",241
CASH_OUT,Legitimate,545,"500,001-1,000,000",7
CASH_OUT,Legitimate,545,"501-1,000",4
DEBIT,Legitimate,545,"1,001-5,000",1
DEBIT,Legitimate,545,"10,001-50,000",6
DEBIT,Legitimate,545,101-500,1
DEBIT,Legitimate,545,"5,001-10,000",6
DEBIT,Legitimate,545,"501-1,000",2
PAYMENT,Legitimate,545,0-100,4
PAYMENT,Legitimate,545,"1,001-5,000",184
PAYMENT,Legitimate,545,"10,001-50,000",568
PAYMENT,Legitimate,545,"100,001-500,000",11
PAYMENT,Legitimate,545,101-500,14
PAYMENT,Legitimate,545,"5,001-10,000",232
PAYMENT,Legitimate,545,"50,001-100,000",90
PAYMENT,Legitimate,545,"501-1,000",22
TRANSFER,Legitimate,545,"1,000,001+",35
TRANSFER,Legitimate,545,"10,001-50,000",12
TRANSFER,Legitimate,545,"100,001-500,000",177
TRANSFER,Legitimate,545,"5,001-10,000",5
TRANSFER,Legitimate,545,"50,001-100,000",18
TRANSFER,Legitimate,545,"500,001-1,000,000",84
CASH_IN,Legitimate,546,0-100,2
CASH_IN,Legitimate,546,"1,001-5,000",19
CASH_IN,Legitimate,546,"10,001-50,000",210
CASH_IN,Legitimate,546,"100,001-500,000",1195
CASH_IN,Legitimate,546,101-500,2
CASH_IN,Legitimate,546,"5,001-10,000",23
CASH_IN,Legitimate,546,"50,001-100,000",287
CASH_IN,Legitimate,546,"500,001-1,000,000",35
CASH_IN,Legitimate,546,"501-1,000",6
CASH_OUT,Fraud,546,"1,000,001+",1
CASH_OUT,Fraud,546,"10,001-50,000",1
CASH_OUT,Fraud,546,"100,001-500,000",1
CASH_OUT,Fraud,546,"50,001-100,000",1
CASH_OUT,Fraud,546,"500,001-1,000,000",1
CASH_OUT,Legitimate,546,"1,001-5,000",34
CASH_OUT,Legitimate,546,"10,001-50,000",414
CASH_OUT,Legitimate,546,"100,001-500,000",1746
CASH_OUT,Legitimate,546,101-500,4
CASH_OUT,Legitimate,546,"5,001-10,000",50
CASH_OUT,Legitimate,546,"50,001-100,000",547
CASH_OUT,Legitimate,546,"500,001-1,000,000",26
CASH_OUT,Legitimate,546,"501-1,000",7
DEBIT,Legitimate,546,0-100,2
DEBIT,Legitimate,546,"1,001-5,000",20
DEBIT,Legitimate,546,"10,001-50,000",1
DEBIT,Legitimate,546,101-500,2
DEBIT,Legitimate,546,"5,001-10,000",4
DEBIT,Legitimate,546,"501-1,000",2
PAYMENT,Legitimate,546,0-100,17
PAYMENT,Legitimate,546,"1,001-5,000",546
PAYMENT,Legitimate,546,"10,001-50,000",1146
PAYMENT,Legitimate,546,"100,001-500,000",5
PAYMENT,Legitimate,546,101-500,53
PAYMENT,Legitimate,546,"5,001-10,000",610
PAYMENT,Legitimate,546,"50,001-100,000",21
PAYMENT,Legitimate,546,"501-1,000",51
TRANSFER,Fraud,546,"1,000,001+",1
TRANSFER,Fraud,546,"10,001-50,000",1
TRANSFER,Fraud,546,"100,001-500,000",1
TRANSFER,Fraud,546,"50,001-100,000",1
TRANSFER,Fraud,546,"500,001-1,000,000",1
TRANSFER,Legitimate,546,"1,000,001+",83
TRANSFER,Legitimate,546,"1,001-5,000",4
TRANSFER,Legitimate,546,"10,001-50,000",29
TRANSFER,Legitimate,546,"100,001-500,000",306
TRANSFER,Legitimate,546,"5,001-10,000",5
TRANSFER,Legitimate,546,"50,001-100,000",40
TRANSFER,Legitimate,546,"500,001-1,000,000",207
CASH_IN,Legitimate,547,"1,001-5,000",9
CASH_IN,Legitimate,547,"10,001-50,000",70
CASH_IN,Legitimate,547,"100,001-500,000",389
CASH_IN,Legitimate,547,101-500,1
CASH_IN,Legitimate,547,"5,001-10,000",7
CASH_IN,Legitimate,547,"50,001-100,000",110
CASH_IN,Legitimate,547,"500,001-1,000,000",11
CASH_IN,Legitimate,547,"501-1,000",1
CASH_OUT,Fraud,547,"1,000,001+",1
CASH_OUT,Fraud,547,"100,001-500,000",1
CASH_OUT,Fraud,547,"50,001-100,000",1
CASH_OUT,Fraud,547,"500,001-1,000,000",1
CASH_OUT,Legitimate,547,0-100,1
CASH_OUT,Legitimate,547,"1,001-5,000",8
CASH_OUT,Legitimate,547,"10,001-50,000",131
CASH_OUT,Legitimate,547,"100,001-500,000",478
CASH_OUT,Legitimate,547,"5,001-10,000",9
CASH_OUT,Legitimate,547,"50,001-100,000",154
CASH_OUT,Legitimate,547,"500,001-1,000,000",1
DEBIT,Legitimate,547,"1,001-5,000",3
DEBIT,Legitimate,547,"10,001-50,000",1
DEBIT,Legitimate,547,"5,001-10,000",1
PAYMENT,Legitimate,547,0-100,4
PAYMENT,Legitimate,547,"1,001-5,000",135
PAYMENT,Legitimate,547,"10,001-50,000",253
PAYMENT,Legitimate,547,"100,001-500,000",4
PAYMENT,Legitimate,547,101-500,17
PAYMENT,Legitimate,547,"5,001-10,000",189
PAYMENT,Legitimate,547,"50,001-100,000",5
PAYMENT,Legitimate,547,"501-1,000",17
TRANSFER,Fraud,547,"1,000,001+",1
TRANSFER,Fraud,547,"100,001-500,000",1
TRANSFER,Fraud,547,"50,001-100,000",1
TRANSFER,Fraud,547,"500,001-1,000,000",1
TRANSFER,Legitimate,547,"1,000,001+",27
TRANSFER,Legitimate,547,"1,001-5,000",3
TRANSFER,Legitimate,547,"10,001-50,000",14
TRANSFER,Legitimate,547,"100,001-500,000",104
TRANSFER,Legitimate,547,"5,001-10,000",2
TRANSFER,Legitimate,547,"50,001-100,000",19
TRANSFER,Legitimate,547,"500,001-1,000,000",75
CASH_IN,Legitimate,548,"1,001-5,000",22
CASH_IN,Legitimate,548,"10,001-50,000",176
CASH_IN,Legitimate,548,"100,001-500,000",700
CASH_IN,Legitimate,548,101-500,4
CASH_IN,Legitimate,548,"5,001-10,000",20
CASH_IN,Legitimate,548,"50,001-100,000",227
CASH_IN,Legitimate,548,"500,001-1,000,000",14
CASH_IN,Legitimate,548,"501-1,000",4
CASH_OUT,Fraud,548,"100,001-500,000",1
CASH_OUT,Legitimate,548,"1,001-5,000",27
CASH_OUT,Legitimate,548,"10,001-50,000",345
CASH_OUT,Legitimate,548,"100,001-500,000",1013
CASH_OUT,Legitimate,548,101-500,3
CASH_OUT,Legitimate,548,"5,001-10,000",44
CASH_OUT,Legitimate,548,"50,001-100,000",440
CASH_OUT,Legitimate,548,"500,001-1,000,000",24
CASH_OUT,Legitimate,548,"501-1,000",6
DEBIT,Legitimate,548,"1,001-5,000",8
DEBIT,Legitimate,548,"10,001-50,000",16
DEBIT,Legitimate,548,"5,001-10,000",10
PAYMENT,Legitimate,548,0-100,17
PAYMENT,Legitimate,548,"1,001-5,000",530
PAYMENT,Legitimate,548,"10,001-50,000",809
PAYMENT,Legitimate,548,"100,001-500,000",8
PAYMENT,Legitimate,548,101-500,60
PAYMENT,Legitimate,548,"5,001-10,000",623
PAYMENT,Legitimate,548,"50,001-100,000",25
PAYMENT,Legitimate,548,"501-1,000",76
TRANSFER,Fraud,548,"100,001-500,000",1
TRANSFER,Legitimate,548,"1,000,001+",65
TRANSFER,Legitimate,548,"1,001-5,000",6
TRANSFER,Legitimate,548,"10,001-50,000",27
TRANSFER,Legitimate,548,"100,001-500,000",199
TRANSFER,Legitimate,548,"5,001-10,000",2
TRANSFER,Legitimate,548,"50,001-100,000",34
TRANSFER,Legitimate,548,"500,001-1,000,000",103
CASH_IN,Legitimate,549,"1,001-5,000",5
CASH_IN,Legitimate,549,"10,001-50,000",30
CASH_IN,Legitimate,549,"100,001-500,000",96
CASH_IN,Legitimate,549,101-500,1
CASH_IN,Legitimate,549,"5,001-10,000",5
CASH_IN,Legitimate,549,"50,001-100,000",44
CASH_IN,Legitimate,549,"500,001-1,000,000",1
CASH_IN,Legitimate,549,"501-1,000",2
CASH_OUT,Fraud,549,"1,000,001+",2
CASH_OUT,Fraud,549,"10,001-50,000",2
CASH_OUT,Fraud,549,"100,001-500,000",1
CASH_OUT,Fraud,549,"500,001-1,000,000",1
CASH_OUT,Legitimate,549,"1,001-5,000",1
CASH_OUT,Legitimate,549,"10,001-50,000",27
CASH_OUT,Legitimate,549,"100,001-500,000",72
CASH_OUT,Legitimate,549,"5,001-10,000",1
CASH_OUT,Legitimate,549,"50,001-100,000",25
DEBIT,Legitimate,549,"1,001-5,000",8
DEBIT,Legitimate,549,101-500,1
DEBIT,Legitimate,549,"501-1,000",1
PAYMENT,Legitimate,549,0-100,2
PAYMENT,Legitimate,549,"1,001-5,000",78
PAYMENT,Legitimate,549,"10,001-50,000",115
PAYMENT,Legitimate,549,101-500,7
PAYMENT,Legitimate,549,"5,001-10,000",73
PAYMENT,Legitimate,549,"50,001-100,000",3
PAYMENT,Legitimate,549,"501-1,000",10
TRANSFER,Fraud,549,"1,000,001+",2
TRANSFER,Fraud,549,"10,001-50,000",2
TRANSFER,Fraud,549,"100,001-500,000",1
TRANSFER,Fraud,549,"500,001-1,000,000",1
TRANSFER,Legitimate,549,"1,000,001+",2
TRANSFER,Legitimate,549,"10,001-50,000",4
TRANSFER,Legitimate,549,"100,001-500,000",11
TRANSFER,Legitimate,549,"500,001-1,000,000",4
TRANSFER,Legitimate,549,"501-1,000",1
CASH_IN,Legitimate,550,"1,001-5,000",14
CASH_IN,Legitimate,550,"10,001-50,000",121
CASH_IN,Legitimate,550,"100,001-500,000",496
CASH_IN,Legitimate,550,"5,001-10,000",11
CASH_IN,Legitimate,550,"50,001-100,000",168
CASH_IN,Legitimate,550,"500,001-1,000,000",13
CASH_IN,Legitimate,550,"501-1,000",1
CASH_OUT,Fraud,550,"1,000,001+",1
CASH_OUT,Fraud,550,"10,001-50,000",1
CASH_OUT,Fraud,550,"100,001-500,000",1
CASH_OUT,Fraud,550,"50,001-100,000",1
CASH_OUT,Legitimate,550,"1,001-5,000",18
CASH_OUT,Legitimate,550,"10,001-50,000",174
CASH_OUT,Legitimate,550,"100,001-500,000",651
CASH_OUT,Legitimate,550,101-500,2
CASH_OUT,Legitimate,550,"5,001-10,000",15
CASH_OUT,Legitimate,550,"50,001-100,000",225
CASH_OUT,Legitimate,550,"500,001-1,000,000",8
CASH_OUT,Legitimate,550,"501-1,000",2
DEBIT,Legitimate,550,0-100,1
DEBIT,Legitimate,550,"1,001-5,000",44
DEBIT,Legitimate,550,101-500,6
DEBIT,Legitimate,550,"5,001-10,000",10
DEBIT,Legitimate,550,"501-1,000",7
PAYMENT,Legitimate,550,0-100,14
PAYMENT,Legitimate,550,"1,001-5,000",707
PAYMENT,Legitimate,550,"10,001-50,000",787
PAYMENT,Legitimate,550,"100,001-500,000",5
PAYMENT,Legitimate,550,101-500,67
PAYMENT,Legitimate,550,"5,001-10,000",711
PAYMENT,Legitimate,550,"50,001-100,000",22
PAYMENT,Legitimate,550,"501-1,000",89
TRANSFER,Fraud,550,"1,000,001+",1
TRANSFER,Fraud,550,"10,001-50,000",1
TRANSFER,Fraud,550,"100,001-500,000",1
TRANSFER,Fraud,550,"50,001-100,000",1
TRANSFER,Legitimate,550,"1,000,001+",64
TRANSFER,Legitimate,550,"1,001-5,000",6
TRANSFER,Legitimate,550,"10,001-50,000",34
TRANSFER,Legitimate,550,"100,001-500,000",196
TRANSFER,Legitimate,550,"5,001-10,000",4
TRANSFER,Legitimate,550,"50,001-100,000",34
TRANSFER,Legitimate,550,"500,001-1,000,000",69
CASH_IN,Legitimate,551,"1,000,001+",1
CASH_IN,Legitimate,551,"1,001-5,000",3
CASH_IN,Legitimate,551,"10,001-50,000",18
CASH_IN,Legitimate,551,"100,001-500,000",126
CASH_IN,Legitimate,551,"5,001-10,000",2
CASH_IN,Legitimate,551,"50,001-100,000",22
CASH_IN,Legitimate,551,"500,001-1,000,000",5
CASH_OUT,Fraud,551,"1,000,001+",2
CASH_OUT,Fraud,551,"1,001-5,000",1
CASH_OUT,Fraud,551,"100,001-500,000",3
CASH_OUT,Fraud,551,"500,001-1,000,000",3
CASH_OUT,Legitimate,551,0-100,1
CASH_OUT,Legitimate,551,"1,001-5,000",2
CASH_OUT,Legitimate,551,"10,001-50,000",27
CASH_OUT,Legitimate,551,"100,001-500,000",88
CASH_OUT,Legitimate,551,"5,001-10,000",2
CASH_OUT,Legitimate,551,"50,001-100,000",34
CASH_OUT,Legitimate,551,"500,001-1,000,000",1
DEBIT,Legitimate,551,0-100,2
DEBIT,Legitimate,551,"1,001-5,000",12
DEBIT,Legitimate,551,101-500,3
DEBIT,Legitimate,551,"501-1,000",1
PAYMENT,Legitimate,551,0-100,14
PAYMENT,Legitimate,551,"1,001-5,000",255
PAYMENT,Legitimate,551,"10,001-50,000",84
PAYMENT,Legitimate,551,"100,001-500,000",1
PAYMENT,Legitimate,551,101-500,18
PAYMENT,Legitimate,551,"5,001-10,000",117
PAYMENT,Legitimate,551,"50,001-100,000",5
PAYMENT,Legitimate,551,"501-1,000",38
TRANSFER,Fraud,551,"1,000,001+",2
TRANSFER,Fraud,551,"1,001-5,000",1
TRANSFER,Fraud,551,"100,001-500,000",3
TRANSFER,Fraud,551,"500,001-1,000,000",3
TRANSFER,Legitimate,551,"1,000,001+",4
TRANSFER,Legitimate,551,"1,001-5,000",1
TRANSFER,Legitimate,551,"10,001-50,000",4
TRANSFER,Legitimate,551,"100,001-500,000",33
TRANSFER,Legitimate,551,"50,001-100,000",2
TRANSFER,Legitimate,551,"500,001-1,000,000",5
CASH_IN,Legitimate,552,"1,001-5,000",8
CASH_IN,Legitimate,552,"10,001-50,000",51
CASH_IN,Legitimate,552,"100,001-500,000",232
CASH_IN,Legitimate,552,"5,001-10,000",2
CASH_IN,Legitimate,552,"50,001-100,000",66
CASH_IN,Legitimate,552,"500,001-1,000,000",6
CASH_IN,Legitimate,552,"501-1,000",1
CASH_OUT,Fraud,552,"10,001-50,000",2
CASH_OUT,Fraud,552,"100,001-500,000",2
CASH_OUT,Fraud,552,"500,001-1,000,000",1
CASH_OUT,Legitimate,552,"1,001-5,000",3
CASH_OUT,Legitimate,552,"10,001-50,000",21
CASH_OUT,Legitimate,552,"100,001-500,000",100
CASH_OUT,Legitimate,552,"5,001-10,000",3
CASH_OUT,Legitimate,552,"50,001-100,000",21
CASH_OUT,Legitimate,552,"500,001-1,000,000",3
DEBIT,Legitimate,552,"1,001-5,000",8
DEBIT,Legitimate,552,101-500,2
DEBIT,Legitimate,552,"501-1,000",11
PAYMENT,Legitimate,552,0-100,6
PAYMENT,Legitimate,552,"1,001-5,000",255
PAYMENT,Legitimate,552,"10,001-50,000",260
PAYMENT,Legitimate,552,101-500,30
PAYMENT,Legitimate,552,"5,001-10,000",267
PAYMENT,Legitimate,552,"50,001-100,000",5
PAYMENT,Legitimate,552,"501-1,000",35
TRANSFER,Fraud,552,"10,001-50,000",2
TRANSFER,Fraud,552,"100,001-500,000",2
TRANSFER,Fraud,552,"500,001-1,000,000",1
TRANSFER,Legitimate,552,"1,000,001+",15
TRANSFER,Legitimate,552,"1,001-5,000",1
TRANSFER,Legitimate,552,"10,001-50,000",8
TRANSFER,Legitimate,552,"100,001-500,000",62
TRANSFER,Legitimate,552,"50,001-100,000",11
TRANSFER,Legitimate,552,"500,001-1,000,000",14
CASH_OUT,Fraud,553,"1,000,001+",1
CASH_OUT,Fraud,553,"100,001-500,000",3
TRANSFER,Fraud,553,"1,000,001+",1
TRANSFER,Fraud,553,"100,001-500,000",3
CASH_OUT,Fraud,554,0-100,1
CASH_OUT,Fraud,554,"1,000,001+",5
CASH_OUT,Fraud,554,"1,001-5,000",1
CASH_OUT,Fraud,554,"100,001-500,000",2
TRANSFER,Fraud,554,"1,000,001+",6
TRANSFER,Fraud,554,"1,001-5,000",1
TRANSFER,Fraud,554,"100,001-500,000",2
CASH_IN,Legitimate,555,"10,001-50,000",6
CASH_IN,Legitimate,555,"100,001-500,000",34
CASH_IN,Legitimate,555,"50,001-100,000",10
CASH_OUT,Fraud,555,"1,000,001+",2
CASH_OUT,Fraud,555,"10,001-50,000",1
CASH_OUT,Legitimate,555,"10,001-50,000",3
CASH_OUT,Legitimate,555,"100,001-500,000",8
CASH_OUT,Legitimate,555,"5,001-10,000",1
CASH_OUT,Legitimate,555,"50,001-100,000",2
CASH_OUT,Legitimate,555,"500,001-1,000,000",2
DEBIT,Legitimate,555,101-500,1
DEBIT,Legitimate,555,"501-1,000",3
PAYMENT,Legitimate,555,0-100,1
PAYMENT,Legitimate,555,"1,001-5,000",34
PAYMENT,Legitimate,555,"10,001-50,000",5
PAYMENT,Legitimate,555,101-500,2
PAYMENT,Legitimate,555,"5,001-10,000",12
PAYMENT,Legitimate,555,"501-1,000",5
TRANSFER,Fraud,555,"1,000,001+",2
TRANSFER,Fraud,555,"10,001-50,000",1
TRANSFER,Legitimate,555,"1,000,001+",1
TRANSFER,Legitimate,555,"10,001-50,000",1
TRANSFER,Legitimate,555,"100,001-500,000",4
TRANSFER,Legitimate,555,"50,001-100,000",1
TRANSFER,Legitimate,555,"500,001-1,000,000",2
CASH_OUT,Fraud,556,"100,001-500,000",1
CASH_OUT,Fraud,556,"500,001-1,000,000",2
TRANSFER,Fraud,556,"100,001-500,000",1
TRANSFER,Fraud,556,"500,001-1,000,000",2
CASH_OUT,Fraud,557,"1,000,001+",2
CASH_OUT,Fraud,557,"1,001-5,000",1
CASH_OUT,Fraud,557,"100,001-500,000",3
CASH_OUT,Fraud,557,"50,001-100,000",1
CASH_OUT,Fraud,557,"500,001-1,000,000",3
TRANSFER,Fraud,557,"1,000,001+",2
TRANSFER,Fraud,557,"1,001-5,000",1
TRANSFER,Fraud,557,"100,001-500,000",3
TRANSFER,Fraud,557,"50,001-100,000",1
TRANSFER,Fraud,557,"500,001-1,000,000",3
CASH_OUT,Fraud,558,"1,000,001+",2
CASH_OUT,Fraud,558,"1,001-5,000",1
CASH_OUT,Fraud,558,"100,001-500,000",3
CASH_OUT,Fraud,558,"501-1,000",1
TRANSFER,Fraud,558,"1,000,001+",2
TRANSFER,Fraud,558,"1,001-5,000",1
TRANSFER,Fraud,558,"100,001-500,000",3
TRANSFER,Fraud,558,"501-1,000",1
CASH_OUT,Fraud,559,"1,000,001+",2
CASH_OUT,Fraud,559,"100,001-500,000",2
CASH_OUT,Fraud,559,"50,001-100,000",1
TRANSFER,Fraud,559,"1,000,001+",2
TRANSFER,Fraud,559,"100,001-500,000",2
TRANSFER,Fraud,559,"50,001-100,000",1
CASH_OUT,Fraud,560,"100,001-500,000",2
CASH_OUT,Fraud,560,"50,001-100,000",1
CASH_OUT,Fraud,560,"500,001-1,000,000",2
TRANSFER,Fraud,560,"100,001-500,000",2
TRANSFER,Fraud,560,"50,001-100,000",1
TRANSFER,Fraud,560,"500,001-1,000,000",2
CASH_OUT,Fraud,561,"1,000,001+",3
CASH_OUT,Fraud,561,"10,001-50,000",1
CASH_OUT,Fraud,561,"100,001-500,000",2
CASH_OUT,Fraud,561,"500,001-1,000,000",2
TRANSFER,Fraud,561,"1,000,001+",3
TRANSFER,Fraud,561,"10,001-50,000",1
TRANSFER,Fraud,561,"100,001-500,000",2
TRANSFER,Fraud,561,"500,001-1,000,000",2
CASH_OUT,Fraud,562,"1,000,001+",3
CASH_OUT,Fraud,562,"100,001-500,000",1
CASH_OUT,Fraud,562,"5,001-10,000",1
TRANSFER,Fraud,562,"1,000,001+",3
TRANSFER,Fraud,562,"100,001-500,000",1
TRANSFER,Fraud,562,"5,001-10,000",1
CASH_IN,Legitimate,563,"1,001-5,000",13
CASH_IN,Legitimate,563,"10,001-50,000",113
CASH_IN,Legitimate,563,"100,001-500,000",556
CASH_IN,Legitimate,563,101-500,3
CASH_IN,Legitimate,563,"5,001-10,000",7
CASH_IN,Legitimate,563,"50,001-100,000",143
CASH_IN,Legitimate,563,"500,001-1,000,000",20
CASH_OUT,Fraud,563,"1,000,001+",4
CASH_OUT,Fraud,563,"10,001-50,000",1
CASH_OUT,Fraud,563,"100,001-500,000",2
CASH_OUT,Fraud,563,"50,001-100,000",1
CASH_OUT,Fraud,563,"500,001-1,000,000",1
CASH_OUT,Legitimate,563,"1,001-5,000",15
CASH_OUT,Legitimate,563,"10,001-50,000",128
CASH_OUT,Legitimate,563,"100,001-500,000",722
CASH_OUT,Legitimate,563,101-500,1
CASH_OUT,Legitimate,563,"5,001-10,000",14
CASH_OUT,Legitimate,563,"50,001-100,000",198
CASH_OUT,Legitimate,563,"500,001-1,000,000",14
CASH_OUT,Legitimate,563,"501-1,000",1
DEBIT,Legitimate,563,"1,001-5,000",9
DEBIT,Legitimate,563,101-500,3
DEBIT,Legitimate,563,"5,001-10,000",1
DEBIT,Legitimate,563,"501-1,000",1
PAYMENT,Legitimate,563,0-100,2
PAYMENT,Legitimate,563,"1,001-5,000",245
PAYMENT,Legitimate,563,"10,001-50,000",413
PAYMENT,Legitimate,563,"100,001-500,000",2
PAYMENT,Legitimate,563,101-500,21
PAYMENT,Legitimate,563,"5,001-10,000",250
PAYMENT,Legitimate,563,"50,001-100,000",13
PAYMENT,Legitimate,563,"501-1,000",34
TRANSFER,Fraud,563,"1,000,001+",4
TRANSFER,Fraud,563,"10,001-50,000",1
TRANSFER,Fraud,563,"100,001-500,000",2
TRANSFER,Fraud,563,"50,001-100,000",1
TRANSFER,Fraud,563,"500,001-1,000,000",1
TRANSFER,Legitimate,563,"1,000,001+",110
TRANSFER,Legitimate,563,"1,001-5,000",1
TRANSFER,Legitimate,563,"10,001-50,000",13
TRANSFER,Legitimate,563,"100,001-500,000",109
TRANSFER,Legitimate,563,"5,001-10,000",3
TRANSFER,Legitimate,563,"50,001-100,000",10
TRANSFER,Legitimate,563,"500,001-1,000,000",78
CASH_IN,Legitimate,564,0-100,1
CASH_IN,Legitimate,564,"1,001-5,000",9
CASH_IN,Legitimate,564,"10,001-50,000",126
CASH_IN,Legitimate,564,"100,001-500,000",582
CASH_IN,Legitimate,564,101-500,1
CASH_IN,Legitimate,564,"5,001-10,000",15
CASH_IN,Legitimate,564,"50,001-100,000",154
CASH_IN,Legitimate,564,"500,001-1,000,000",21
CASH_IN,Legitimate,564,"501-1,000",1
CASH_OUT,Fraud,564,"1,000,001+",5
CASH_OUT,Fraud,564,"10,001-50,000",1
CASH_OUT,Fraud,564,"100,001-500,000",1
CASH_OUT,Fraud,564,"50,001-100,000",1
CASH_OUT,Legitimate,564,0-100,1
CASH_OUT,Legitimate,564,"1,000,001+",1
CASH_OUT,Legitimate,564,"1,001-5,000",11
CASH_OUT,Legitimate,564,"10,001-50,000",157
CASH_OUT,Legitimate,564,"100,001-500,000",809
CASH_OUT,Legitimate,564,101-500,1
CASH_OUT,Legitimate,564,"5,001-10,000",24
CASH_OUT,Legitimate,564,"50,001-100,000",166
CASH_OUT,Legitimate,564,"500,001-1,000,000",37
CASH_OUT,Legitimate,564,"501-1,000",1
DEBIT,Legitimate,564,"1,001-5,000",3
DEBIT,Legitimate,564,"10,001-50,000",8
DEBIT,Legitimate,564,"5,001-10,000",2
DEBIT,Legitimate,564,"50,001-100,000",5
PAYMENT,Legitimate,564,0-100,8
PAYMENT,Legitimate,564,"1,001-5,000",230
PAYMENT,Legitimate,564,"10,001-50,000",501
PAYMENT,Legitimate,564,"100,001-500,000",5
PAYMENT,Legitimate,564,101-500,29
PAYMENT,Legitimate,564,"5,001-10,000",249
PAYMENT,Legitimate,564,"50,001-100,000",14
PAYMENT,Legitimate,564,"501-1,000",26
TRANSFER,Fraud,564,"1,000,001+",5
TRANSFER,Fraud,564,"10,001-50,000",1
TRANSFER,Fraud,564,"100,001-500,000",1
TRANSFER,Fraud,564,"50,001-100,000",1
TRANSFER,Legitimate,564,"1,000,001+",32
TRANSFER,Legitimate,564,"1,001-5,000",2
TRANSFER,Legitimate,564,"10,001-50,000",18
TRANSFER,Legitimate,564,"100,001-500,000",168
TRANSFER,Legitimate,564,"5,001-10,000",4
TRANSFER,Legitimate,564,"50,001-100,000",21
TRANSFER,Legitimate,564,"500,001-1,000,000",86
TRANSFER,Legitimate,564,"501-1,000",1
CASH_IN,Legitimate,565,0-100,1
CASH_IN,Legitimate,565,"1,001-5,000",10
CASH_IN,Legitimate,565,"10,001-50,000",149
CASH_IN,Legitimate,565,"100,001-500,000",703
CASH_IN,Legitimate,565,101-500,2
CASH_IN,Legitimate,565,"5,001-10,000",21
CASH_IN,Legitimate,565,"50,001-100,000",180
CASH_IN,Legitimate,565,"500,001-1,000,000",17
CASH_IN,Legitimate,565,"501-1,000",2
CASH_OUT,Fraud,565,"1,000,001+",1
CASH_OUT,Fraud,565,"100,001-500,000",4
CASH_OUT,Fraud,565,"500,001-1,000,000",1
CASH_OUT,Legitimate,565,"1,001-5,000",24
CASH_OUT,Legitimate,565,"10,001-50,000",243
CASH_OUT,Legitimate,565,"100,001-500,000",1359
CASH_OUT,Legitimate,565,101-500,1
CASH_OUT,Legitimate,565,"5,001-10,000",26
CASH_OUT,Legitimate,565,"50,001-100,000",297
CASH_OUT,Legitimate,565,"500,001-1,000,000",69
CASH_OUT,Legitimate,565,"501-1,000",1
DEBIT,Legitimate,565,0-100,1
DEBIT,Legitimate,565,"1,001-5,000",16
DEBIT,Legitimate,565,"10,001-50,000",1
DEBIT,Legitimate,565,101-500,1
DEBIT,Legitimate,565,"5,001-10,000",8
DEBIT,Legitimate,565,"501-1,000",5
PAYMENT,Legitimate,565,0-100,16
PAYMENT,Legitimate,565,"1,001-5,000",363
PAYMENT,Legitimate,565,"10,001-50,000",945
PAYMENT,Legitimate,565,101-500,30
PAYMENT,Legitimate,565,"5,001-10,000",368
PAYMENT,Legitimate,565,"50,001-100,000",26
PAYMENT,Legitimate,565,"501-1,000",44
TRANSFER,Fraud,565,"1,000,001+",1
TRANSFER,Fraud,565,"100,001-500,000",4
TRANSFER,Fraud,565,"500,001-1,000,000",1
TRANSFER,Legitimate,565,"1,000,001+",90
TRANSFER,Legitimate,565,"10,001-50,000",22
TRANSFER,Legitimate,565,"100,001-500,000",176
TRANSFER,Legitimate,565,"5,001-10,000",4
TRANSFER,Legitimate,565,"50,001-100,000",30
TRANSFER,Legitimate,565,"500,001-1,000,000",161
TRANSFER,Legitimate,565,"501-1,000",1
CASH_IN,Legitimate,566,"1,001-5,000",3
CASH_IN,Legitimate,566,"10,001-50,000",36
CASH_IN,Legitimate,566,"100,001-500,000",230
CASH_IN,Legitimate,566,101-500,1
CASH_IN,Legitimate,566,"5,001-10,000",7
CASH_IN,Legitimate,566,"50,001-100,000",64
CASH_IN,Legitimate,566,"500,001-1,000,000",9
CASH_OUT,Fraud,566,"1,000,001+",1
CASH_OUT,Fraud,566,"1,001-5,000",1
CASH_OUT,Fraud,566,"50,001-100,000",1
CASH_OUT,Legitimate,566,0-100,1
CASH_OUT,Legitimate,566,"1,001-5,000",5
CASH_OUT,Legitimate,566,"10,001-50,000",66
CASH_OUT,Legitimate,566,"100,001-500,000",300
CASH_OUT,Legitimate,566,101-500,2
CASH_OUT,Legitimate,566,"5,001-10,000",5
CASH_OUT,Legitimate,566,"50,001-100,000",63
CASH_OUT,Legitimate,566,"500,001-1,000,000",12
DEBIT,Legitimate,566,"1,001-5,000",3
DEBIT,Legitimate,566,101-500,2
DEBIT,Legitimate,566,"501-1,000",1
PAYMENT,Legitimate,566,0-100,3
PAYMENT,Legitimate,566,"1,001-5,000",122
PAYMENT,Legitimate,566,"10,001-50,000",267
PAYMENT,Legitimate,566,101-500,2
PAYMENT,Legitimate,566,"5,001-10,000",85
PAYMENT,Legitimate,566,"50,001-100,000",15
PAYMENT,Legitimate,566,"501-1,000",18
TRANSFER,Fraud,566,"1,000,001+",1
TRANSFER,Fraud,566,"1,001-5,000",1
TRANSFER,Fraud,566,"50,001-100,000",1
TRANSFER,Legitimate,566,"1,000,001+",9
TRANSFER,Legitimate,566,"1,001-5,000",1
TRANSFER,Legitimate,566,"10,001-50,000",3
TRANSFER,Legitimate,566,"100,001-500,000",41
TRANSFER,Legitimate,566,101-500,1
TRANSFER,Legitimate,566,"5,001-10,000",2
TRANSFER,Legitimate,566,"50,001-100,000",4
TRANSFER,Legitimate,566,"500,001-1,000,000",32
CASH_IN,Legitimate,567,"1,001-5,000",8
CASH_IN,Legitimate,567,"10,001-50,000",108
CASH_IN,Legitimate,567,"100,001-500,000",630
CASH_IN,Legitimate,567,101-500,1
CASH_IN,Legitimate,567,"5,001-10,000",12
CASH_IN,Legitimate,567,"50,001-100,000",143
CASH_IN,Legitimate,567,"500,001-1,000,000",33
CASH_OUT,Fraud,567,"1,000,001+",2
CASH_OUT,Fraud,567,"1,001-5,000",1
CASH_OUT,Fraud,567,"100,001-500,000",2
CASH_OUT,Legitimate,567,"1,001-5,000",18
CASH_OUT,Legitimate,567,"10,001-50,000",186
CASH_OUT,Legitimate,567,"100,001-500,000",1036
CASH_OUT,Legitimate,567,"5,001-10,000",27
CASH_OUT,Legitimate,567,"50,001-100,000",253
CASH_OUT,Legitimate,567,"500,001-1,000,000",47
CASH_OUT,Legitimate,567,"501-1,000",3
DEBIT,Legitimate,567,"1,001-5,000",15
DEBIT,Legitimate,567,101-500,3
DEBIT,Legitimate,567,"501-1,000",5
PAYMENT,Legitimate,567,0-100,9
PAYMENT,Legitimate,567,"1,001-5,000",326
PAYMENT,Legitimate,567,"10,001-50,000",651
PAYMENT,Legitimate,567,"100,001-500,000",1
PAYMENT,Legitimate,567,101-500,36
PAYMENT,Legitimate,567,"5,001-10,000",361
PAYMENT,Legitimate,567,"50,001-100,000",2
PAYMENT,Legitimate,567,"501-1,000",41
TRANSFER,Fraud,567,"1,000,001+",2
TRANSFER,Fraud,567,"1,001-5,000",1
TRANSFER,Fraud,567,"100,001-500,000",2
TRANSFER,Legitimate,567,"1,000,001+",36
TRANSFER,Legitimate,567,"1,001-5,000",2
TRANSFER,Legitimate,567,"10,001-50,000",21
TRANSFER,Legitimate,567,"100,001-500,000",198
TRANSFER,Legitimate,567,"5,001-10,000",2
TRANSFER,Legitimate,567,"50,001-100,000",38
TRANSFER,Legitimate,567,"500,001-1,000,000",94
CASH_OUT,Fraud,568,"1,000,001+",2
CASH_OUT,Fraud,568,"1,001-5,000",1
CASH_OUT,Fraud,568,"10,001-50,000",2
CASH_OUT,Fraud,568,"100,001-500,000",1
CASH_OUT,Fraud,568,"50,001-100,000",1
TRANSFER,Fraud,568,"1,000,001+",2
TRANSFER,Fraud,568,"1,001-5,000",1
TRANSFER,Fraud,568,"10,001-50,000",2
TRANSFER,Fraud,568,"100,001-500,000",1
TRANSFER,Fraud,568,"50,001-100,000",1
CASH_IN,Legitimate,569,"1,001-5,000",3
CASH_IN,Legitimate,569,"10,001-50,000",36
CASH_IN,Legitimate,569,"100,001-500,000",215
CASH_IN,Legitimate,569,"5,001-10,000",5
CASH_IN,Legitimate,569,"50,001-100,000",39
CASH_IN,Legitimate,569,"500,001-1,000,000",8
CASH_OUT,Fraud,569,"1,000,001+",1
CASH_OUT,Fraud,569,"10,001-50,000",2
CASH_OUT,Fraud,569,"100,001-500,000",2
CASH_OUT,Fraud,569,"50,001-100,000",1
CASH_OUT,Fraud,569,"500,001-1,000,000",1
CASH_OUT,Legitimate,569,"1,001-5,000",4
CASH_OUT,Legitimate,569,"10,001-50,000",39
CASH_OUT,Legitimate,569,"100,001-500,000",259
CASH_OUT,Legitimate,569,"5,001-10,000",6
CASH_OUT,Legitimate,569,"50,001-100,000",53
CASH_OUT,Legitimate,569,"500,001-1,000,000",4
CASH_OUT,Legitimate,569,"501-1,000",1
DEBIT,Legitimate,569,"1,001-5,000",3
DEBIT,Legitimate,569,101-500,1
DEBIT,Legitimate,569,"501-1,000",1
PAYMENT,Legitimate,569,0-100,2
PAYMENT,Legitimate,569,"1,001-5,000",85
PAYMENT,Legitimate,569,"10,001-50,000",174
PAYMENT,Legitimate,569,101-500,7
PAYMENT,Legitimate,569,"5,001-10,000",103
PAYMENT,Legitimate,569,"50,001-100,000",1
PAYMENT,Legitimate,569,"501-1,000",18
TRANSFER,Fraud,569,"1,000,001+",1
TRANSFER,Fraud,569,"10,001-50,000",2
TRANSFER,Fraud,569,"100,001-500,000",2
TRANSFER,Fraud,569,"50,001-100,000",1
TRANSFER,Fraud,569,"500,001-1,000,000",1
TRANSFER,Legitimate,569,"1,000,001+",17
TRANSFER,Legitimate,569,"10,001-50,000",2
TRANSFER,Legitimate,569,"100,001-500,000",44
TRANSFER,Legitimate,569,"5,001-10,000",1
TRANSFER,Legitimate,569,"50,001-100,000",6
TRANSFER,Legitimate,569,"500,001-1,000,000",31
CASH_IN,Legitimate,570,"1,001-5,000",7
CASH_IN,Legitimate,570,"10,001-50,000",58
CASH_IN,Legitimate,570,"100,001-500,000",270
CASH_IN,Legitimate,570,"5,001-10,000",10
CASH_IN,Legitimate,570,"50,001-100,000",67
CASH_IN,Legitimate,570,"500,001-1,000,000",6
CASH_IN,Legitimate,570,"501-1,000",1
CASH_OUT,Fraud,570,"1,000,001+",3
CASH_OUT,Fraud,570,"1,001-5,000",1
CASH_OUT,Fraud,570,"5,001-10,000",1
CASH_OUT,Legitimate,570,"1,001-5,000",12
CASH_OUT,Legitimate,570,"10,001-50,000",107
CASH_OUT,Legitimate,570,"100,001-500,000",377
CASH_OUT,Legitimate,570,"5,001-10,000",16
CASH_OUT,Legitimate,570,"50,001-100,000",147
CASH_OUT,Legitimate,570,"500,001-1,000,000",5
CASH_OUT,Legitimate,570,"501-1,000",2
DEBIT,Legitimate,570,"1,001-5,000",5
DEBIT,Legitimate,570,101-500,2
DEBIT,Legitimate,570,"501-1,000",1
PAYMENT,Legitimate,570,0-100,2
PAYMENT,Legitimate,570,"1,001-5,000",170
PAYMENT,Legitimate,570,"10,001-50,000",260
PAYMENT,Legitimate,570,101-500,17
PAYMENT,Legitimate,570,"5,001-10,000",179
PAYMENT,Legitimate,570,"50,001-100,000",3
PAYMENT,Legitimate,570,"501-1,000",18
TRANSFER,Fraud,570,"1,000,001+",3
TRANSFER,Fraud,570,"1,001-5,000",1
TRANSFER,Fraud,570,"5,001-10,000",1
TRANSFER,Legitimate,570,"1,000,001+",25
TRANSFER,Legitimate,570,"1,001-5,000",1
TRANSFER,Legitimate,570,"10,001-50,000",14
TRANSFER,Legitimate,570,"100,001-500,000",95
TRANSFER,Legitimate,570,"5,001-10,000",2
TRANSFER,Legitimate,570,"50,001-100,000",13
TRANSFER,Legitimate,570,"500,001-1,000,000",62
TRANSFER,Legitimate,570,"501-1,000",1
CASH_IN,Legitimate,571,"1,001-5,000",11
CASH_IN,Legitimate,571,"10,001-50,000",137
CASH_IN,Legitimate,571,"100,001-500,000",646
CASH_IN,Legitimate,571,101-500,2
CASH_IN,Legitimate,571,"5,001-10,000",17
CASH_IN,Legitimate,571,"50,001-100,000",189
CASH_IN,Legitimate,571,"500,001-1,000,000",21
CASH_IN,Legitimate,571,"501-1,000",1
CASH_OUT,Fraud,571,"1,000,001+",2
CASH_OUT,Fraud,571,"100,001-500,000",2
CASH_OUT,Fraud,571,"500,001-1,000,000",1
CASH_OUT,Legitimate,571,"1,001-5,000",35
CASH_OUT,Legitimate,571,"10,001-50,000",224
CASH_OUT,Legitimate,571,"100,001-500,000",830
CASH_OUT,Legitimate,571,101-500,2
CASH_OUT,Legitimate,571,"5,001-10,000",26
CASH_OUT,Legitimate,571,"50,001-100,000",307
CASH_OUT,Legitimate,571,"500,001-1,000,000",10
CASH_OUT,Legitimate,571,"501-1,000",4
DEBIT,Legitimate,571,"1,001-5,000",14
DEBIT,Legitimate,571,"501-1,000",3
PAYMENT,Legitimate,571,0-100,7
PAYMENT,Legitimate,571,"1,001-5,000",417
PAYMENT,Legitimate,571,"10,001-50,000",362
PAYMENT,Legitimate,571,"100,001-500,000",1
PAYMENT,Legitimate,571,101-500,45
PAYMENT,Legitimate,571,"5,001-10,000",458
PAYMENT,Legitimate,571,"50,001-100,000",3
PAYMENT,Legitimate,571,"501-1,000",63
TRANSFER,Fraud,571,"1,000,001+",2
TRANSFER,Fraud,571,"100,001-500,000",2
TRANSFER,Fraud,571,"500,001-1,000,000",1
TRANSFER,Legitimate,571,"1,000,001+",76
TRANSFER,Legitimate,571,"1,001-5,000",2
TRANSFER,Legitimate,571,"10,001-50,000",23
TRANSFER,Legitimate,571,"100,001-500,000",194
TRANSFER,Legitimate,571,101-500,1
TRANSFER,Legitimate,571,"5,001-10,000",4
TRANSFER,Legitimate,571,"50,001-100,000",31
TRANSFER,Legitimate,571,"500,001-1,000,000",80
CASH_OUT,Fraud,572,"1,000,001+",3
CASH_OUT,Fraud,572,"100,001-500,000",5
CASH_OUT,Fraud,572,"50,001-100,000",1
TRANSFER,Fraud,572,"1,000,001+",3
TRANSFER,Fraud,572,"100,001-500,000",5
TRANSFER,Fraud,572,"50,001-100,000",1
CASH_IN,Legitimate,573,"1,001-5,000",6
CASH_IN,Legitimate,573,"10,001-50,000",137
CASH_IN,Legitimate,573,"100,001-500,000",402
CASH_IN,Legitimate,573,101-500,2
CASH_IN,Legitimate,573,"5,001-10,000",16
CASH_IN,Legitimate,573,"50,001-100,000",157
CASH_IN,Legitimate,573,"500,001-1,000,000",12
CASH_IN,Legitimate,573,"501-1,000",1
CASH_OUT,Fraud,573,"1,000,001+",1
CASH_OUT,Fraud,573,"100,001-500,000",3
CASH_OUT,Legitimate,573,0-100,1
CASH_OUT,Legitimate,573,"1,001-5,000",13
CASH_OUT,Legitimate,573,"10,001-50,000",173
CASH_OUT,Legitimate,573,"100,001-500,000",550
CASH_OUT,Legitimate,573,101-500,1
CASH_OUT,Legitimate,573,"5,001-10,000",20
CASH_OUT,Legitimate,573,"50,001-100,000",229
CASH_OUT,Legitimate,573,"500,001-1,000,000",3
CASH_OUT,Legitimate,573,"501-1,000",1
DEBIT,Legitimate,573,"1,001-5,000",19
DEBIT,Legitimate,573,101-500,2
DEBIT,Legitimate,573,"5,001-10,000",8
PAYMENT,Legitimate,573,0-100,11
PAYMENT,Legitimate,573,"1,001-5,000",435
PAYMENT,Legitimate,573,"10,001-50,000",475
PAYMENT,Legitimate,573,101-500,51
PAYMENT,Legitimate,573,"5,001-10,000",391
PAYMENT,Legitimate,573,"50,001-100,000",5
PAYMENT,Legitimate,573,"501-1,000",45
TRANSFER,Fraud,573,"1,000,001+",1
TRANSFER,Fraud,573,"100,001-500,000",3
TRANSFER,Legitimate,573,"1,000,001+",31
TRANSFER,Legitimate,573,"1,001-5,000",5
TRANSFER,Legitimate,573,"10,001-50,000",21
TRANSFER,Legitimate,573,"100,001-500,000",153
TRANSFER,Legitimate,573,"5,001-10,000",3
TRANSFER,Legitimate,573,"50,001-100,000",43
TRANSFER,Legitimate,573,"500,001-1,000,000",56
TRANSFER,Legitimate,573,"501-1,000",1
CASH_IN,Legitimate,574,"1,001-5,000",4
CASH_IN,Legitimate,574,"10,001-50,000",84
CASH_IN,Legitimate,574,"100,001-500,000",375
CASH_IN,Legitimate,574,101-500,1
CASH_IN,Legitimate,574,"5,001-10,000",6
CASH_IN,Legitimate,574,"50,001-100,000",99
CASH_IN,Legitimate,574,"500,001-1,000,000",7
CASH_OUT,Fraud,574,"50,001-100,000",2
CASH_OUT,Legitimate,574,0-100,2
CASH_OUT,Legitimate,574,"1,001-5,000",13
CASH_OUT,Legitimate,574,"10,001-50,000",115
CASH_OUT,Legitimate,574,"100,001-500,000",348
CASH_OUT,Legitimate,574,101-500,2
CASH_OUT,Legitimate,574,"5,001-10,000",18
CASH_OUT,Legitimate,574,"50,001-100,000",127
CASH_OUT,Legitimate,574,"500,001-1,000,000",7
CASH_OUT,Legitimate,574,"501-1,000",2
DEBIT,Legitimate,574,"1,001-5,000",17
DEBIT,Legitimate,574,101-500,1
DEBIT,Legitimate,574,"5,001-10,000",7
DEBIT,Legitimate,574,"501-1,000",1
PAYMENT,Legitimate,574,0-100,7
PAYMENT,Legitimate,574,"1,001-5,000",318
PAYMENT,Legitimate,574,"10,001-50,000",382
PAYMENT,Legitimate,574,101-500,30
PAYMENT,Legitimate,574,"5,001-10,000",380
PAYMENT,Legitimate,574,"50,001-100,000",2
PAYMENT,Legitimate,574,"501-1,000",38
TRANSFER,Fraud,574,"50,001-100,000",2
TRANSFER,Legitimate,574,"1,000,001+",18
TRANSFER,Legitimate,574,"1,001-5,000",3
TRANSFER,Legitimate,574,"10,001-50,000",14
TRANSFER,Legitimate,574,"100,001-500,000",115
TRANSFER,Legitimate,574,101-500,1
TRANSFER,Legitimate,574,"5,001-10,000",1
TRANSFER,Legitimate,574,"50,001-100,000",12
TRANSFER,Legitimate,574,"500,001-1,000,000",52
TRANSFER,Legitimate,574,"501-1,000",1
CASH_OUT,Fraud,575,"1,000,001+",1
CASH_OUT,Fraud,575,"100,001-500,000",3
TRANSFER,Fraud,575,"1,000,001+",1
TRANSFER,Fraud,575,"100,001-500,000",3
CASH_IN,Legitimate,576,"1,001-5,000",1
CASH_IN,Legitimate,576,"10,001-50,000",22
CASH_IN,Legitimate,576,"100,001-500,000",117
CASH_IN,Legitimate,576,"5,001-10,000",4
CASH_IN,Legitimate,576,"50,001-100,000",29
CASH_IN,Legitimate,576,"500,001-1,000,000",1
CASH_OUT,Fraud,576,"1,000,001+",1
CASH_OUT,Fraud,576,"10,001-50,000",2
CASH_OUT,Fraud,576,"100,001-500,000",1
CASH_OUT,Fraud,576,"500,001-1,000,000",3
CASH_OUT,Legitimate,576,"1,001-5,000",1
CASH_OUT,Legitimate,576,"10,001-50,000",12
CASH_OUT,Legitimate,576,"100,001-500,000",48
CASH_OUT,Legitimate,576,"5,001-10,000",1
CASH_OUT,Legitimate,576,"50,001-100,000",18
DEBIT,Legitimate,576,"1,001-5,000",7
DEBIT,Legitimate,576,"5,001-10,000",6
DEBIT,Legitimate,576,"501-1,000",1
PAYMENT,Legitimate,576,0-100,5
PAYMENT,Legitimate,576,"1,001-5,000",174
PAYMENT,Legitimate,576,"10,001-50,000",123
PAYMENT,Legitimate,576,"100,001-500,000",1
PAYMENT,Legitimate,576,101-500,16
PAYMENT,Legitimate,576,"5,001-10,000",189
PAYMENT,Legitimate,576,"50,001-100,000",2
PAYMENT,Legitimate,576,"501-1,000",15
TRANSFER,Fraud,576,"1,000,001+",1
TRANSFER,Fraud,576,"10,001-50,000",2
TRANSFER,Fraud,576,"100,001-500,000",1
TRANSFER,Fraud,576,"500,001-1,000,000",3
TRANSFER,Legitimate,576,"1,000,001+",7
TRANSFER,Legitimate,576,"1,001-5,000",3
TRANSFER,Legitimate,576,"10,001-50,000",9
TRANSFER,Legitimate,576,"100,001-500,000",24
TRANSFER,Legitimate,576,"5,001-10,000",2
TRANSFER,Legitimate,576,"50,001-100,000",14
TRANSFER,Legitimate,576,"500,001-1,000,000",11
CASH_IN,Legitimate,577,"1,001-5,000",1
CASH_IN,Legitimate,577,"10,001-50,000",7
CASH_IN,Legitimate,577,"100,001-500,000",67
CASH_IN,Legitimate,577,"50,001-100,000",25
CASH_IN,Legitimate,577,"500,001-1,000,000",3
CASH_IN,Legitimate,577,"501-1,000",1
CASH_OUT,Fraud,577,"1,000,001+",1
CASH_OUT,Fraud,577,"100,001-500,000",2
CASH_OUT,Fraud,577,"500,001-1,000,000",3
CASH_OUT,Legitimate,577,"10,001-50,000",6
CASH_OUT,Legitimate,577,"100,001-500,000",40
CASH_OUT,Legitimate,577,"5,001-10,000",1
CASH_OUT,Legitimate,577,"50,001-100,000",5
DEBIT,Legitimate,577,"1,001-5,000",13
DEBIT,Legitimate,577,101-500,2
DEBIT,Legitimate,577,"5,001-10,000",2
DEBIT,Legitimate,577,"501-1,000",1
PAYMENT,Legitimate,577,0-100,6
PAYMENT,Legitimate,577,"1,001-5,000",73
PAYMENT,Legitimate,577,"10,001-50,000",16
PAYMENT,Legitimate,577,101-500,10
PAYMENT,Legitimate,577,"5,001-10,000",37
PAYMENT,Legitimate,577,"501-1,000",10
TRANSFER,Fraud,577,"1,000,001+",1
TRANSFER,Fraud,577,"100,001-500,000",2
TRANSFER,Fraud,577,"500,001-1,000,000",3
TRANSFER,Legitimate,577,"1,000,001+",2
TRANSFER,Legitimate,577,"1,001-5,000",1
TRANSFER,Legitimate,577,"10,001-50,000",2
TRANSFER,Legitimate,577,"100,001-500,000",13
TRANSFER,Legitimate,577,"50,001-100,000",4
TRANSFER,Legitimate,577,"500,001-1,000,000",4
CASH_IN,Legitimate,578,"1,001-5,000",3
CASH_IN,Legitimate,578,"10,001-50,000",20
CASH_IN,Legitimate,578,"100,001-500,000",76
CASH_IN,Legitimate,578,"5,001-10,000",2
CASH_IN,Legitimate,578,"50,001-100,000",25
CASH_IN,Legitimate,578,"500,001-1,000,000",3
CASH_OUT,Fraud,578,"1,000,001+",2
CASH_OUT,Fraud,578,"100,001-500,000",4
CASH_OUT,Fraud,578,"50,001-100,000",2
CASH_OUT,Fraud,578,"500,001-1,000,000",2
CASH_OUT,Legitimate,578,"10,001-50,000",3
CASH_OUT,Legitimate,578,"100,001-500,000",13
CASH_OUT,Legitimate,578,"50,001-100,000",7
DEBIT,Legitimate,578,0-100,1
DEBIT,Legitimate,578,"1,001-5,000",7
DEBIT,Legitimate,578,101-500,2
DEBIT,Legitimate,578,"501-1,000",1
PAYMENT,Legitimate,578,0-100,2
PAYMENT,Legitimate,578,"1,001-5,000",44
PAYMENT,Legitimate,578,"10,001-50,000",4
PAYMENT,Legitimate,578,101-500,7
PAYMENT,Legitimate,578,"5,001-10,000",5
PAYMENT,Legitimate,578,"501-1,000",10
TRANSFER,Fraud,578,"1,000,001+",2
TRANSFER,Fraud,578,"100,001-500,000",4
TRANSFER,Fraud,578,"50,001-100,000",2
TRANSFER,Fraud,578,"500,001-1,000,000",2
TRANSFER,Legitimate,578,"1,000,001+",2
TRANSFER,Legitimate,578,"10,001-50,000",2
TRANSFER,Legitimate,578,"100,001-500,000",5
TRANSFER,Legitimate,578,"50,001-100,000",1
TRANSFER,Legitimate,578,"500,001-1,000,000",4
CASH_OUT,Fraud,579,"1,000,001+",3
CASH_OUT,Fraud,579,"10,001-50,000",1
CASH_OUT,Fraud,579,"100,001-500,000",2
TRANSFER,Fraud,579,"1,000,001+",3
TRANSFER,Fraud,579,"10,001-50,000",1
TRANSFER,Fraud,579,"100,001-500,000",2
CASH_OUT,Fraud,580,"1,000,001+",1
CASH_OUT,Fraud,580,"100,001-500,000",2
CASH_OUT,Fraud,580,"500,001-1,000,000",2
CASH_OUT,Legitimate,580,"10,001-50,000",2
CASH_OUT,Legitimate,580,"100,001-500,000",10
CASH_OUT,Legitimate,580,"50,001-100,000",1
PAYMENT,Legitimate,580,0-100,1
PAYMENT,Legitimate,580,"1,001-5,000",11
PAYMENT,Legitimate,580,"10,001-50,000",1
PAYMENT,Legitimate,580,101-500,4
PAYMENT,Legitimate,580,"5,001-10,000",1
PAYMENT,Legitimate,580,"501-1,000",6
TRANSFER,Fraud,580,"1,000,001+",1
TRANSFER,Fraud,580,"100,001-500,000",2
TRANSFER,Fraud,580,"500,001-1,000,000",2
TRANSFER,Legitimate,580,"1,000,001+",1
TRANSFER,Legitimate,580,"100,001-500,000",6
TRANSFER,Legitimate,580,"500,001-1,000,000",4
CASH_OUT,Fraud,581,"1,000,001+",1
CASH_OUT,Fraud,581,"100,001-500,000",3
CASH_OUT,Fraud,581,"500,001-1,000,000",1
TRANSFER,Fraud,581,"1,000,001+",1
TRANSFER,Fraud,581,"100,001-500,000",3
TRANSFER,Fraud,581,"500,001-1,000,000",1
CASH_IN,Legitimate,582,"1,001-5,000",2
CASH_IN,Legitimate,582,"10,001-50,000",15
CASH_IN,Legitimate,582,"100,001-500,000",78
CASH_IN,Legitimate,582,"5,001-10,000",1
CASH_IN,Legitimate,582,"50,001-100,000",19
CASH_IN,Legitimate,582,"500,001-1,000,000",2
CASH_OUT,Fraud,582,"1,000,001+",4
CASH_OUT,Fraud,582,"10,001-50,000",1
CASH_OUT,Fraud,582,"100,001-500,000",2
CASH_OUT,Fraud,582,"500,001-1,000,000",1
CASH_OUT,Legitimate,582,"1,001-5,000",2
CASH_OUT,Legitimate,582,"10,001-50,000",10
CASH_OUT,Legitimate,582,"100,001-500,000",63
CASH_OUT,Legitimate,582,"5,001-10,000",2
CASH_OUT,Legitimate,582,"50,001-100,000",8
CASH_OUT,Legitimate,582,"500,001-1,000,000",1
DEBIT,Legitimate,582,"1,001-5,000",5
DEBIT,Legitimate,582,"10,001-50,000",2
DEBIT,Legitimate,582,101-500,1
DEBIT,Legitimate,582,"5,001-10,000",8
DEBIT,Legitimate,582,"501-1,000",1
PAYMENT,Legitimate,582,0-100,7
PAYMENT,Legitimate,582,"1,001-5,000",147
PAYMENT,Legitimate,582,"10,001-50,000",150
PAYMENT,Legitimate,582,101-500,18
PAYMENT,Legitimate,582,"5,001-10,000",172
PAYMENT,Legitimate,582,"50,001-100,000",3
PAYMENT,Legitimate,582,"501-1,000",19
TRANSFER,Fraud,582,"1,000,001+",4
TRANSFER,Fraud,582,"10,001-50,000",1
TRANSFER,Fraud,582,"100,001-500,000",2
TRANSFER,Fraud,582,"500,001-1,000,000",1
TRANSFER,Legitimate,582,"1,000,001+",1
TRANSFER,Legitimate,582,"1,001-5,000",1
TRANSFER,Legitimate,582,"10,001-50,000",5
TRANSFER,Legitimate,582,"100,001-500,000",11
TRANSFER,Legitimate,582,"5,001-10,000",1
TRANSFER,Legitimate,582,"50,001-100,000",1
TRANSFER,Legitimate,582,"500,001-1,000,000",3
CASH_OUT,Fraud,583,"1,000,001+",2
CASH_OUT,Fraud,583,"1,001-5,000",1
CASH_OUT,Fraud,583,"100,001-500,000",3
CASH_OUT,Fraud,583,"500,001-1,000,000",2
TRANSFER,Fraud,583,"1,000,001+",2
TRANSFER,Fraud,583,"1,001-5,000",1
TRANSFER,Fraud,583,"100,001-500,000",3
TRANSFER,Fraud,583,"500,001-1,000,000",2
CASH_IN,Legitimate,584,"1,001-5,000",2
CASH_IN,Legitimate,584,"10,001-50,000",17
CASH_IN,Legitimate,584,"100,001-500,000",45
CASH_IN,Legitimate,584,"5,001-10,000",2
CASH_IN,Legitimate,584,"50,001-100,000",15
CASH_IN,Legitimate,584,"500,001-1,000,000",1
CASH_OUT,Fraud,584,"1,000,001+",1
CASH_OUT,Fraud,584,"500,001-1,000,000",3
CASH_OUT,Legitimate,584,"1,001-5,000",3
CASH_OUT,Legitimate,584,"10,001-50,000",14
CASH_OUT,Legitimate,584,"100,001-500,000",47
CASH_OUT,Legitimate,584,101-500,1
CASH_OUT,Legitimate,584,"50,001-100,000",10
CASH_OUT,Legitimate,584,"500,001-1,000,000",2
DEBIT,Legitimate,584,"1,001-5,000",1
PAYMENT,Legitimate,584,"1,001-5,000",39
PAYMENT,Legitimate,584,"10,001-50,000",14
PAYMENT,Legitimate,584,101-500,3
PAYMENT,Legitimate,584,"5,001-10,000",34
PAYMENT,Legitimate,584,"501-1,000",5
TRANSFER,Fraud,584,"1,000,001+",1
TRANSFER,Fraud,584,"500,001-1,000,000",3
TRANSFER,Legitimate,584,"1,000,001+",1
TRANSFER,Legitimate,584,"100,001-500,000",10
TRANSFER,Legitimate,584,"50,001-100,000",1
TRANSFER,Legitimate,584,"500,001-1,000,000",6
CASH_IN,Legitimate,585,"1,001-5,000",7
CASH_IN,Legitimate,585,"10,001-50,000",69
CASH_IN,Legitimate,585,"100,001-500,000",348
CASH_IN,Legitimate,585,"5,001-10,000",5
CASH_IN,Legitimate,585,"50,001-100,000",92
CASH_IN,Legitimate,585,"500,001-1,000,000",10
CASH_IN,Legitimate,585,"501-1,000",2
CASH_OUT,Fraud,585,"1,000,001+",2
CASH_OUT,Fraud,585,"100,001-500,000",1
CASH_OUT,Legitimate,585,"1,001-5,000",7
CASH_OUT,Legitimate,585,"10,001-50,000",87
CASH_OUT,Legitimate,585,"100,001-500,000",368
CASH_OUT,Legitimate,585,101-500,2
CASH_OUT,Legitimate,585,"5,001-10,000",10
CASH_OUT,Legitimate,585,"50,001-100,000",96
CASH_OUT,Legitimate,585,"500,001-1,000,000",5
CASH_OUT,Legitimate,585,"501-1,000",1
DEBIT,Legitimate,585,"1,001-5,000",5
PAYMENT,Legitimate,585,0-100,7
PAYMENT,Legitimate,585,"1,001-5,000",222
PAYMENT,Legitimate,585,"10,001-50,000",235
PAYMENT,Legitimate,585,101-500,26
PAYMENT,Legitimate,585,"5,001-10,000",216
PAYMENT,Legitimate,585,"501-1,000",36
TRANSFER,Fraud,585,"1,000,001+",2
TRANSFER,Fraud,585,"100,001-500,000",1
TRANSFER,Legitimate,585,"1,000,001+",21
TRANSFER,Legitimate,585,"1,001-5,000",2
TRANSFER,Legitimate,585,"10,001-50,000",11
TRANSFER,Legitimate,585,"100,001-500,000",105
TRANSFER,Legitimate,585,"5,001-10,000",1
TRANSFER,Legitimate,585,"50,001-100,000",9
TRANSFER,Legitimate,585,"500,001-1,000,000",36
CASH_IN,Legitimate,586,"1,001-5,000",4
CASH_IN,Legitimate,586,"10,001-50,000",73
CASH_IN,Legitimate,586,"100,001-500,000",310
CASH_IN,Legitimate,586,101-500,2
CASH_IN,Legitimate,586,"5,001-10,000",13
CASH_IN,Legitimate,586,"50,001-100,000",82
CASH_IN,Legitimate,586,"500,001-1,000,000",5
CASH_IN,Legitimate,586,"501-1,000",1
CASH_OUT,Fraud,586,0-100,1
CASH_OUT,Fraud,586,"1,000,001+",4
CASH_OUT,Fraud,586,"100,001-500,000",1
CASH_OUT,Legitimate,586,"1,001-5,000",1
CASH_OUT,Legitimate,586,"10,001-50,000",65
CASH_OUT,Legitimate,586,"100,001-500,000",324
CASH_OUT,Legitimate,586,101-500,1
CASH_OUT,Legitimate,586,"5,001-10,000",8
CASH_OUT,Legitimate,586,"50,001-100,000",54
CASH_OUT,Legitimate,586,"500,001-1,000,000",10
DEBIT,Legitimate,586,0-100,1
DEBIT,Legitimate,586,"1,001-5,000",1
DEBIT,Legitimate,586,"10,001-50,000",1
PAYMENT,Legitimate,586,0-100,2
PAYMENT,Legitimate,586,"1,001-5,000",145
PAYMENT,Legitimate,586,"10,001-50,000",162
PAYMENT,Legitimate,586,101-500,22
PAYMENT,Legitimate,586,"5,001-10,000",154
PAYMENT,Legitimate,586,"50,001-100,000",3
PAYMENT,Legitimate,586,"501-1,000",21
TRANSFER,Fraud,586,"1,000,001+",4
TRANSFER,Fraud,586,"100,001-500,000",2
TRANSFER,Legitimate,586,"1,000,001+",24
TRANSFER,Legitimate,586,"10,001-50,000",5
TRANSFER,Legitimate,586,"100,001-500,000",41
TRANSFER,Legitimate,586,"5,001-10,000",1
TRANSFER,Legitimate,586,"50,001-100,000",5
TRANSFER,Legitimate,586,"500,001-1,000,000",28
CASH_IN,Legitimate,587,"1,001-5,000",7
CASH_IN,Legitimate,587,"10,001-50,000",92
CASH_IN,Legitimate,587,"100,001-500,000",473
CASH_IN,Legitimate,587,101-500,1
CASH_IN,Legitimate,587,"5,001-10,000",11
CASH_IN,Legitimate,587,"50,001-100,000",126
CASH_IN,Legitimate,587,"500,001-1,000,000",13
CASH_IN,Legitimate,587,"501-1,000",2
CASH_OUT,Fraud,587,"1,000,001+",1
CASH_OUT,Fraud,587,"100,001-500,000",1
CASH_OUT,Fraud,587,"500,001-1,000,000",1
CASH_OUT,Legitimate,587,"1,001-5,000",8
CASH_OUT,Legitimate,587,"10,001-50,000",105
CASH_OUT,Legitimate,587,"100,001-500,000",564
CASH_OUT,Legitimate,587,101-500,2
CASH_OUT,Legitimate,587,"5,001-10,000",17
CASH_OUT,Legitimate,587,"50,001-100,000",159
CASH_OUT,Legitimate,587,"500,001-1,000,000",10
CASH_OUT,Legitimate,587,"501-1,000",1
DEBIT,Legitimate,587,"1,001-5,000",14
DEBIT,Legitimate,587,"501-1,000",4
PAYMENT,Legitimate,587,0-100,3
PAYMENT,Legitimate,587,"1,001-5,000",199
PAYMENT,Legitimate,587,"10,001-50,000",386
PAYMENT,Legitimate,587,101-500,18
PAYMENT,Legitimate,587,"5,001-10,000",237
PAYMENT,Legitimate,587,"50,001-100,000",17
PAYMENT,Legitimate,587,"501-1,000",20
TRANSFER,Fraud,587,"1,000,001+",1
TRANSFER,Fraud,587,"100,001-500,000",1
TRANSFER,Fraud,587,"500,001-1,000,000",1
TRANSFER,Legitimate,587,"1,000,001+",85
TRANSFER,Legitimate,587,"1,001-5,000",2
TRANSFER,Legitimate,587,"10,001-50,000",10
TRANSFER,Legitimate,587,"100,001-500,000",83
TRANSFER,Legitimate,587,"5,001-10,000",2
TRANSFER,Legitimate,587,"50,001-100,000",12
TRANSFER,Legitimate,587,"500,001-1,000,000",51
CASH_IN,Legitimate,588,"1,001-5,000",7
CASH_IN,Legitimate,588,"10,001-50,000",139
CASH_IN,Legitimate,588,"100,001-500,000",711
CASH_IN,Legitimate,588,101-500,3
CASH_IN,Legitimate,588,"5,001-10,000",23
CASH_IN,Legitimate,588,"50,001-100,000",168
CASH_IN,Legitimate,588,"500,001-1,000,000",17
CASH_IN,Legitimate,588,"501-1,000",1
CASH_OUT,Fraud,588,"1,000,001+",2
CASH_OUT,Fraud,588,"10,001-50,000",2
CASH_OUT,Fraud,588,"100,001-500,000",1
CASH_OUT,Fraud,588,"50,001-100,000",1
CASH_OUT,Legitimate,588,0-100,2
CASH_OUT,Legitimate,588,"1,001-5,000",20
CASH_OUT,Legitimate,588,"10,001-50,000",220
CASH_OUT,Legitimate,588,"100,001-500,000",1028
CASH_OUT,Legitimate,588,101-500,1
CASH_OUT,Legitimate,588,"5,001-10,000",24
CASH_OUT,Legitimate,588,"50,001-100,000",293
CASH_OUT,Legitimate,588,"500,001-1,000,000",30
CASH_OUT,Legitimate,588,"501-1,000",3
DEBIT,Legitimate,588,0-100,1
DEBIT,Legitimate,588,"1,001-5,000",33
DEBIT,Legitimate,588,"10,001-50,000",1
DEBIT,Legitimate,588,101-500,3
DEBIT,Legitimate,588,"5,001-10,000",8
DEBIT,Legitimate,588,"501-1,000",2
PAYMENT,Legitimate,588,0-100,8
PAYMENT,Legitimate,588,"1,001-5,000",379
PAYMENT,Legitimate,588,"10,001-50,000",802
PAYMENT,Legitimate,588,"100,001-500,000",7
PAYMENT,Legitimate,588,101-500,32
PAYMENT,Legitimate,588,"5,001-10,000",363
PAYMENT,Legitimate,588,"50,001-100,000",70
PAYMENT,Legitimate,588,"501-1,000",38
TRANSFER,Fraud,588,"1,000,001+",2
TRANSFER,Fraud,588,"10,001-50,000",2
TRANSFER,Fraud,588,"100,001-500,000",1
TRANSFER,Fraud,588,"50,001-100,000",1
TRANSFER,Legitimate,588,"1,000,001+",85
TRANSFER,Legitimate,588,"1,001-5,000",2
TRANSFER,Legitimate,588,"10,001-50,000",22
TRANSFER,Legitimate,588,"100,001-500,000",169
TRANSFER,Legitimate,588,"5,001-10,000",1
TRANSFER,Legitimate,588,"50,001-100,000",24
TRANSFER,Legitimate,588,"500,001-1,000,000",142
CASH_IN,Legitimate,589,"1,001-5,000",19
CASH_IN,Legitimate,589,"10,001-50,000",178
CASH_IN,Legitimate,589,"100,001-500,000",804
CASH_IN,Legitimate,589,101-500,2
CASH_IN,Legitimate,589,"5,001-10,000",29
CASH_IN,Legitimate,589,"50,001-100,000",194
CASH_IN,Legitimate,589,"500,001-1,000,000",37
CASH_OUT,Fraud,589,"100,001-500,000",1
CASH_OUT,Legitimate,589,0-100,1
CASH_OUT,Legitimate,589,"1,001-5,000",33
CASH_OUT,Legitimate,589,"10,001-50,000",321
CASH_OUT,Legitimate,589,"100,001-500,000",1408
CASH_OUT,Legitimate,589,101-500,2
CASH_OUT,Legitimate,589,"5,001-10,000",40
CASH_OUT,Legitimate,589,"50,001-100,000",411
CASH_OUT,Legitimate,589,"500,001-1,000,000",35
CASH_OUT,Legitimate,589,"501-1,000",2
DEBIT,Legitimate,589,0-100,3
DEBIT,Legitimate,589,"1,001-5,000",33
DEBIT,Legitimate,589,101-500,4
DEBIT,Legitimate,589,"5,001-10,000",4
DEBIT,Legitimate,589,"501-1,000",7
PAYMENT,Legitimate,589,0-100,10
PAYMENT,Legitimate,589,"1,001-5,000",365
PAYMENT,Legitimate,589,"10,001-50,000",1063
PAYMENT,Legitimate,589,"100,001-500,000",5
PAYMENT,Legitimate,589,101-500,31
PAYMENT,Legitimate,589,"5,001-10,000",390
PAYMENT,Legitimate,589,"50,001-100,000",146
PAYMENT,Legitimate,589,"501-1,000",44
TRANSFER,Fraud,589,"100,001-500,000",1
TRANSFER,Legitimate,589,0-100,1
TRANSFER,Legitimate,589,"1,000,001+",108
TRANSFER,Legitimate,589,"1,001-5,000",2
TRANSFER,Legitimate,589,"10,001-50,000",35
TRANSFER,Legitimate,589,"100,001-500,000",249
TRANSFER,Legitimate,589,"5,001-10,000",4
TRANSFER,Legitimate,589,"50,001-100,000",40
TRANSFER,Legitimate,589,"500,001-1,000,000",183
CASH_IN,Legitimate,590,"1,001-5,000",16
CASH_IN,Legitimate,590,"10,001-50,000",176
CASH_IN,Legitimate,590,"100,001-500,000",843
CASH_IN,Legitimate,590,101-500,1
CASH_IN,Legitimate,590,"5,001-10,000",25
CASH_IN,Legitimate,590,"50,001-100,000",235
CASH_IN,Legitimate,590,"500,001-1,000,000",31
CASH_IN,Legitimate,590,"501-1,000",3
CASH_OUT,Fraud,590,"1,000,001+",1
CASH_OUT,Fraud,590,"100,001-500,000",2
CASH_OUT,Fraud,590,"500,001-1,000,000",1
CASH_OUT,Legitimate,590,0-100,2
CASH_OUT,Legitimate,590,"1,001-5,000",44
CASH_OUT,Legitimate,590,"10,001-50,000",339
CASH_OUT,Legitimate,590,"100,001-500,000",1488
CASH_OUT,Legitimate,590,101-500,1
CASH_OUT,Legitimate,590,"5,001-10,000",44
CASH_OUT,Legitimate,590,"50,001-100,000",410
CASH_OUT,Legitimate,590,"500,001-1,000,000",44
CASH_OUT,Legitimate,590,"501-1,000",2
DEBIT,Legitimate,590,"1,001-5,000",33
DEBIT,Legitimate,590,101-500,5
DEBIT,Legitimate,590,"5,001-10,000",7
DEBIT,Legitimate,590,"501-1,000",5
PAYMENT,Legitimate,590,0-100,20
PAYMENT,Legitimate,590,"1,001-5,000",508
PAYMENT,Legitimate,590,"10,001-50,000",955
PAYMENT,Legitimate,590,101-500,53
PAYMENT,Legitimate,590,"5,001-10,000",534
PAYMENT,Legitimate,590,"50,001-100,000",11
PAYMENT,Legitimate,590,"501-1,000",67
TRANSFER,Fraud,590,"1,000,001+",1
TRANSFER,Fraud,590,"100,001-500,000",2
TRANSFER,Fraud,590,"500,001-1,000,000",1
TRANSFER,Legitimate,590,"1,000,001+",150
TRANSFER,Legitimate,590,"1,001-5,000",4
TRANSFER,Legitimate,590,"10,001-50,000",33
TRANSFER,Legitimate,590,"100,001-500,000",283
TRANSFER,Legitimate,590,"5,001-10,000",3
TRANSFER,Legitimate,590,"50,001-100,000",46
TRANSFER,Legitimate,590,"500,001-1,000,000",155
CASH_IN,Legitimate,591,"100,001-500,000",1
CASH_OUT,Fraud,591,"1,000,001+",2
CASH_OUT,Fraud,591,"100,001-500,000",2
CASH_OUT,Fraud,591,"500,001-1,000,000",2
CASH_OUT,Legitimate,591,"1,001-5,000",2
CASH_OUT,Legitimate,591,"10,001-50,000",7
CASH_OUT,Legitimate,591,"100,001-500,000",18
CASH_OUT,Legitimate,591,"50,001-100,000",3
PAYMENT,Legitimate,591,"10,001-50,000",4
PAYMENT,Legitimate,591,"5,001-10,000",3
TRANSFER,Fraud,591,"1,000,001+",2
TRANSFER,Fraud,591,"100,001-500,000",2
TRANSFER,Fraud,591,"500,001-1,000,000",2
TRANSFER,Legitimate,591,"10,001-50,000",1
TRANSFER,Legitimate,591,"100,001-500,000",4
TRANSFER,Legitimate,591,"50,001-100,000",1
TRANSFER,Legitimate,591,"500,001-1,000,000",1
CASH_IN,Legitimate,592,0-100,1
CASH_IN,Legitimate,592,"1,001-5,000",19
CASH_IN,Legitimate,592,"10,001-50,000",198
CASH_IN,Legitimate,592,"100,001-500,000",834
CASH_IN,Legitimate,592,"5,001-10,000",18
CASH_IN,Legitimate,592,"50,001-100,000",240
CASH_IN,Legitimate,592,"500,001-1,000,000",17
CASH_IN,Legitimate,592,"501-1,000",3
CASH_OUT,Fraud,592,"1,000,001+",2
CASH_OUT,Fraud,592,"100,001-500,000",3
CASH_OUT,Legitimate,592,"1,001-5,000",27
CASH_OUT,Legitimate,592,"10,001-50,000",294
CASH_OUT,Legitimate,592,"100,001-500,000",1306
CASH_OUT,Legitimate,592,101-500,2
CASH_OUT,Legitimate,592,"5,001-10,000",56
CASH_OUT,Legitimate,592,"50,001-100,000",377
CASH_OUT,Legitimate,592,"500,001-1,000,000",18
CASH_OUT,Legitimate,592,"501-1,000",1
DEBIT,Legitimate,592,0-100,1
DEBIT,Legitimate,592,"1,001-5,000",31
DEBIT,Legitimate,592,101-500,3
DEBIT,Legitimate,592,"5,001-10,000",2
DEBIT,Legitimate,592,"501-1,000",6
PAYMENT,Legitimate,592,0-100,6
PAYMENT,Legitimate,592,"1,001-5,000",382
PAYMENT,Legitimate,592,"10,001-50,000",582
PAYMENT,Legitimate,592,101-500,21
PAYMENT,Legitimate,592,"5,001-10,000",399
PAYMENT,Legitimate,592,"50,001-100,000",6
PAYMENT,Legitimate,592,"501-1,000",50
TRANSFER,Fraud,592,"1,000,001+",2
TRANSFER,Fraud,592,"100,001-500,000",3
TRANSFER,Legitimate,592,"1,000,001+",87
TRANSFER,Legitimate,592,"1,001-5,000",1
TRANSFER,Legitimate,592,"10,001-50,000",18
TRANSFER,Legitimate,592,"100,001-500,000",195
TRANSFER,Legitimate,592,"5,001-10,000",2
TRANSFER,Legitimate,592,"50,001-100,000",31
TRANSFER,Legitimate,592,"500,001-1,000,000",129
CASH_OUT,Fraud,593,"100,001-500,000",2
TRANSFER,Fraud,593,"100,001-500,000",2
CASH_IN,Legitimate,594,0-100,1
CASH_IN,Legitimate,594,"1,001-5,000",18
CASH_IN,Legitimate,594,"10,001-50,000",218
CASH_IN,Legitimate,594,"100,001-500,000",998
CASH_IN,Legitimate,594,101-500,1
CASH_IN,Legitimate,594,"5,001-10,000",32
CASH_IN,Legitimate,594,"50,001-100,000",302
CASH_IN,Legitimate,594,"500,001-1,000,000",26
CASH_OUT,Fraud,594,"1,000,001+",1
CASH_OUT,Fraud,594,"10,001-50,000",1
CASH_OUT,Fraud,594,"100,001-500,000",3
CASH_OUT,Legitimate,594,0-100,2
CASH_OUT,Legitimate,594,"1,001-5,000",36
CASH_OUT,Legitimate,594,"10,001-50,000",374
CASH_OUT,Legitimate,594,"100,001-500,000",1577
CASH_OUT,Legitimate,594,101-500,3
CASH_OUT,Legitimate,594,"5,001-10,000",55
CASH_OUT,Legitimate,594,"50,001-100,000",533
CASH_OUT,Legitimate,594,"500,001-1,000,000",26
CASH_OUT,Legitimate,594,"501-1,000",8
DEBIT,Legitimate,594,0-100,1
DEBIT,Legitimate,594,"1,001-5,000",43
DEBIT,Legitimate,594,101-500,2
DEBIT,Legitimate,594,"5,001-10,000",10
DEBIT,Legitimate,594,"501-1,000",4
PAYMENT,Legitimate,594,0-100,10
PAYMENT,Legitimate,594,"1,001-5,000",502
PAYMENT,Legitimate,594,"10,001-50,000",626
PAYMENT,Legitimate,594,101-500,51
PAYMENT,Legitimate,594,"5,001-10,000",472
PAYMENT,Legitimate,594,"50,001-100,000",7
PAYMENT,Legitimate,594,"501-1,000",73
TRANSFER,Fraud,594,"1,000,001+",1
TRANSFER,Fraud,594,"10,001-50,000",1
TRANSFER,Fraud,594,"100,001-500,000",3
TRANSFER,Legitimate,594,"1,000,001+",57
TRANSFER,Legitimate,594,"1,001-5,000",2
TRANSFER,Legitimate,594,"10,001-50,000",24
TRANSFER,Legitimate,594,"100,001-500,000",267
TRANSFER,Legitimate,594,"5,001-10,000",1
TRANSFER,Legitimate,594,"50,001-100,000",42
TRANSFER,Legitimate,594,"500,001-1,000,000",122
CASH_IN,Legitimate,595,"1,001-5,000",14
CASH_IN,Legitimate,595,"10,001-50,000",169
CASH_IN,Legitimate,595,"100,001-500,000",703
CASH_IN,Legitimate,595,101-500,3
CASH_IN,Legitimate,595,"5,001-10,000",21
CASH_IN,Legitimate,595,"50,001-100,000",209
CASH_IN,Legitimate,595,"500,001-1,000,000",13
CASH_IN,Legitimate,595,"501-1,000",3
CASH_OUT,Fraud,595,"1,000,001+",1
CASH_OUT,Fraud,595,"100,001-500,000",2
CASH_OUT,Fraud,595,"50,001-100,000",1
CASH_OUT,Fraud,595,"500,001-1,000,000",2
CASH_OUT,Legitimate,595,"1,001-5,000",33
CASH_OUT,Legitimate,595,"10,001-50,000",366
CASH_OUT,Legitimate,595,"100,001-500,000",1142
CASH_OUT,Legitimate,595,101-500,6
CASH_OUT,Legitimate,595,"5,001-10,000",44
CASH_OUT,Legitimate,595,"50,001-100,000",452
CASH_OUT,Legitimate,595,"500,001-1,000,000",9
CASH_OUT,Legitimate,595,"501-1,000",3
DEBIT,Legitimate,595,"1,001-5,000",35
DEBIT,Legitimate,595,101-500,1
DEBIT,Legitimate,595,"5,001-10,000",6
DEBIT,Legitimate,595,"501-1,000",5
PAYMENT,Legitimate,595,0-100,14
PAYMENT,Legitimate,595,"1,001-5,000",514
PAYMENT,Legitimate,595,"10,001-50,000",545
PAYMENT,Legitimate,595,101-500,63
PAYMENT,Legitimate,595,"5,001-10,000",509
PAYMENT,Legitimate,595,"50,001-100,000",10
PAYMENT,Legitimate,595,"501-1,000",53
TRANSFER,Fraud,595,"1,000,001+",1
TRANSFER,Fraud,595,"100,001-500,000",2
TRANSFER,Fraud,595,"50,001-100,000",1
TRANSFER,Fraud,595,"500,001-1,000,000",2
TRANSFER,Legitimate,595,"1,000,001+",45
TRANSFER,Legitimate,595,"1,001-5,000",2
TRANSFER,Legitimate,595,"10,001-50,000",28
TRANSFER,Legitimate,595,"100,001-500,000",255
TRANSFER,Legitimate,595,"5,001-10,000",6
TRANSFER,Legitimate,595,"50,001-100,000",41
TRANSFER,Legitimate,595,"500,001-1,000,000",99
TRANSFER,Legitimate,595,"501-1,000",1
CASH_IN,Legitimate,596,"1,001-5,000",26
CASH_IN,Legitimate,596,"10,001-50,000",309
CASH_IN,Legitimate,596,"100,001-500,000",1255
CASH_IN,Legitimate,596,101-500,2
CASH_IN,Legitimate,596,"5,001-10,000",36
CASH_IN,Legitimate,596,"50,001-100,000",404
CASH_IN,Legitimate,596,"500,001-1,000,000",19
CASH_IN,Legitimate,596,"501-1,000",4
CASH_OUT,Fraud,596,"100,001-500,000",4
CASH_OUT,Legitimate,596,0-100,1
CASH_OUT,Legitimate,596,"1,001-5,000",40
CASH_OUT,Legitimate,596,"10,001-50,000",456
CASH_OUT,Legitimate,596,"100,001-500,000",1557
CASH_OUT,Legitimate,596,101-500,9
CASH_OUT,Legitimate,596,"5,001-10,000",63
CASH_OUT,Legitimate,596,"50,001-100,000",534
CASH_OUT,Legitimate,596,"500,001-1,000,000",34
CASH_OUT,Legitimate,596,"501-1,000",4
DEBIT,Legitimate,596,"1,001-5,000",47
DEBIT,Legitimate,596,"10,001-50,000",1
DEBIT,Legitimate,596,101-500,14
DEBIT,Legitimate,596,"5,001-10,000",6
DEBIT,Legitimate,596,"501-1,000",13
PAYMENT,Legitimate,596,0-100,30
PAYMENT,Legitimate,596,"1,001-5,000",1080
PAYMENT,Legitimate,596,"10,001-50,000",1119
PAYMENT,Legitimate,596,101-500,122
PAYMENT,Legitimate,596,"5,001-10,000",1046
PAYMENT,Legitimate,596,"50,001-100,000",14
PAYMENT,Legitimate,596,"501-1,000",147
TRANSFER,Fraud,596,"100,001-500,000",4
TRANSFER,Legitimate,596,"1,000,001+",139
TRANSFER,Legitimate,596,"1,001-5,000",8
TRANSFER,Legitimate,596,"10,001-50,000",73
TRANSFER,Legitimate,596,"100,001-500,000",465
TRANSFER,Legitimate,596,101-500,1
TRANSFER,Legitimate,596,"5,001-10,000",8
TRANSFER,Legitimate,596,"50,001-100,000",69
TRANSFER,Legitimate,596,"500,001-1,000,000",155
TRANSFER,Legitimate,596,"501-1,000",1
CASH_IN,Legitimate,597,"1,001-5,000",8
CASH_IN,Legitimate,597,"10,001-50,000",88
CASH_IN,Legitimate,597,"100,001-500,000",369
CASH_IN,Legitimate,597,"5,001-10,000",12
CASH_IN,Legitimate,597,"50,001-100,000",150
CASH_IN,Legitimate,597,"500,001-1,000,000",7
CASH_IN,Legitimate,597,"501-1,000",1
CASH_OUT,Fraud,597,"1,000,001+",1
CASH_OUT,Fraud,597,"50,001-100,000",1
CASH_OUT,Fraud,597,"500,001-1,000,000",1
CASH_OUT,Legitimate,597,"1,001-5,000",8
CASH_OUT,Legitimate,597,"10,001-50,000",102
CASH_OUT,Legitimate,597,"100,001-500,000",358
CASH_OUT,Legitimate,597,101-500,2
CASH_OUT,Legitimate,597,"5,001-10,000",16
CASH_OUT,Legitimate,597,"50,001-100,000",129
CASH_OUT,Legitimate,597,"500,001-1,000,000",5
CASH_OUT,Legitimate,597,"501-1,000",1
DEBIT,Legitimate,597,"1,001-5,000",11
DEBIT,Legitimate,597,"501-1,000",1
PAYMENT,Legitimate,597,0-100,9
PAYMENT,Legitimate,597,"1,001-5,000",336
PAYMENT,Legitimate,597,"10,001-50,000",278
PAYMENT,Legitimate,597,101-500,39
PAYMENT,Legitimate,597,"5,001-10,000",282
PAYMENT,Legitimate,597,"501-1,000",52
TRANSFER,Fraud,597,"1,000,001+",1
TRANSFER,Fraud,597,"50,001-100,000",1
TRANSFER,Fraud,597,"500,001-1,000,000",1
TRANSFER,Legitimate,597,"1,000,001+",26
TRANSFER,Legitimate,597,"1,001-5,000",2
TRANSFER,Legitimate,597,"10,001-50,000",19
TRANSFER,Legitimate,597,"100,001-500,000",103
TRANSFER,Legitimate,597,"5,001-10,000",2
TRANSFER,Legitimate,597,"50,001-100,000",24
TRANSFER,Legitimate,597,"500,001-1,000,000",40
CASH_IN,Legitimate,598,"1,001-5,000",3
CASH_IN,Legitimate,598,"10,001-50,000",23
CASH_IN,Legitimate,598,"100,001-500,000",117
CASH_IN,Legitimate,598,"5,001-10,000",8
CASH_IN,Legitimate,598,"50,001-100,000",37
CASH_IN,Legitimate,598,"500,001-1,000,000",4
CASH_OUT,Fraud,598,"1,000,001+",1
CASH_OUT,Fraud,598,"100,001-500,000",1
CASH_OUT,Legitimate,598,"1,001-5,000",3
CASH_OUT,Legitimate,598,"10,001-50,000",23
CASH_OUT,Legitimate,598,"100,001-500,000",83
CASH_OUT,Legitimate,598,"5,001-10,000",4
CASH_OUT,Legitimate,598,"50,001-100,000",48
CASH_OUT,Legitimate,598,"500,001-1,000,000",2
DEBIT,Legitimate,598,"1,001-5,000",1
DEBIT,Legitimate,598,101-500,1
DEBIT,Legitimate,598,"501-1,000",2
PAYMENT,Legitimate,598,0-100,5
PAYMENT,Legitimate,598,"1,001-5,000",164
PAYMENT,Legitimate,598,"10,001-50,000",128
PAYMENT,Legitimate,598,101-500,17
PAYMENT,Legitimate,598,"5,001-10,000",164
PAYMENT,Legitimate,598,"50,001-100,000",2
PAYMENT,Legitimate,598,"501-1,000",18
TRANSFER,Fraud,598,"1,000,001+",1
TRANSFER,Fraud,598,"100,001-500,000",1
TRANSFER,Legitimate,598,"1,000,001+",7
TRANSFER,Legitimate,598,"10,001-50,000",4
TRANSFER,Legitimate,598,"100,001-500,000",38
TRANSFER,Legitimate,598,"5,001-10,000",2
TRANSFER,Legitimate,598,"50,001-100,000",7
TRANSFER,Legitimate,598,"500,001-1,000,000",15
CASH_IN,Legitimate,599,"1,001-5,000",7
CASH_IN,Legitimate,599,"10,001-50,000",48
CASH_IN,Legitimate,599,"100,001-500,000",174
CASH_IN,Legitimate,599,101-500,2
CASH_IN,Legitimate,599,"5,001-10,000",8
CASH_IN,Legitimate,599,"50,001-100,000",55
CASH_IN,Legitimate,599,"500,001-1,000,000",8
CASH_OUT,Fraud,599,"1,001-5,000",1
CASH_OUT,Fraud,599,"100,001-500,000",1
CASH_OUT,Fraud,599,"500,001-1,000,000",1
CASH_OUT,Legitimate,599,0-100,1
CASH_OUT,Legitimate,599,"1,001-5,000",1
CASH_OUT,Legitimate,599,"10,001-50,000",44
CASH_OUT,Legitimate,599,"100,001-500,000",156
CASH_OUT,Legitimate,599,"5,001-10,000",5
CASH_OUT,Legitimate,599,"50,001-100,000",60
CASH_OUT,Legitimate,599,"500,001-1,000,000",1
DEBIT,Legitimate,599,"1,001-5,000",12
DEBIT,Legitimate,599,101-500,4
DEBIT,Legitimate,599,"501-1,000",6
PAYMENT,Legitimate,599,0-100,8
PAYMENT,Legitimate,599,"1,001-5,000",399
PAYMENT,Legitimate,599,"10,001-50,000",222
PAYMENT,Legitimate,599,101-500,50
PAYMENT,Legitimate,599,"5,001-10,000",298
PAYMENT,Legitimate,599,"50,001-100,000",1
PAYMENT,Legitimate,599,"501-1,000",48
TRANSFER,Fraud,599,"1,001-5,000",1
TRANSFER,Fraud,599,"100,001-500,000",1
TRANSFER,Fraud,599,"500,001-1,000,000",1
TRANSFER,Legitimate,599,"1,000,001+",21
TRANSFER,Legitimate,599,"1,001-5,000",2
TRANSFER,Legitimate,599,"10,001-50,000",19
TRANSFER,Legitimate,599,"100,001-500,000",84
TRANSFER,Legitimate,599,"5,001-10,000",3
TRANSFER,Legitimate,599,"50,001-100,000",28
TRANSFER,Legitimate,599,"500,001-1,000,000",34
TRANSFER,Legitimate,599,"501-1,000",1
CASH_OUT,Fraud,600,"1,000,001+",5
CASH_OUT,Fraud,600,"10,001-50,000",1
CASH_OUT,Fraud,600,"500,001-1,000,000",3
TRANSFER,Fraud,600,"1,000,001+",5
TRANSFER,Fraud,600,"10,001-50,000",1
TRANSFER,Fraud,600,"500,001-1,000,000",3
CASH_IN,Legitimate,601,"1,001-5,000",1
CASH_IN,Legitimate,601,"10,001-50,000",25
CASH_IN,Legitimate,601,"100,001-500,000",92
CASH_IN,Legitimate,601,101-500,1
CASH_IN,Legitimate,601,"5,001-10,000",2
CASH_IN,Legitimate,601,"50,001-100,000",21
CASH_IN,Legitimate,601,"500,001-1,000,000",3
CASH_OUT,Fraud,601,"1,000,001+",1
CASH_OUT,Fraud,601,"100,001-500,000",1
CASH_OUT,Fraud,601,"50,001-100,000",3
CASH_OUT,Legitimate,601,"10,001-50,000",8
CASH_OUT,Legitimate,601,"100,001-500,000",51
CASH_OUT,Legitimate,601,101-500,1
CASH_OUT,Legitimate,601,"5,001-10,000",1
CASH_OUT,Legitimate,601,"50,001-100,000",23
CASH_OUT,Legitimate,601,"500,001-1,000,000",3
DEBIT,Legitimate,601,"1,001-5,000",28
DEBIT,Legitimate,601,101-500,2
DEBIT,Legitimate,601,"5,001-10,000",9
DEBIT,Legitimate,601,"501-1,000",3
PAYMENT,Legitimate,601,0-100,6
PAYMENT,Legitimate,601,"1,001-5,000",245
PAYMENT,Legitimate,601,"10,001-50,000",99
PAYMENT,Legitimate,601,101-500,38
PAYMENT,Legitimate,601,"5,001-10,000",82
PAYMENT,Legitimate,601,"501-1,000",29
TRANSFER,Fraud,601,"1,000,001+",1
TRANSFER,Fraud,601,"100,001-500,000",1
TRANSFER,Fraud,601,"50,001-100,000",3
TRANSFER,Legitimate,601,"1,000,001+",7
TRANSFER,Legitimate,601,"1,001-5,000",1
TRANSFER,Legitimate,601,"10,001-50,000",6
TRANSFER,Legitimate,601,"100,001-500,000",37
TRANSFER,Legitimate,601,101-500,1
TRANSFER,Legitimate,601,"5,001-10,000",1
TRANSFER,Legitimate,601,"50,001-100,000",12
TRANSFER,Legitimate,601,"500,001-1,000,000",17
CASH_OUT,Fraud,602,"1,000,001+",1
CASH_OUT,Fraud,602,"100,001-500,000",3
TRANSFER,Fraud,602,"1,000,001+",1
TRANSFER,Fraud,602,"100,001-500,000",3
CASH_OUT,Fraud,603,"1,000,001+",4
CASH_OUT,Fraud,603,"10,001-50,000",1
CASH_OUT,Fraud,603,"100,001-500,000",1
TRANSFER,Fraud,603,"1,000,001+",4
TRANSFER,Fraud,603,"10,001-50,000",1
TRANSFER,Fraud,603,"100,001-500,000",1
CASH_OUT,Fraud,604,"1,000,001+",1
CASH_OUT,Fraud,604,"100,001-500,000",2
CASH_OUT,Fraud,604,"500,001-1,000,000",1
TRANSFER,Fraud,604,"1,000,001+",1
TRANSFER,Fraud,604,"100,001-500,000",2
TRANSFER,Fraud,604,"500,001-1,000,000",1
CASH_OUT,Fraud,605,"1,000,001+",2
CASH_OUT,Fraud,605,"100,001-500,000",5
CASH_OUT,Fraud,605,"500,001-1,000,000",1
TRANSFER,Fraud,605,"1,000,001+",2
TRANSFER,Fraud,605,"100,001-500,000",5
TRANSFER,Fraud,605,"500,001-1,000,000",1
CASH_OUT,Fraud,606,"1,000,001+",4
CASH_OUT,Fraud,606,"100,001-500,000",2
CASH_OUT,Fraud,606,"50,001-100,000",1
TRANSFER,Fraud,606,"1,000,001+",4
TRANSFER,Fraud,606,"100,001-500,000",2
TRANSFER,Fraud,606,"50,001-100,000",1
CASH_OUT,Fraud,607,"100,001-500,000",3
CASH_OUT,Fraud,607,"50,001-100,000",1
TRANSFER,Fraud,607,"100,001-500,000",3
TRANSFER,Fraud,607,"50,001-100,000",1
CASH_IN,Legitimate,608,"1,001-5,000",3
CASH_IN,Legitimate,608,"10,001-50,000",26
CASH_IN,Legitimate,608,"100,001-500,000",169
CASH_IN,Legitimate,608,"5,001-10,000",2
CASH_IN,Legitimate,608,"50,001-100,000",42
CASH_IN,Legitimate,608,"500,001-1,000,000",3
CASH_OUT,Fraud,608,"1,000,001+",2
CASH_OUT,Fraud,608,"10,001-50,000",1
CASH_OUT,Fraud,608,"100,001-500,000",4
CASH_OUT,Fraud,608,"500,001-1,000,000",1
CASH_OUT,Legitimate,608,"1,001-5,000",2
CASH_OUT,Legitimate,608,"10,001-50,000",47
CASH_OUT,Legitimate,608,"100,001-500,000",133
CASH_OUT,Legitimate,608,"5,001-10,000",6
CASH_OUT,Legitimate,608,"50,001-100,000",46
CASH_OUT,Legitimate,608,"500,001-1,000,000",5
DEBIT,Legitimate,608,"1,001-5,000",2
DEBIT,Legitimate,608,"501-1,000",1
PAYMENT,Legitimate,608,0-100,5
PAYMENT,Legitimate,608,"1,001-5,000",154
PAYMENT,Legitimate,608,"10,001-50,000",139
PAYMENT,Legitimate,608,101-500,18
PAYMENT,Legitimate,608,"5,001-10,000",151
PAYMENT,Legitimate,608,"501-1,000",19
TRANSFER,Fraud,608,"1,000,001+",2
TRANSFER,Fraud,608,"10,001-50,000",1
TRANSFER,Fraud,608,"100,001-500,000",4
TRANSFER,Fraud,608,"500,001-1,000,000",1
TRANSFER,Legitimate,608,"1,000,001+",5
TRANSFER,Legitimate,608,"1,001-5,000",1
TRANSFER,Legitimate,608,"10,001-50,000",11
TRANSFER,Legitimate,608,"100,001-500,000",46
TRANSFER,Legitimate,608,"5,001-10,000",2
TRANSFER,Legitimate,608,"50,001-100,000",9
TRANSFER,Legitimate,608,"500,001-1,000,000",19
CASH_OUT,Fraud,609,"100,001-500,000",2
CASH_OUT,Fraud,609,"50,001-100,000",1
CASH_OUT,Fraud,609,"500,001-1,000,000",1
TRANSFER,Fraud,609,"100,001-500,000",2
TRANSFER,Fraud,609,"50,001-100,000",1
TRANSFER,Fraud,609,"500,001-1,000,000",1
CASH_IN,Legitimate,610,"1,001-5,000",7
CASH_IN,Legitimate,610,"10,001-50,000",48
CASH_IN,Legitimate,610,"100,001-500,000",193
CASH_IN,Legitimate,610,"5,001-10,000",8
CASH_IN,Legitimate,610,"50,001-100,000",58
CASH_IN,Legitimate,610,"500,001-1,000,000",2
CASH_IN,Legitimate,610,"501-1,000",1
CASH_OUT,Fraud,610,"10,001-50,000",1
CASH_OUT,Fraud,610,"100,001-500,000",2
CASH_OUT,Fraud,610,"500,001-1,000,000",3
CASH_OUT,Legitimate,610,"1,001-5,000",7
CASH_OUT,Legitimate,610,"10,001-50,000",40
CASH_OUT,Legitimate,610,"100,001-500,000",209
CASH_OUT,Legitimate,610,"5,001-10,000",3
CASH_OUT,Legitimate,610,"50,001-100,000",51
CASH_OUT,Legitimate,610,"500,001-1,000,000",2
CASH_OUT,Legitimate,610,"501-1,000",1
DEBIT,Legitimate,610,"1,001-5,000",5
DEBIT,Legitimate,610,"10,001-50,000",1
DEBIT,Legitimate,610,101-500,1
DEBIT,Legitimate,610,"5,001-10,000",4
PAYMENT,Legitimate,610,0-100,4
PAYMENT,Legitimate,610,"1,001-5,000",150
PAYMENT,Legitimate,610,"10,001-50,000",131
PAYMENT,Legitimate,610,101-500,13
PAYMENT,Legitimate,610,"5,001-10,000",135
PAYMENT,Legitimate,610,"501-1,000",22
TRANSFER,Fraud,610,"10,001-50,000",1
TRANSFER,Fraud,610,"100,001-500,000",2
TRANSFER,Fraud,610,"500,001-1,000,000",3
TRANSFER,Legitimate,610,"1,000,001+",9
TRANSFER,Legitimate,610,"10,001-50,000",7
TRANSFER,Legitimate,610,"100,001-500,000",52
TRANSFER,Legitimate,610,"5,001-10,000",2
TRANSFER,Legitimate,610,"50,001-100,000",14
TRANSFER,Legitimate,610,"500,001-1,000,000",7
CASH_OUT,Fraud,611,"1,000,001+",1
CASH_OUT,Fraud,611,"10,001-50,000",2
CASH_OUT,Fraud,611,"100,001-500,000",1
CASH_OUT,Fraud,611,"50,001-100,000",1
CASH_OUT,Fraud,611,"500,001-1,000,000",2
TRANSFER,Fraud,611,"1,000,001+",1
TRANSFER,Fraud,611,"10,001-50,000",2
TRANSFER,Fraud,611,"100,001-500,000",1
TRANSFER,Fraud,611,"50,001-100,000",1
TRANSFER,Fraud,611,"500,001-1,000,000",2
CASH_IN,Legitimate,612,"1,001-5,000",7
CASH_IN,Legitimate,612,"10,001-50,000",79
CASH_IN,Legitimate,612,"100,001-500,000",464
CASH_IN,Legitimate,612,101-500,1
CASH_IN,Legitimate,612,"5,001-10,000",6
CASH_IN,Legitimate,612,"50,001-100,000",137
CASH_IN,Legitimate,612,"500,001-1,000,000",12
CASH_OUT,Fraud,612,"1,000,001+",2
CASH_OUT,Fraud,612,"10,001-50,000",2
CASH_OUT,Fraud,612,"100,001-500,000",2
CASH_OUT,Legitimate,612,0-100,1
CASH_OUT,Legitimate,612,"1,001-5,000",11
CASH_OUT,Legitimate,612,"10,001-50,000",114
CASH_OUT,Legitimate,612,"100,001-500,000",538
CASH_OUT,Legitimate,612,"5,001-10,000",15
CASH_OUT,Legitimate,612,"50,001-100,000",159
CASH_OUT,Legitimate,612,"500,001-1,000,000",12
CASH_OUT,Legitimate,612,"501-1,000",2
DEBIT,Legitimate,612,"1,001-5,000",9
DEBIT,Legitimate,612,"501-1,000",5
PAYMENT,Legitimate,612,0-100,9
PAYMENT,Legitimate,612,"1,001-5,000",182
PAYMENT,Legitimate,612,"10,001-50,000",416
PAYMENT,Legitimate,612,101-500,13
PAYMENT,Legitimate,612,"5,001-10,000",199
PAYMENT,Legitimate,612,"50,001-100,000",4
PAYMENT,Legitimate,612,"501-1,000",25
TRANSFER,Fraud,612,"1,000,001+",2
TRANSFER,Fraud,612,"10,001-50,000",2
TRANSFER,Fraud,612,"100,001-500,000",2
TRANSFER,Legitimate,612,"1,000,001+",26
TRANSFER,Legitimate,612,"10,001-50,000",14
TRANSFER,Legitimate,612,"100,001-500,000",115
TRANSFER,Legitimate,612,"5,001-10,000",1
TRANSFER,Legitimate,612,"50,001-100,000",15
TRANSFER,Legitimate,612,"500,001-1,000,000",73
TRANSFER,Legitimate,612,"501-1,000",1
CASH_IN,Legitimate,613,"50,001-100,000",1
CASH_OUT,Fraud,613,"1,000,001+",4
CASH_OUT,Fraud,613,"100,001-500,000",3
CASH_OUT,Fraud,613,"50,001-100,000",2
CASH_OUT,Fraud,613,"500,001-1,000,000",1
CASH_OUT,Legitimate,613,"10,001-50,000",6
CASH_OUT,Legitimate,613,"100,001-500,000",13
CASH_OUT,Legitimate,613,"50,001-100,000",4
TRANSFER,Fraud,613,"1,000,001+",4
TRANSFER,Fraud,613,"100,001-500,000",3
TRANSFER,Fraud,613,"50,001-100,000",2
TRANSFER,Fraud,613,"500,001-1,000,000",1
TRANSFER,Legitimate,613,"100,001-500,000",1
CASH_IN,Legitimate,614,0-100,2
CASH_IN,Legitimate,614,"10,001-50,000",57
CASH_IN,Legitimate,614,"100,001-500,000",237
CASH_IN,Legitimate,614,101-500,1
CASH_IN,Legitimate,614,"5,001-10,000",4
CASH_IN,Legitimate,614,"50,001-100,000",58
CASH_IN,Legitimate,614,"500,001-1,000,000",3
CASH_OUT,Fraud,614,"1,000,001+",3
CASH_OUT,Fraud,614,"100,001-500,000",4
CASH_OUT,Fraud,614,"500,001-1,000,000",1
CASH_OUT,Legitimate,614,"1,001-5,000",5
CASH_OUT,Legitimate,614,"10,001-50,000",58
CASH_OUT,Legitimate,614,"100,001-500,000",189
CASH_OUT,Legitimate,614,"5,001-10,000",7
CASH_OUT,Legitimate,614,"50,001-100,000",78
CASH_OUT,Legitimate,614,"500,001-1,000,000",1
DEBIT,Legitimate,614,0-100,1
DEBIT,Legitimate,614,"1,001-5,000",6
DEBIT,Legitimate,614,"10,001-50,000",3
DEBIT,Legitimate,614,101-500,1
DEBIT,Legitimate,614,"5,001-10,000",2
PAYMENT,Legitimate,614,0-100,3
PAYMENT,Legitimate,614,"1,001-5,000",103
PAYMENT,Legitimate,614,"10,001-50,000",200
PAYMENT,Legitimate,614,101-500,12
PAYMENT,Legitimate,614,"5,001-10,000",125
PAYMENT,Legitimate,614,"50,001-100,000",1
PAYMENT,Legitimate,614,"501-1,000",12
TRANSFER,Fraud,614,"1,000,001+",3
TRANSFER,Fraud,614,"100,001-500,000",4
TRANSFER,Fraud,614,"500,001-1,000,000",1
TRANSFER,Legitimate,614,"1,000,001+",5
TRANSFER,Legitimate,614,"1,001-5,000",1
TRANSFER,Legitimate,614,"10,001-50,000",16
TRANSFER,Legitimate,614,"100,001-500,000",42
TRANSFER,Legitimate,614,"5,001-10,000",2
TRANSFER,Legitimate,614,"50,001-100,000",14
TRANSFER,Legitimate,614,"500,001-1,000,000",13
CASH_OUT,Fraud,615,"1,000,001+",1
CASH_OUT,Fraud,615,"100,001-500,000",1
CASH_OUT,Fraud,615,"50,001-100,000",2
TRANSFER,Fraud,615,"1,000,001+",1
TRANSFER,Fraud,615,"100,001-500,000",1
TRANSFER,Fraud,615,"50,001-100,000",2
CASH_OUT,Fraud,616,"1,000,001+",2
CASH_OUT,Fraud,616,"50,001-100,000",1
TRANSFER,Fraud,616,"1,000,001+",2
TRANSFER,Fraud,616,"50,001-100,000",1
CASH_IN,Legitimate,617,"1,001-5,000",7
CASH_IN,Legitimate,617,"10,001-50,000",83
CASH_IN,Legitimate,617,"100,001-500,000",407
CASH_IN,Legitimate,617,"5,001-10,000",8
CASH_IN,Legitimate,617,"50,001-100,000",109
CASH_IN,Legitimate,617,"500,001-1,000,000",10
CASH_IN,Legitimate,617,"501-1,000",2
CASH_OUT,Fraud,617,0-100,1
CASH_OUT,Fraud,617,"1,000,001+",6
CASH_OUT,Fraud,617,"500,001-1,000,000",1
CASH_OUT,Legitimate,617,0-100,1
CASH_OUT,Legitimate,617,"1,001-5,000",15
CASH_OUT,Legitimate,617,"10,001-50,000",155
CASH_OUT,Legitimate,617,"100,001-500,000",543
CASH_OUT,Legitimate,617,101-500,1
CASH_OUT,Legitimate,617,"5,001-10,000",20
CASH_OUT,Legitimate,617,"50,001-100,000",209
CASH_OUT,Legitimate,617,"500,001-1,000,000",13
DEBIT,Legitimate,617,0-100,1
DEBIT,Legitimate,617,"1,001-5,000",7
PAYMENT,Legitimate,617,0-100,3
PAYMENT,Legitimate,617,"1,001-5,000",153
PAYMENT,Legitimate,617,"10,001-50,000",473
PAYMENT,Legitimate,617,101-500,19
PAYMENT,Legitimate,617,"5,001-10,000",194
PAYMENT,Legitimate,617,"50,001-100,000",11
PAYMENT,Legitimate,617,"501-1,000",12
TRANSFER,Fraud,617,"1,000,001+",7
TRANSFER,Fraud,617,"500,001-1,000,000",1
TRANSFER,Legitimate,617,"1,000,001+",25
TRANSFER,Legitimate,617,"1,001-5,000",2
TRANSFER,Legitimate,617,"10,001-50,000",15
TRANSFER,Legitimate,617,"100,001-500,000",105
TRANSFER,Legitimate,617,"5,001-10,000",1
TRANSFER,Legitimate,617,"50,001-100,000",11
TRANSFER,Legitimate,617,"500,001-1,000,000",49
CASH_OUT,Fraud,618,"1,000,001+",1
CASH_OUT,Fraud,618,"10,001-50,000",1
CASH_OUT,Fraud,618,"100,001-500,000",2
TRANSFER,Fraud,618,"1,000,001+",1
TRANSFER,Fraud,618,"10,001-50,000",1
TRANSFER,Fraud,618,"100,001-500,000",2
CASH_IN,Legitimate,619,"1,001-5,000",12
CASH_IN,Legitimate,619,"10,001-50,000",91
CASH_IN,Legitimate,619,"100,001-500,000",387
CASH_IN,Legitimate,619,101-500,1
CASH_IN,Legitimate,619,"5,001-10,000",13
CASH_IN,Legitimate,619,"50,001-100,000",151
CASH_IN,Legitimate,619,"500,001-1,000,000",6
CASH_IN,Legitimate,619,"501-1,000",3
CASH_OUT,Fraud,619,"1,000,001+",2
CASH_OUT,Fraud,619,"100,001-500,000",3
CASH_OUT,Fraud,619,"500,001-1,000,000",2
CASH_OUT,Legitimate,619,"1,001-5,000",13
CASH_OUT,Legitimate,619,"10,001-50,000",195
CASH_OUT,Legitimate,619,"100,001-500,000",512
CASH_OUT,Legitimate,619,101-500,4
CASH_OUT,Legitimate,619,"5,001-10,000",29
CASH_OUT,Legitimate,619,"50,001-100,000",238
CASH_OUT,Legitimate,619,"500,001-1,000,000",5
CASH_OUT,Legitimate,619,"501-1,000",2
DEBIT,Legitimate,619,"1,001-5,000",13
DEBIT,Legitimate,619,101-500,2
DEBIT,Legitimate,619,"501-1,000",2
PAYMENT,Legitimate,619,0-100,3
PAYMENT,Legitimate,619,"1,001-5,000",253
PAYMENT,Legitimate,619,"10,001-50,000",333
PAYMENT,Legitimate,619,101-500,33
PAYMENT,Legitimate,619,"5,001-10,000",222
PAYMENT,Legitimate,619,"50,001-100,000",3
PAYMENT,Legitimate,619,"501-1,000",39
TRANSFER,Fraud,619,"1,000,001+",2
TRANSFER,Fraud,619,"100,001-500,000",3
TRANSFER,Fraud,619,"500,001-1,000,000",2
TRANSFER,Legitimate,619,"1,000,001+",38
TRANSFER,Legitimate,619,"10,001-50,000",12
TRANSFER,Legitimate,619,"100,001-500,000",89
TRANSFER,Legitimate,619,"5,001-10,000",1
TRANSFER,Legitimate,619,"50,001-100,000",19
TRANSFER,Legitimate,619,"500,001-1,000,000",62
CASH_OUT,Fraud,620,"10,001-50,000",1
CASH_OUT,Fraud,620,"100,001-500,000",3
TRANSFER,Fraud,620,"10,001-50,000",1
TRANSFER,Fraud,620,"100,001-500,000",3
CASH_IN,Legitimate,621,"1,001-5,000",5
CASH_IN,Legitimate,621,"10,001-50,000",34
CASH_IN,Legitimate,621,"100,001-500,000",109
CASH_IN,Legitimate,621,"5,001-10,000",8
CASH_IN,Legitimate,621,"50,001-100,000",61
CASH_IN,Legitimate,621,"500,001-1,000,000",6
CASH_OUT,Fraud,621,"1,000,001+",6
CASH_OUT,Fraud,621,"100,001-500,000",2
CASH_OUT,Fraud,621,"500,001-1,000,000",1
CASH_OUT,Legitimate,621,"1,001-5,000",5
CASH_OUT,Legitimate,621,"10,001-50,000",54
CASH_OUT,Legitimate,621,"100,001-500,000",143
CASH_OUT,Legitimate,621,"5,001-10,000",3
CASH_OUT,Legitimate,621,"50,001-100,000",62
CASH_OUT,Legitimate,621,"500,001-1,000,000",3
CASH_OUT,Legitimate,621,"501-1,000",1
DEBIT,Legitimate,621,101-500,1
DEBIT,Legitimate,621,"501-1,000",1
PAYMENT,Legitimate,621,0-100,3
PAYMENT,Legitimate,621,"1,001-5,000",173
PAYMENT,Legitimate,621,"10,001-50,000",136
PAYMENT,Legitimate,621,101-500,28
PAYMENT,Legitimate,621,"5,001-10,000",170
PAYMENT,Legitimate,621,"50,001-100,000",2
PAYMENT,Legitimate,621,"501-1,000",21
TRANSFER,Fraud,621,"1,000,001+",6
TRANSFER,Fraud,621,"100,001-500,000",2
TRANSFER,Fraud,621,"500,001-1,000,000",1
TRANSFER,Legitimate,621,"1,000,001+",5
TRANSFER,Legitimate,621,"1,001-5,000",1
TRANSFER,Legitimate,621,"10,001-50,000",2
TRANSFER,Legitimate,621,"100,001-500,000",37
TRANSFER,Legitimate,621,"50,001-100,000",13
TRANSFER,Legitimate,621,"500,001-1,000,000",16
CASH_OUT,Fraud,622,"100,001-500,000",1
CASH_OUT,Fraud,622,"500,001-1,000,000",1
TRANSFER,Fraud,622,"100,001-500,000",1
TRANSFER,Fraud,622,"500,001-1,000,000",1
CASH_OUT,Fraud,623,"100,001-500,000",1
CASH_OUT,Fraud,623,"50,001-100,000",2
TRANSFER,Fraud,623,"100,001-500,000",1
TRANSFER,Fraud,623,"50,001-100,000",2
CASH_OUT,Fraud,624,"1,000,001+",2
CASH_OUT,Fraud,624,"10,001-50,000",1
CASH_OUT,Fraud,624,"50,001-100,000",1
CASH_OUT,Fraud,624,"500,001-1,000,000",1
TRANSFER,Fraud,624,"1,000,001+",2
TRANSFER,Fraud,624,"10,001-50,000",1
TRANSFER,Fraud,624,"50,001-100,000",1
TRANSFER,Fraud,624,"500,001-1,000,000",1
CASH_OUT,Fraud,625,"1,000,001+",7
CASH_OUT,Fraud,625,"10,001-50,000",1
CASH_OUT,Fraud,625,"100,001-500,000",3
CASH_OUT,Fraud,625,"50,001-100,000",1
TRANSFER,Fraud,625,"1,000,001+",7
TRANSFER,Fraud,625,"10,001-50,000",1
TRANSFER,Fraud,625,"100,001-500,000",3
TRANSFER,Fraud,625,"50,001-100,000",1
CASH_OUT,Fraud,626,"10,001-50,000",2
CASH_OUT,Fraud,626,"50,001-100,000",1
TRANSFER,Fraud,626,"10,001-50,000",2
TRANSFER,Fraud,626,"50,001-100,000",1
CASH_OUT,Fraud,627,"1,000,001+",1
CASH_OUT,Fraud,627,"500,001-1,000,000",1
TRANSFER,Fraud,627,"1,000,001+",1
TRANSFER,Fraud,627,"500,001-1,000,000",1
CASH_OUT,Fraud,628,"100,001-500,000",1
CASH_OUT,Fraud,628,"50,001-100,000",1
CASH_OUT,Fraud,628,"500,001-1,000,000",1
TRANSFER,Fraud,628,"100,001-500,000",1
TRANSFER,Fraud,628,"50,001-100,000",1
TRANSFER,Fraud,628,"500,001-1,000,000",1
CASH_OUT,Fraud,629,"1,000,001+",3
CASH_OUT,Fraud,629,"1,001-5,000",1
CASH_OUT,Fraud,629,"10,001-50,000",1
CASH_OUT,Fraud,629,"100,001-500,000",1
CASH_OUT,Fraud,629,"5,001-10,000",1
CASH_OUT,Fraud,629,"50,001-100,000",1
CASH_OUT,Fraud,629,"500,001-1,000,000",2
TRANSFER,Fraud,629,"1,000,001+",3
TRANSFER,Fraud,629,"1,001-5,000",1
TRANSFER,Fraud,629,"10,001-50,000",1
TRANSFER,Fraud,629,"100,001-500,000",1
TRANSFER,Fraud,629,"5,001-10,000",1
TRANSFER,Fraud,629,"50,001-100,000",1
TRANSFER,Fraud,629,"500,001-1,000,000",2
CASH_IN,Legitimate,630,"1,001-5,000",3
CASH_IN,Legitimate,630,"10,001-50,000",13
CASH_IN,Legitimate,630,"100,001-500,000",31
CASH_IN,Legitimate,630,101-500,1
CASH_IN,Legitimate,630,"5,001-10,000",1
CASH_IN,Legitimate,630,"50,001-100,000",6
CASH_IN,Legitimate,630,"500,001-1,000,000",2
CASH_OUT,Fraud,630,"10,001-50,000",1
CASH_OUT,Fraud,630,"500,001-1,000,000",1
CASH_OUT,Legitimate,630,"10,001-50,000",1
CASH_OUT,Legitimate,630,"100,001-500,000",15
CASH_OUT,Legitimate,630,"50,001-100,000",5
DEBIT,Legitimate,630,101-500,1
PAYMENT,Legitimate,630,0-100,1
PAYMENT,Legitimate,630,"1,001-5,000",19
PAYMENT,Legitimate,630,"10,001-50,000",9
PAYMENT,Legitimate,630,"5,001-10,000",19
PAYMENT,Legitimate,630,"501-1,000",3
TRANSFER,Fraud,630,"10,001-50,000",1
TRANSFER,Fraud,630,"500,001-1,000,000",1
TRANSFER,Legitimate,630,"1,000,001+",3
TRANSFER,Legitimate,630,"10,001-50,000",3
TRANSFER,Legitimate,630,"100,001-500,000",5
TRANSFER,Legitimate,630,"5,001-10,000",2
TRANSFER,Legitimate,630,"50,001-100,000",1
TRANSFER,Legitimate,630,"500,001-1,000,000",2
CASH_OUT,Fraud,631,"1,000,001+",3
CASH_OUT,Fraud,631,101-500,1
CASH_OUT,Fraud,631,"500,001-1,000,000",2
TRANSFER,Fraud,631,"1,000,001+",3
TRANSFER,Fraud,631,101-500,1
TRANSFER,Fraud,631,"500,001-1,000,000",2
CASH_OUT,Fraud,632,"100,001-500,000",2
CASH_OUT,Fraud,632,"50,001-100,000",2
TRANSFER,Fraud,632,"100,001-500,000",2
TRANSFER,Fraud,632,"50,001-100,000",2
CASH_OUT,Fraud,633,"1,000,001+",1
CASH_OUT,Fraud,633,"100,001-500,000",2
CASH_OUT,Fraud,633,"50,001-100,000",1
TRANSFER,Fraud,633,"1,000,001+",1
TRANSFER,Fraud,633,"100,001-500,000",2
TRANSFER,Fraud,633,"50,001-100,000",1
CASH_OUT,Fraud,634,"1,000,001+",1
CASH_OUT,Fraud,634,"10,001-50,000",1
CASH_OUT,Fraud,634,"100,001-500,000",3
TRANSFER,Fraud,634,"1,000,001+",1
TRANSFER,Fraud,634,"10,001-50,000",1
TRANSFER,Fraud,634,"100,001-500,000",3
CASH_OUT,Fraud,635,"1,000,001+",2
CASH_OUT,Fraud,635,"10,001-50,000",1
CASH_OUT,Fraud,635,"100,001-500,000",3
CASH_OUT,Fraud,635,"500,001-1,000,000",2
TRANSFER,Fraud,635,"1,000,001+",2
TRANSFER,Fraud,635,"10,001-50,000",1
TRANSFER,Fraud,635,"100,001-500,000",3
TRANSFER,Fraud,635,"500,001-1,000,000",2
CASH_OUT,Fraud,636,"1,000,001+",1
CASH_OUT,Fraud,636,"100,001-500,000",2
CASH_OUT,Fraud,636,"50,001-100,000",1
CASH_OUT,Fraud,636,"500,001-1,000,000",2
TRANSFER,Fraud,636,"1,000,001+",1
TRANSFER,Fraud,636,"100,001-500,000",2
TRANSFER,Fraud,636,"50,001-100,000",1
TRANSFER,Fraud,636,"500,001-1,000,000",2
CASH_IN,Legitimate,637,"1,001-5,000",19
CASH_IN,Legitimate,637,"10,001-50,000",96
CASH_IN,Legitimate,637,"100,001-500,000",556
CASH_IN,Legitimate,637,"5,001-10,000",9
CASH_IN,Legitimate,637,"50,001-100,000",141
CASH_IN,Legitimate,637,"500,001-1,000,000",17
CASH_IN,Legitimate,637,"501-1,000",1
CASH_OUT,Fraud,637,"1,000,001+",1
CASH_OUT,Fraud,637,"10,001-50,000",1
CASH_OUT,Fraud,637,"100,001-500,000",3
CASH_OUT,Fraud,637,"50,001-100,000",1
CASH_OUT,Legitimate,637,0-100,1
CASH_OUT,Legitimate,637,"1,001-5,000",10
CASH_OUT,Legitimate,637,"10,001-50,000",150
CASH_OUT,Legitimate,637,"100,001-500,000",770
CASH_OUT,Legitimate,637,101-500,1
CASH_OUT,Legitimate,637,"5,001-10,000",16
CASH_OUT,Legitimate,637,"50,001-100,000",151
CASH_OUT,Legitimate,637,"500,001-1,000,000",34
CASH_OUT,Legitimate,637,"501-1,000",3
DEBIT,Legitimate,637,0-100,1
DEBIT,Legitimate,637,"1,001-5,000",7
DEBIT,Legitimate,637,"501-1,000",2
PAYMENT,Legitimate,637,0-100,2
PAYMENT,Legitimate,637,"1,001-5,000",156
PAYMENT,Legitimate,637,"10,001-50,000",562
PAYMENT,Legitimate,637,"100,001-500,000",2
PAYMENT,Legitimate,637,101-500,24
PAYMENT,Legitimate,637,"5,001-10,000",209
PAYMENT,Legitimate,637,"50,001-100,000",59
PAYMENT,Legitimate,637,"501-1,000",18
TRANSFER,Fraud,637,"1,000,001+",1
TRANSFER,Fraud,637,"10,001-50,000",1
TRANSFER,Fraud,637,"100,001-500,000",3
TRANSFER,Fraud,637,"50,001-100,000",1
TRANSFER,Legitimate,637,"1,000,001+",46
TRANSFER,Legitimate,637,"1,001-5,000",1
TRANSFER,Legitimate,637,"10,001-50,000",20
TRANSFER,Legitimate,637,"100,001-500,000",166
TRANSFER,Legitimate,637,"50,001-100,000",27
TRANSFER,Legitimate,637,"500,001-1,000,000",101
CASH_OUT,Fraud,638,"1,000,001+",3
CASH_OUT,Fraud,638,"10,001-50,000",1
CASH_OUT,Fraud,638,"100,001-500,000",3
TRANSFER,Fraud,638,"1,000,001+",3
TRANSFER,Fraud,638,"10,001-50,000",1
TRANSFER,Fraud,638,"100,001-500,000",3
CASH_OUT,Fraud,639,"10,001-50,000",2
CASH_OUT,Fraud,639,"100,001-500,000",4
CASH_OUT,Fraud,639,"500,001-1,000,000",1
TRANSFER,Fraud,639,"10,001-50,000",2
TRANSFER,Fraud,639,"100,001-500,000",4
TRANSFER,Fraud,639,"500,001-1,000,000",1
CASH_IN,Legitimate,640,"1,001-5,000",5
CASH_IN,Legitimate,640,"10,001-50,000",49
CASH_IN,Legitimate,640,"100,001-500,000",261
CASH_IN,Legitimate,640,"5,001-10,000",5
CASH_IN,Legitimate,640,"50,001-100,000",74
CASH_IN,Legitimate,640,"500,001-1,000,000",8
CASH_IN,Legitimate,640,"501-1,000",1
CASH_OUT,Fraud,640,"1,000,001+",2
CASH_OUT,Fraud,640,"10,001-50,000",3
CASH_OUT,Fraud,640,"100,001-500,000",1
CASH_OUT,Fraud,640,"50,001-100,000",1
CASH_OUT,Legitimate,640,0-100,1
CASH_OUT,Legitimate,640,"1,001-5,000",9
CASH_OUT,Legitimate,640,"10,001-50,000",62
CASH_OUT,Legitimate,640,"100,001-500,000",341
CASH_OUT,Legitimate,640,101-500,2
CASH_OUT,Legitimate,640,"5,001-10,000",11
CASH_OUT,Legitimate,640,"50,001-100,000",82
CASH_OUT,Legitimate,640,"500,001-1,000,000",12
DEBIT,Legitimate,640,"501-1,000",1
PAYMENT,Legitimate,640,0-100,3
PAYMENT,Legitimate,640,"1,001-5,000",120
PAYMENT,Legitimate,640,"10,001-50,000",142
PAYMENT,Legitimate,640,101-500,14
PAYMENT,Legitimate,640,"5,001-10,000",89
PAYMENT,Legitimate,640,"50,001-100,000",1
PAYMENT,Legitimate,640,"501-1,000",26
TRANSFER,Fraud,640,"1,000,001+",2
TRANSFER,Fraud,640,"10,001-50,000",3
TRANSFER,Fraud,640,"100,001-500,000",1
TRANSFER,Fraud,640,"50,001-100,000",1
TRANSFER,Legitimate,640,"1,000,001+",12
TRANSFER,Legitimate,640,"10,001-50,000",1
TRANSFER,Legitimate,640,"100,001-500,000",28
TRANSFER,Legitimate,640,"50,001-100,000",2
TRANSFER,Legitimate,640,"500,001-1,000,000",22
CASH_OUT,Fraud,641,"1,000,001+",2
CASH_OUT,Fraud,641,"1,001-5,000",1
CASH_OUT,Fraud,641,"10,001-50,000",1
CASH_OUT,Fraud,641,"100,001-500,000",1
TRANSFER,Fraud,641,"1,000,001+",2
TRANSFER,Fraud,641,"1,001-5,000",1
TRANSFER,Fraud,641,"10,001-50,000",1
TRANSFER,Fraud,641,"100,001-500,000",1
CASH_IN,Legitimate,642,"1,001-5,000",1
CASH_IN,Legitimate,642,"10,001-50,000",37
CASH_IN,Legitimate,642,"100,001-500,000",183
CASH_IN,Legitimate,642,101-500,1
CASH_IN,Legitimate,642,"5,001-10,000",4
CASH_IN,Legitimate,642,"50,001-100,000",45
CASH_IN,Legitimate,642,"500,001-1,000,000",6
CASH_IN,Legitimate,642,"501-1,000",3
CASH_OUT,Fraud,642,"10,001-50,000",2
CASH_OUT,Fraud,642,"100,001-500,000",2
CASH_OUT,Legitimate,642,"1,001-5,000",4
CASH_OUT,Legitimate,642,"10,001-50,000",46
CASH_OUT,Legitimate,642,"100,001-500,000",187
CASH_OUT,Legitimate,642,101-500,2
CASH_OUT,Legitimate,642,"5,001-10,000",8
CASH_OUT,Legitimate,642,"50,001-100,000",48
CASH_OUT,Legitimate,642,"500,001-1,000,000",7
DEBIT,Legitimate,642,"1,001-5,000",2
DEBIT,Legitimate,642,101-500,1
DEBIT,Legitimate,642,"501-1,000",2
PAYMENT,Legitimate,642,0-100,3
PAYMENT,Legitimate,642,"1,001-5,000",146
PAYMENT,Legitimate,642,"10,001-50,000",154
PAYMENT,Legitimate,642,101-500,19
PAYMENT,Legitimate,642,"5,001-10,000",105
PAYMENT,Legitimate,642,"50,001-100,000",1
PAYMENT,Legitimate,642,"501-1,000",17
TRANSFER,Fraud,642,"10,001-50,000",2
TRANSFER,Fraud,642,"100,001-500,000",2
TRANSFER,Legitimate,642,"1,000,001+",8
TRANSFER,Legitimate,642,"1,001-5,000",1
TRANSFER,Legitimate,642,"10,001-50,000",9
TRANSFER,Legitimate,642,"100,001-500,000",59
TRANSFER,Legitimate,642,"50,001-100,000",7
TRANSFER,Legitimate,642,"500,001-1,000,000",17
CASH_OUT,Fraud,643,"1,000,001+",2
CASH_OUT,Fraud,643,"1,001-5,000",1
CASH_OUT,Fraud,643,"10,001-50,000",2
CASH_OUT,Fraud,643,"100,001-500,000",2
TRANSFER,Fraud,643,"1,000,001+",2
TRANSFER,Fraud,643,"1,001-5,000",1
TRANSFER,Fraud,643,"10,001-50,000",2
TRANSFER,Fraud,643,"100,001-500,000",2
CASH_IN,Legitimate,644,0-100,2
CASH_IN,Legitimate,644,"1,001-5,000",12
CASH_IN,Legitimate,644,"10,001-50,000",74
CASH_IN,Legitimate,644,"100,001-500,000",308
CASH_IN,Legitimate,644,"5,001-10,000",6
CASH_IN,Legitimate,644,"50,001-100,000",103
CASH_IN,Legitimate,644,"500,001-1,000,000",7
CASH_IN,Legitimate,644,"501-1,000",2
CASH_OUT,Fraud,644,"1,000,001+",1
CASH_OUT,Fraud,644,"100,001-500,000",1
CASH_OUT,Fraud,644,"50,001-100,000",1
CASH_OUT,Fraud,644,"500,001-1,000,000",2
CASH_OUT,Legitimate,644,"1,001-5,000",15
CASH_OUT,Legitimate,644,"10,001-50,000",104
CASH_OUT,Legitimate,644,"100,001-500,000",438
CASH_OUT,Legitimate,644,101-500,2
CASH_OUT,Legitimate,644,"5,001-10,000",12
CASH_OUT,Legitimate,644,"50,001-100,000",130
CASH_OUT,Legitimate,644,"500,001-1,000,000",13
CASH_OUT,Legitimate,644,"501-1,000",1
DEBIT,Legitimate,644,0-100,2
DEBIT,Legitimate,644,"1,001-5,000",10
DEBIT,Legitimate,644,101-500,1
PAYMENT,Legitimate,644,0-100,2
PAYMENT,Legitimate,644,"1,001-5,000",195
PAYMENT,Legitimate,644,"10,001-50,000",360
PAYMENT,Legitimate,644,101-500,15
PAYMENT,Legitimate,644,"5,001-10,000",214
PAYMENT,Legitimate,644,"50,001-100,000",3
PAYMENT,Legitimate,644,"501-1,000",21
TRANSFER,Fraud,644,"1,000,001+",1
TRANSFER,Fraud,644,"100,001-500,000",1
TRANSFER,Fraud,644,"50,001-100,000",1
TRANSFER,Fraud,644,"500,001-1,000,000",2
TRANSFER,Legitimate,644,"1,000,001+",31
TRANSFER,Legitimate,644,"10,001-50,000",17
TRANSFER,Legitimate,644,"100,001-500,000",97
TRANSFER,Legitimate,644,"50,001-100,000",14
TRANSFER,Legitimate,644,"500,001-1,000,000",46
CASH_OUT,Fraud,645,"1,000,001+",2
CASH_OUT,Fraud,645,"10,001-50,000",1
CASH_OUT,Fraud,645,"100,001-500,000",2
TRANSFER,Fraud,645,"1,000,001+",2
TRANSFER,Fraud,645,"10,001-50,000",1
TRANSFER,Fraud,645,"100,001-500,000",2
CASH_OUT,Fraud,646,0-100,2
CASH_OUT,Fraud,646,"1,000,001+",6
CASH_OUT,Fraud,646,"10,001-50,000",1
CASH_OUT,Fraud,646,"500,001-1,000,000",1
TRANSFER,Fraud,646,"1,000,001+",7
TRANSFER,Fraud,646,"10,001-50,000",1
TRANSFER,Fraud,646,"100,001-500,000",1
TRANSFER,Fraud,646,"500,001-1,000,000",1
CASH_OUT,Fraud,647,"1,000,001+",2
CASH_OUT,Fraud,647,"50,001-100,000",2
CASH_OUT,Fraud,647,"500,001-1,000,000",1
TRANSFER,Fraud,647,"1,000,001+",2
TRANSFER,Fraud,647,"50,001-100,000",2
TRANSFER,Fraud,647,"500,001-1,000,000",1
CASH_OUT,Fraud,648,"1,000,001+",2
CASH_OUT,Fraud,648,"10,001-50,000",2
CASH_OUT,Fraud,648,"100,001-500,000",2
CASH_OUT,Fraud,648,"500,001-1,000,000",1
TRANSFER,Fraud,648,"1,000,001+",2
TRANSFER,Fraud,648,"10,001-50,000",2
TRANSFER,Fraud,648,"100,001-500,000",2
TRANSFER,Fraud,648,"500,001-1,000,000",1
CASH_IN,Legitimate,649,"1,001-5,000",3
CASH_IN,Legitimate,649,"10,001-50,000",7
CASH_IN,Legitimate,649,"100,001-500,000",50
CASH_IN,Legitimate,649,"5,001-10,000",2
CASH_IN,Legitimate,649,"50,001-100,000",17
CASH_IN,Legitimate,649,"500,001-1,000,000",5
CASH_OUT,Fraud,649,"10,001-50,000",1
CASH_OUT,Fraud,649,"100,001-500,000",2
CASH_OUT,Fraud,649,"500,001-1,000,000",2
CASH_OUT,Legitimate,649,"10,001-50,000",7
CASH_OUT,Legitimate,649,"100,001-500,000",32
CASH_OUT,Legitimate,649,"50,001-100,000",5
CASH_OUT,Legitimate,649,"500,001-1,000,000",1
DEBIT,Legitimate,649,"1,001-5,000",7
DEBIT,Legitimate,649,101-500,1
DEBIT,Legitimate,649,"5,001-10,000",2
DEBIT,Legitimate,649,"501-1,000",2
PAYMENT,Legitimate,649,0-100,2
PAYMENT,Legitimate,649,"1,001-5,000",57
PAYMENT,Legitimate,649,"10,001-50,000",8
PAYMENT,Legitimate,649,101-500,10
PAYMENT,Legitimate,649,"5,001-10,000",13
PAYMENT,Legitimate,649,"501-1,000",8
TRANSFER,Fraud,649,"10,001-50,000",1
TRANSFER,Fraud,649,"100,001-500,000",2
TRANSFER,Fraud,649,"500,001-1,000,000",2
TRANSFER,Legitimate,649,"1,000,001+",2
TRANSFER,Legitimate,649,"10,001-50,000",1
TRANSFER,Legitimate,649,"100,001-500,000",9
TRANSFER,Legitimate,649,"500,001-1,000,000",2
CASH_OUT,Fraud,650,"1,000,001+",2
CASH_OUT,Fraud,650,"10,001-50,000",1
CASH_OUT,Fraud,650,"100,001-500,000",1
CASH_OUT,Fraud,650,"50,001-100,000",2
CASH_OUT,Fraud,650,"500,001-1,000,000",2
TRANSFER,Fraud,650,"1,000,001+",2
TRANSFER,Fraud,650,"10,001-50,000",1
TRANSFER,Fraud,650,"100,001-500,000",1
TRANSFER,Fraud,650,"50,001-100,000",2
TRANSFER,Fraud,650,"500,001-1,000,000",2
CASH_OUT,Fraud,651,"1,000,001+",2
CASH_OUT,Fraud,651,"100,001-500,000",1
CASH_OUT,Fraud,651,"50,001-100,000",1
CASH_OUT,Fraud,651,"500,001-1,000,000",1
TRANSFER,Fraud,651,"1,000,001+",2
TRANSFER,Fraud,651,"100,001-500,000",1
TRANSFER,Fraud,651,"50,001-100,000",1
TRANSFER,Fraud,651,"500,001-1,000,000",1
CASH_OUT,Fraud,652,"1,000,001+",2
CASH_OUT,Fraud,652,"100,001-500,000",1
CASH_OUT,Fraud,652,"50,001-100,000",2
CASH_OUT,Fraud,652,"500,001-1,000,000",2
TRANSFER,Fraud,652,"1,000,001+",2
TRANSFER,Fraud,652,"100,001-500,000",1
TRANSFER,Fraud,652,"50,001-100,000",2
TRANSFER,Fraud,652,"500,001-1,000,000",2
CASH_OUT,Fraud,653,"100,001-500,000",1
CASH_OUT,Fraud,653,101-500,1
CASH_OUT,Fraud,653,"500,001-1,000,000",2
TRANSFER,Fraud,653,"100,001-500,000",1
TRANSFER,Fraud,653,101-500,1
TRANSFER,Fraud,653,"500,001-1,000,000",2
CASH_OUT,Fraud,654,"1,000,001+",1
CASH_OUT,Fraud,654,"10,001-50,000",1
CASH_OUT,Fraud,654,"100,001-500,000",1
CASH_OUT,Fraud,654,"500,001-1,000,000",1
TRANSFER,Fraud,654,"1,000,001+",1
TRANSFER,Fraud,654,"10,001-50,000",1
TRANSFER,Fraud,654,"100,001-500,000",1
TRANSFER,Fraud,654,"500,001-1,000,000",1
CASH_OUT,Fraud,655,"10,001-50,000",1
CASH_OUT,Fraud,655,"100,001-500,000",1
TRANSFER,Fraud,655,"10,001-50,000",1
TRANSFER,Fraud,655,"100,001-500,000",1
CASH_IN,Legitimate,656,"1,001-5,000",7
CASH_IN,Legitimate,656,"10,001-50,000",66
CASH_IN,Legitimate,656,"100,001-500,000",259
CASH_IN,Legitimate,656,"5,001-10,000",9
CASH_IN,Legitimate,656,"50,001-100,000",70
CASH_IN,Legitimate,656,"500,001-1,000,000",2
CASH_OUT,Fraud,656,"1,000,001+",1
CASH_OUT,Fraud,656,"10,001-50,000",1
CASH_OUT,Fraud,656,"100,001-500,000",3
CASH_OUT,Fraud,656,"5,001-10,000",1
CASH_OUT,Fraud,656,"50,001-100,000",1
CASH_OUT,Fraud,656,"500,001-1,000,000",1
CASH_OUT,Legitimate,656,0-100,1
CASH_OUT,Legitimate,656,"1,001-5,000",8
CASH_OUT,Legitimate,656,"10,001-50,000",69
CASH_OUT,Legitimate,656,"100,001-500,000",296
CASH_OUT,Legitimate,656,101-500,2
CASH_OUT,Legitimate,656,"5,001-10,000",6
CASH_OUT,Legitimate,656,"50,001-100,000",81
CASH_OUT,Legitimate,656,"500,001-1,000,000",5
CASH_OUT,Legitimate,656,"501-1,000",1
DEBIT,Legitimate,656,0-100,3
DEBIT,Legitimate,656,"1,001-5,000",6
DEBIT,Legitimate,656,"501-1,000",5
PAYMENT,Legitimate,656,0-100,12
PAYMENT,Legitimate,656,"1,001-5,000",343
PAYMENT,Legitimate,656,"10,001-50,000",197
PAYMENT,Legitimate,656,101-500,41
PAYMENT,Legitimate,656,"5,001-10,000",236
PAYMENT,Legitimate,656,"50,001-100,000",1
PAYMENT,Legitimate,656,"501-1,000",49
TRANSFER,Fraud,656,"1,000,001+",1
TRANSFER,Fraud,656,"10,001-50,000",1
TRANSFER,Fraud,656,"100,001-500,000",3
TRANSFER,Fraud,656,"5,001-10,000",1
TRANSFER,Fraud,656,"50,001-100,000",1
TRANSFER,Fraud,656,"500,001-1,000,000",1
TRANSFER,Legitimate,656,"1,000,001+",18
TRANSFER,Legitimate,656,"1,001-5,000",1
TRANSFER,Legitimate,656,"10,001-50,000",12
TRANSFER,Legitimate,656,"100,001-500,000",96
TRANSFER,Legitimate,656,"5,001-10,000",1
TRANSFER,Legitimate,656,"50,001-100,000",19
TRANSFER,Legitimate,656,"500,001-1,000,000",27
CASH_OUT,Fraud,657,"1,000,001+",3
CASH_OUT,Fraud,657,"10,001-50,000",2
TRANSFER,Fraud,657,"1,000,001+",3
TRANSFER,Fraud,657,"10,001-50,000",2
CASH_OUT,Fraud,658,"1,000,001+",2
CASH_OUT,Fraud,658,"10,001-50,000",1
CASH_OUT,Fraud,658,"100,001-500,000",1
CASH_OUT,Fraud,658,"50,001-100,000",2
CASH_OUT,Fraud,658,"500,001-1,000,000",1
TRANSFER,Fraud,658,"1,000,001+",2
TRANSFER,Fraud,658,"10,001-50,000",1
TRANSFER,Fraud,658,"100,001-500,000",1
TRANSFER,Fraud,658,"50,001-100,000",2
TRANSFER,Fraud,658,"500,001-1,000,000",1
CASH_IN,Legitimate,659,"1,001-5,000",6
CASH_IN,Legitimate,659,"10,001-50,000",91
CASH_IN,Legitimate,659,"100,001-500,000",438
CASH_IN,Legitimate,659,101-500,2
CASH_IN,Legitimate,659,"5,001-10,000",8
CASH_IN,Legitimate,659,"50,001-100,000",123
CASH_IN,Legitimate,659,"500,001-1,000,000",16
CASH_IN,Legitimate,659,"501-1,000",1
CASH_OUT,Fraud,659,"1,000,001+",3
CASH_OUT,Fraud,659,"100,001-500,000",1
CASH_OUT,Fraud,659,"50,001-100,000",1
CASH_OUT,Legitimate,659,"1,001-5,000",6
CASH_OUT,Legitimate,659,"10,001-50,000",85
CASH_OUT,Legitimate,659,"100,001-500,000",507
CASH_OUT,Legitimate,659,"5,001-10,000",10
CASH_OUT,Legitimate,659,"50,001-100,000",124
CASH_OUT,Legitimate,659,"500,001-1,000,000",24
CASH_OUT,Legitimate,659,"501-1,000",3
DEBIT,Legitimate,659,"1,001-5,000",10
DEBIT,Legitimate,659,101-500,1
DEBIT,Legitimate,659,"5,001-10,000",1
DEBIT,Legitimate,659,"501-1,000",1
PAYMENT,Legitimate,659,0-100,2
PAYMENT,Legitimate,659,"1,001-5,000",201
PAYMENT,Legitimate,659,"10,001-50,000",313
PAYMENT,Legitimate,659,101-500,20
PAYMENT,Legitimate,659,"5,001-10,000",213
PAYMENT,Legitimate,659,"50,001-100,000",1
PAYMENT,Legitimate,659,"501-1,000",17
TRANSFER,Fraud,659,"1,000,001+",3
TRANSFER,Fraud,659,"100,001-500,000",1
TRANSFER,Fraud,659,"50,001-100,000",1
TRANSFER,Legitimate,659,"1,000,001+",125
TRANSFER,Legitimate,659,"1,001-5,000",2
TRANSFER,Legitimate,659,"10,001-50,000",7
TRANSFER,Legitimate,659,"100,001-500,000",73
TRANSFER,Legitimate,659,"50,001-100,000",5
TRANSFER,Legitimate,659,"500,001-1,000,000",54
CASH_OUT,Fraud,660,"10,001-50,000",2
CASH_OUT,Fraud,660,"100,001-500,000",1
CASH_OUT,Fraud,660,"5,001-10,000",1
CASH_OUT,Fraud,660,"50,001-100,000",1
CASH_OUT,Fraud,660,"500,001-1,000,000",1
TRANSFER,Fraud,660,"10,001-50,000",2
TRANSFER,Fraud,660,"100,001-500,000",1
TRANSFER,Fraud,660,"5,001-10,000",1
TRANSFER,Fraud,660,"50,001-100,000",1
TRANSFER,Fraud,660,"500,001-1,000,000",1
CASH_IN,Legitimate,661,"1,001-5,000",11
CASH_IN,Legitimate,661,"10,001-50,000",144
CASH_IN,Legitimate,661,"100,001-500,000",739
CASH_IN,Legitimate,661,101-500,2
CASH_IN,Legitimate,661,"5,001-10,000",16
CASH_IN,Legitimate,661,"50,001-100,000",172
CASH_IN,Legitimate,661,"500,001-1,000,000",30
CASH_IN,Legitimate,661,"501-1,000",1
CASH_OUT,Fraud,661,"1,000,001+",3
CASH_OUT,Fraud,661,"500,001-1,000,000",1
CASH_OUT,Legitimate,661,0-100,1
CASH_OUT,Legitimate,661,"1,001-5,000",20
CASH_OUT,Legitimate,661,"10,001-50,000",197
CASH_OUT,Legitimate,661,"100,001-500,000",1064
CASH_OUT,Legitimate,661,101-500,1
CASH_OUT,Legitimate,661,"5,001-10,000",22
CASH_OUT,Legitimate,661,"50,001-100,000",214
CASH_OUT,Legitimate,661,"500,001-1,000,000",51
CASH_OUT,Legitimate,661,"501-1,000",3
DEBIT,Legitimate,661,0-100,2
DEBIT,Legitimate,661,"1,001-5,000",6
DEBIT,Legitimate,661,"10,001-50,000",6
DEBIT,Legitimate,661,"5,001-10,000",5
PAYMENT,Legitimate,661,0-100,6
PAYMENT,Legitimate,661,"1,001-5,000",359
PAYMENT,Legitimate,661,"10,001-50,000",728
PAYMENT,Legitimate,661,101-500,41
PAYMENT,Legitimate,661,"5,001-10,000",431
PAYMENT,Legitimate,661,"50,001-100,000",2
PAYMENT,Legitimate,661,"501-1,000",37
TRANSFER,Fraud,661,"1,000,001+",3
TRANSFER,Fraud,661,"500,001-1,000,000",1
TRANSFER,Legitimate,661,0-100,1
TRANSFER,Legitimate,661,"1,000,001+",77
TRANSFER,Legitimate,661,"1,001-5,000",3
TRANSFER,Legitimate,661,"10,001-50,000",20
TRANSFER,Legitimate,661,"100,001-500,000",258
TRANSFER,Legitimate,661,"5,001-10,000",3
TRANSFER,Legitimate,661,"50,001-100,000",37
TRANSFER,Legitimate,661,"500,001-1,000,000",159
CASH_OUT,Fraud,662,"1,000,001+",1
TRANSFER,Fraud,662,"1,000,001+",1
CASH_OUT,Fraud,663,"10,001-50,000",1
CASH_OUT,Fraud,663,"100,001-500,000",3
CASH_OUT,Fraud,663,"500,001-1,000,000",1
TRANSFER,Fraud,663,"10,001-50,000",1
TRANSFER,Fraud,663,"100,001-500,000",3
TRANSFER,Fraud,663,"500,001-1,000,000",1
CASH_IN,Legitimate,664,"1,001-5,000",4
CASH_IN,Legitimate,664,"10,001-50,000",41
CASH_IN,Legitimate,664,"100,001-500,000",185
CASH_IN,Legitimate,664,"5,001-10,000",2
CASH_IN,Legitimate,664,"50,001-100,000",50
CASH_IN,Legitimate,664,"500,001-1,000,000",12
CASH_IN,Legitimate,664,"501-1,000",1
CASH_OUT,Fraud,664,"1,000,001+",2
CASH_OUT,Fraud,664,"1,001-5,000",1
CASH_OUT,Fraud,664,"100,001-500,000",3
CASH_OUT,Fraud,664,"50,001-100,000",3
CASH_OUT,Fraud,664,"500,001-1,000,000",1
CASH_OUT,Legitimate,664,"1,001-5,000",5
CASH_OUT,Legitimate,664,"10,001-50,000",40
CASH_OUT,Legitimate,664,"100,001-500,000",218
CASH_OUT,Legitimate,664,101-500,1
CASH_OUT,Legitimate,664,"5,001-10,000",4
CASH_OUT,Legitimate,664,"50,001-100,000",58
CASH_OUT,Legitimate,664,"500,001-1,000,000",6
DEBIT,Legitimate,664,"1,001-5,000",1
DEBIT,Legitimate,664,"501-1,000",2
PAYMENT,Legitimate,664,0-100,3
PAYMENT,Legitimate,664,"1,001-5,000",93
PAYMENT,Legitimate,664,"10,001-50,000",179
PAYMENT,Legitimate,664,101-500,10
PAYMENT,Legitimate,664,"5,001-10,000",102
PAYMENT,Legitimate,664,"50,001-100,000",4
PAYMENT,Legitimate,664,"501-1,000",10
TRANSFER,Fraud,664,"1,000,001+",2
TRANSFER,Fraud,664,"1,001-5,000",1
TRANSFER,Fraud,664,"100,001-500,000",3
TRANSFER,Fraud,664,"50,001-100,000",3
TRANSFER,Fraud,664,"500,001-1,000,000",1
TRANSFER,Legitimate,664,"1,000,001+",19
TRANSFER,Legitimate,664,"10,001-50,000",2
TRANSFER,Legitimate,664,"100,001-500,000",26
TRANSFER,Legitimate,664,"5,001-10,000",1
TRANSFER,Legitimate,664,"50,001-100,000",2
TRANSFER,Legitimate,664,"500,001-1,000,000",24
CASH_OUT,Fraud,665,"1,000,001+",1
CASH_OUT,Fraud,665,"10,001-50,000",1
CASH_OUT,Fraud,665,"100,001-500,000",2
CASH_OUT,Fraud,665,"500,001-1,000,000",1
TRANSFER,Fraud,665,"1,000,001+",1
TRANSFER,Fraud,665,"10,001-50,000",1
TRANSFER,Fraud,665,"100,001-500,000",2
TRANSFER,Fraud,665,"500,001-1,000,000",1
CASH_OUT,Fraud,666,"100,001-500,000",2
CASH_OUT,Fraud,666,"500,001-1,000,000",1
TRANSFER,Fraud,666,"100,001-500,000",2
TRANSFER,Fraud,666,"500,001-1,000,000",1
CASH_IN,Legitimate,667,0-100,1
CASH_IN,Legitimate,667,"1,001-5,000",5
CASH_IN,Legitimate,667,"10,001-50,000",59
CASH_IN,Legitimate,667,"100,001-500,000",227
CASH_IN,Legitimate,667,101-500,1
CASH_IN,Legitimate,667,"5,001-10,000",8
CASH_IN,Legitimate,667,"50,001-100,000",80
CASH_IN,Legitimate,667,"500,001-1,000,000",5
CASH_OUT,Fraud,667,"100,001-500,000",2
CASH_OUT,Fraud,667,"50,001-100,000",1
CASH_OUT,Legitimate,667,"1,001-5,000",10
CASH_OUT,Legitimate,667,"10,001-50,000",88
CASH_OUT,Legitimate,667,"100,001-500,000",252
CASH_OUT,Legitimate,667,101-500,3
CASH_OUT,Legitimate,667,"5,001-10,000",9
CASH_OUT,Legitimate,667,"50,001-100,000",102
CASH_OUT,Legitimate,667,"500,001-1,000,000",7
DEBIT,Legitimate,667,"1,001-5,000",6
DEBIT,Legitimate,667,"501-1,000",1
PAYMENT,Legitimate,667,0-100,2
PAYMENT,Legitimate,667,"1,001-5,000",143
PAYMENT,Legitimate,667,"10,001-50,000",147
PAYMENT,Legitimate,667,101-500,13
PAYMENT,Legitimate,667,"5,001-10,000",116
PAYMENT,Legitimate,667,"50,001-100,000",2
PAYMENT,Legitimate,667,"501-1,000",17
TRANSFER,Fraud,667,"100,001-500,000",2
TRANSFER,Fraud,667,"50,001-100,000",1
TRANSFER,Legitimate,667,"1,000,001+",6
TRANSFER,Legitimate,667,"10,001-50,000",5
TRANSFER,Legitimate,667,"100,001-500,000",54
TRANSFER,Legitimate,667,"50,001-100,000",4
TRANSFER,Legitimate,667,"500,001-1,000,000",21
CASH_OUT,Fraud,668,"1,000,001+",3
CASH_OUT,Fraud,668,"100,001-500,000",1
TRANSFER,Fraud,668,"1,000,001+",3
TRANSFER,Fraud,668,"100,001-500,000",1
CASH_IN,Legitimate,669,"1,001-5,000",2
CASH_IN,Legitimate,669,"10,001-50,000",23
CASH_IN,Legitimate,669,"100,001-500,000",97
CASH_IN,Legitimate,669,"5,001-10,000",3
CASH_IN,Legitimate,669,"50,001-100,000",25
CASH_IN,Legitimate,669,"500,001-1,000,000",2
CASH_OUT,Fraud,669,"1,000,001+",1
CASH_OUT,Fraud,669,"100,001-500,000",2
CASH_OUT,Fraud,669,"50,001-100,000",1
CASH_OUT,Legitimate,669,"10,001-50,000",6
CASH_OUT,Legitimate,669,"100,001-500,000",48
CASH_OUT,Legitimate,669,"5,001-10,000",1
CASH_OUT,Legitimate,669,"50,001-100,000",15
CASH_OUT,Legitimate,669,"500,001-1,000,000",2
DEBIT,Legitimate,669,"501-1,000",2
PAYMENT,Legitimate,669,"1,001-5,000",22
PAYMENT,Legitimate,669,"10,001-50,000",20
PAYMENT,Legitimate,669,101-500,3
PAYMENT,Legitimate,669,"5,001-10,000",26
PAYMENT,Legitimate,669,"50,001-100,000",1
PAYMENT,Legitimate,669,"501-1,000",1
TRANSFER,Fraud,669,"1,000,001+",1
TRANSFER,Fraud,669,"100,001-500,000",2
TRANSFER,Fraud,669,"50,001-100,000",1
TRANSFER,Legitimate,669,"1,000,001+",3
TRANSFER,Legitimate,669,"100,001-500,000",6
TRANSFER,Legitimate,669,"50,001-100,000",1
TRANSFER,Legitimate,669,"500,001-1,000,000",5
CASH_IN,Legitimate,670,"1,001-5,000",6
CASH_IN,Legitimate,670,"10,001-50,000",61
CASH_IN,Legitimate,670,"100,001-500,000",244
CASH_IN,Legitimate,670,"5,001-10,000",7
CASH_IN,Legitimate,670,"50,001-100,000",85
CASH_IN,Legitimate,670,"500,001-1,000,000",6
CASH_OUT,Fraud,670,"1,000,001+",5
CASH_OUT,Fraud,670,"500,001-1,000,000",1
CASH_OUT,Legitimate,670,"1,001-5,000",5
CASH_OUT,Legitimate,670,"10,001-50,000",60
CASH_OUT,Legitimate,670,"100,001-500,000",197
CASH_OUT,Legitimate,670,"5,001-10,000",6
CASH_OUT,Legitimate,670,"50,001-100,000",83
CASH_OUT,Legitimate,670,"500,001-1,000,000",6
DEBIT,Legitimate,670,0-100,1
DEBIT,Legitimate,670,"1,001-5,000",14
DEBIT,Legitimate,670,101-500,4
DEBIT,Legitimate,670,"501-1,000",5
PAYMENT,Legitimate,670,0-100,9
PAYMENT,Legitimate,670,"1,001-5,000",324
PAYMENT,Legitimate,670,"10,001-50,000",274
PAYMENT,Legitimate,670,101-500,29
PAYMENT,Legitimate,670,"5,001-10,000",270
PAYMENT,Legitimate,670,"50,001-100,000",3
PAYMENT,Legitimate,670,"501-1,000",38
TRANSFER,Fraud,670,"1,000,001+",5
TRANSFER,Fraud,670,"500,001-1,000,000",1
TRANSFER,Legitimate,670,"1,000,001+",13
TRANSFER,Legitimate,670,"1,001-5,000",1
TRANSFER,Legitimate,670,"10,001-50,000",13
TRANSFER,Legitimate,670,"100,001-500,000",90
TRANSFER,Legitimate,670,"5,001-10,000",4
TRANSFER,Legitimate,670,"50,001-100,000",11
TRANSFER,Legitimate,670,"500,001-1,000,000",25
CASH_OUT,Fraud,671,0-100,1
CASH_OUT,Fraud,671,"1,000,001+",3
CASH_OUT,Fraud,671,"1,001-5,000",1
CASH_OUT,Fraud,671,"10,001-50,000",1
CASH_OUT,Fraud,671,"100,001-500,000",2
CASH_OUT,Fraud,671,"50,001-100,000",1
TRANSFER,Fraud,671,"1,000,001+",4
TRANSFER,Fraud,671,"1,001-5,000",1
TRANSFER,Fraud,671,"10,001-50,000",1
TRANSFER,Fraud,671,"100,001-500,000",2
TRANSFER,Fraud,671,"50,001-100,000",1
CASH_IN,Legitimate,672,"10,001-50,000",4
CASH_IN,Legitimate,672,"100,001-500,000",23
CASH_IN,Legitimate,672,"5,001-10,000",2
CASH_IN,Legitimate,672,"50,001-100,000",8
CASH_OUT,Fraud,672,"1,000,001+",1
CASH_OUT,Fraud,672,"10,001-50,000",1
CASH_OUT,Fraud,672,"100,001-500,000",2
CASH_OUT,Legitimate,672,"10,001-50,000",2
CASH_OUT,Legitimate,672,"100,001-500,000",22
CASH_OUT,Legitimate,672,"50,001-100,000",2
CASH_OUT,Legitimate,672,"500,001-1,000,000",1
DEBIT,Legitimate,672,"1,001-5,000",1
DEBIT,Legitimate,672,101-500,1
PAYMENT,Legitimate,672,0-100,2
PAYMENT,Legitimate,672,"1,001-5,000",30
PAYMENT,Legitimate,672,"10,001-50,000",9
PAYMENT,Legitimate,672,101-500,7
PAYMENT,Legitimate,672,"5,001-10,000",1
PAYMENT,Legitimate,672,"501-1,000",7
TRANSFER,Fraud,672,"1,000,001+",1
TRANSFER,Fraud,672,"10,001-50,000",1
TRANSFER,Fraud,672,"100,001-500,000",2
TRANSFER,Legitimate,672,"1,000,001+",2
TRANSFER,Legitimate,672,"1,001-5,000",1
TRANSFER,Legitimate,672,"10,001-50,000",2
TRANSFER,Legitimate,672,"100,001-500,000",7
TRANSFER,Legitimate,672,"50,001-100,000",1
TRANSFER,Legitimate,672,"500,001-1,000,000",10
CASH_IN,Legitimate,673,"1,001-5,000",2
CASH_IN,Legitimate,673,"10,001-50,000",18
CASH_IN,Legitimate,673,"100,001-500,000",75
CASH_IN,Legitimate,673,"5,001-10,000",4
CASH_IN,Legitimate,673,"50,001-100,000",27
CASH_IN,Legitimate,673,"500,001-1,000,000",2
CASH_OUT,Fraud,673,"100,001-500,000",2
CASH_OUT,Fraud,673,"50,001-100,000",1
CASH_OUT,Fraud,673,"500,001-1,000,000",3
CASH_OUT,Legitimate,673,"10,001-50,000",6
CASH_OUT,Legitimate,673,"100,001-500,000",31
CASH_OUT,Legitimate,673,"5,001-10,000",3
CASH_OUT,Legitimate,673,"50,001-100,000",7
CASH_OUT,Legitimate,673,"501-1,000",1
DEBIT,Legitimate,673,"1,001-5,000",13
DEBIT,Legitimate,673,101-500,1
DEBIT,Legitimate,673,"5,001-10,000",2
DEBIT,Legitimate,673,"501-1,000",4
PAYMENT,Legitimate,673,0-100,4
PAYMENT,Legitimate,673,"1,001-5,000",96
PAYMENT,Legitimate,673,"10,001-50,000",55
PAYMENT,Legitimate,673,101-500,4
PAYMENT,Legitimate,673,"5,001-10,000",57
PAYMENT,Legitimate,673,"501-1,000",8
TRANSFER,Fraud,673,"100,001-500,000",2
TRANSFER,Fraud,673,"50,001-100,000",1
TRANSFER,Fraud,673,"500,001-1,000,000",3
TRANSFER,Legitimate,673,"1,000,001+",2
TRANSFER,Legitimate,673,"100,001-500,000",6
TRANSFER,Legitimate,673,"50,001-100,000",2
TRANSFER,Legitimate,673,"500,001-1,000,000",3
CASH_OUT,Fraud,674,"1,000,001+",3
CASH_OUT,Fraud,674,"100,001-500,000",2
CASH_OUT,Fraud,674,"50,001-100,000",1
CASH_OUT,Fraud,674,"500,001-1,000,000",1
TRANSFER,Fraud,674,"1,000,001+",3
TRANSFER,Fraud,674,"100,001-500,000",2
TRANSFER,Fraud,674,"50,001-100,000",1
TRANSFER,Fraud,674,"500,001-1,000,000",1
CASH_OUT,Fraud,675,"1,000,001+",3
CASH_OUT,Fraud,675,"10,001-50,000",1
CASH_OUT,Fraud,675,"500,001-1,000,000",1
CASH_OUT,Legitimate,675,"10,001-50,000",2
CASH_OUT,Legitimate,675,"100,001-500,000",10
PAYMENT,Legitimate,675,"1,001-5,000",4
PAYMENT,Legitimate,675,101-500,1
TRANSFER,Fraud,675,"1,000,001+",3
TRANSFER,Fraud,675,"10,001-50,000",1
TRANSFER,Fraud,675,"500,001-1,000,000",1
TRANSFER,Legitimate,675,"1,000,001+",1
TRANSFER,Legitimate,675,"100,001-500,000",2
CASH_OUT,Fraud,676,"1,000,001+",2
CASH_OUT,Fraud,676,"100,001-500,000",2
TRANSFER,Fraud,676,"1,000,001+",2
TRANSFER,Fraud,676,"100,001-500,000",2
CASH_OUT,Fraud,677,"1,000,001+",4
TRANSFER,Fraud,677,"1,000,001+",4
CASH_OUT,Fraud,678,"1,000,001+",1
CASH_OUT,Fraud,678,"100,001-500,000",1
CASH_OUT,Fraud,678,"500,001-1,000,000",1
TRANSFER,Fraud,678,"1,000,001+",1
TRANSFER,Fraud,678,"100,001-500,000",1
TRANSFER,Fraud,678,"500,001-1,000,000",1
CASH_IN,Legitimate,679,"10,001-50,000",1
CASH_IN,Legitimate,679,"100,001-500,000",5
CASH_OUT,Fraud,679,"1,000,001+",1
CASH_OUT,Fraud,679,"100,001-500,000",2
CASH_OUT,Legitimate,679,"10,001-50,000",1
CASH_OUT,Legitimate,679,"100,001-500,000",6
CASH_OUT,Legitimate,679,"50,001-100,000",6
CASH_OUT,Legitimate,679,"500,001-1,000,000",1
DEBIT,Legitimate,679,"5,001-10,000",1
PAYMENT,Legitimate,679,"1,001-5,000",16
PAYMENT,Legitimate,679,"10,001-50,000",3
PAYMENT,Legitimate,679,101-500,2
PAYMENT,Legitimate,679,"5,001-10,000",12
PAYMENT,Legitimate,679,"501-1,000",2
TRANSFER,Fraud,679,"1,000,001+",1
TRANSFER,Fraud,679,"100,001-500,000",2
TRANSFER,Legitimate,679,"1,000,001+",3
TRANSFER,Legitimate,679,"10,001-50,000",1
TRANSFER,Legitimate,679,"100,001-500,000",3
TRANSFER,Legitimate,679,"5,001-10,000",1
TRANSFER,Legitimate,679,"500,001-1,000,000",2
CASH_OUT,Fraud,680,"1,000,001+",6
CASH_OUT,Fraud,680,"10,001-50,000",1
CASH_OUT,Fraud,680,"100,001-500,000",3
CASH_OUT,Fraud,680,"500,001-1,000,000",1
TRANSFER,Fraud,680,"1,000,001+",6
TRANSFER,Fraud,680,"10,001-50,000",1
TRANSFER,Fraud,680,"100,001-500,000",3
TRANSFER,Fraud,680,"500,001-1,000,000",1
CASH_IN,Legitimate,681,"1,001-5,000",12
CASH_IN,Legitimate,681,"10,001-50,000",161
CASH_IN,Legitimate,681,"100,001-500,000",703
CASH_IN,Legitimate,681,101-500,2
CASH_IN,Legitimate,681,"5,001-10,000",15
CASH_IN,Legitimate,681,"50,001-100,000",198
CASH_IN,Legitimate,681,"500,001-1,000,000",19
CASH_IN,Legitimate,681,"501-1,000",2
CASH_OUT,Fraud,681,"1,000,001+",1
CASH_OUT,Fraud,681,"500,001-1,000,000",1
CASH_OUT,Legitimate,681,0-100,1
CASH_OUT,Legitimate,681,"1,001-5,000",15
CASH_OUT,Legitimate,681,"10,001-50,000",172
CASH_OUT,Legitimate,681,"100,001-500,000",987
CASH_OUT,Legitimate,681,101-500,5
CASH_OUT,Legitimate,681,"5,001-10,000",20
CASH_OUT,Legitimate,681,"50,001-100,000",252
CASH_OUT,Legitimate,681,"500,001-1,000,000",42
CASH_OUT,Legitimate,681,"501-1,000",4
DEBIT,Legitimate,681,"1,001-5,000",6
DEBIT,Legitimate,681,"10,001-50,000",4
DEBIT,Legitimate,681,101-500,1
DEBIT,Legitimate,681,"5,001-10,000",8
DEBIT,Legitimate,681,"501-1,000",1
PAYMENT,Legitimate,681,0-100,13
PAYMENT,Legitimate,681,"1,001-5,000",330
PAYMENT,Legitimate,681,"10,001-50,000",756
PAYMENT,Legitimate,681,101-500,28
PAYMENT,Legitimate,681,"5,001-10,000",369
PAYMENT,Legitimate,681,"50,001-100,000",10
PAYMENT,Legitimate,681,"501-1,000",40
TRANSFER,Fraud,681,"1,000,001+",1
TRANSFER,Fraud,681,"500,001-1,000,000",1
TRANSFER,Legitimate,681,"1,000,001+",104
TRANSFER,Legitimate,681,"1,001-5,000",4
TRANSFER,Legitimate,681,"10,001-50,000",16
TRANSFER,Legitimate,681,"100,001-500,000",214
TRANSFER,Legitimate,681,101-500,1
TRANSFER,Legitimate,681,"5,001-10,000",1
TRANSFER,Legitimate,681,"50,001-100,000",29
TRANSFER,Legitimate,681,"500,001-1,000,000",154
CASH_OUT,Fraud,682,"100,001-500,000",1
CASH_OUT,Fraud,682,"5,001-10,000",1
CASH_OUT,Fraud,682,"50,001-100,000",1
TRANSFER,Fraud,682,"100,001-500,000",1
TRANSFER,Fraud,682,"5,001-10,000",1
TRANSFER,Fraud,682,"50,001-100,000",1
CASH_IN,Legitimate,683,0-100,1
CASH_IN,Legitimate,683,"1,001-5,000",9
CASH_IN,Legitimate,683,"10,001-50,000",61
CASH_IN,Legitimate,683,"100,001-500,000",333
CASH_IN,Legitimate,683,"5,001-10,000",6
CASH_IN,Legitimate,683,"50,001-100,000",81
CASH_IN,Legitimate,683,"500,001-1,000,000",13
CASH_IN,Legitimate,683,"501-1,000",1
CASH_OUT,Fraud,683,"1,000,001+",1
CASH_OUT,Fraud,683,"10,001-50,000",1
CASH_OUT,Fraud,683,"50,001-100,000",2
CASH_OUT,Legitimate,683,"1,001-5,000",8
CASH_OUT,Legitimate,683,"10,001-50,000",91
CASH_OUT,Legitimate,683,"100,001-500,000",536
CASH_OUT,Legitimate,683,"5,001-10,000",15
CASH_OUT,Legitimate,683,"50,001-100,000",133
CASH_OUT,Legitimate,683,"500,001-1,000,000",25
CASH_OUT,Legitimate,683,"501-1,000",1
DEBIT,Legitimate,683,"1,001-5,000",6
DEBIT,Legitimate,683,"10,001-50,000",1
DEBIT,Legitimate,683,"5,001-10,000",2
PAYMENT,Legitimate,683,0-100,5
PAYMENT,Legitimate,683,"1,001-5,000",147
PAYMENT,Legitimate,683,"10,001-50,000",289
PAYMENT,Legitimate,683,101-500,13
PAYMENT,Legitimate,683,"5,001-10,000",168
PAYMENT,Legitimate,683,"50,001-100,000",5
PAYMENT,Legitimate,683,"501-1,000",15
TRANSFER,Fraud,683,"1,000,001+",1
TRANSFER,Fraud,683,"10,001-50,000",1
TRANSFER,Fraud,683,"50,001-100,000",2
TRANSFER,Legitimate,683,"1,000,001+",46
TRANSFER,Legitimate,683,"1,001-5,000",1
TRANSFER,Legitimate,683,"10,001-50,000",8
TRANSFER,Legitimate,683,"100,001-500,000",91
TRANSFER,Legitimate,683,"5,001-10,000",2
TRANSFER,Legitimate,683,"50,001-100,000",12
TRANSFER,Legitimate,683,"500,001-1,000,000",59
CASH_IN,Legitimate,684,"1,001-5,000",16
CASH_IN,Legitimate,684,"10,001-50,000",171
CASH_IN,Legitimate,684,"100,001-500,000",709
CASH_IN,Legitimate,684,"5,001-10,000",13
CASH_IN,Legitimate,684,"50,001-100,000",194
CASH_IN,Legitimate,684,"500,001-1,000,000",27
CASH_IN,Legitimate,684,"501-1,000",3
CASH_OUT,Fraud,684,"1,000,001+",1
CASH_OUT,Fraud,684,"100,001-500,000",1
CASH_OUT,Fraud,684,101-500,1
CASH_OUT,Fraud,684,"500,001-1,000,000",1
CASH_OUT,Legitimate,684,"1,001-5,000",20
CASH_OUT,Legitimate,684,"10,001-50,000",205
CASH_OUT,Legitimate,684,"100,001-500,000",988
CASH_OUT,Legitimate,684,101-500,1
CASH_OUT,Legitimate,684,"5,001-10,000",21
CASH_OUT,Legitimate,684,"50,001-100,000",248
CASH_OUT,Legitimate,684,"500,001-1,000,000",31
CASH_OUT,Legitimate,684,"501-1,000",1
DEBIT,Legitimate,684,0-100,1
DEBIT,Legitimate,684,"1,001-5,000",12
DEBIT,Legitimate,684,101-500,1
DEBIT,Legitimate,684,"5,001-10,000",2
DEBIT,Legitimate,684,"501-1,000",4
PAYMENT,Legitimate,684,0-100,3
PAYMENT,Legitimate,684,"1,001-5,000",272
PAYMENT,Legitimate,684,"10,001-50,000",787
PAYMENT,Legitimate,684,101-500,22
PAYMENT,Legitimate,684,"5,001-10,000",281
PAYMENT,Legitimate,684,"50,001-100,000",17
PAYMENT,Legitimate,684,"501-1,000",36
TRANSFER,Fraud,684,"1,000,001+",1
TRANSFER,Fraud,684,"100,001-500,000",1
TRANSFER,Fraud,684,101-500,1
TRANSFER,Fraud,684,"500,001-1,000,000",1
TRANSFER,Legitimate,684,"1,000,001+",202
TRANSFER,Legitimate,684,"1,001-5,000",2
TRANSFER,Legitimate,684,"10,001-50,000",15
TRANSFER,Legitimate,684,"100,001-500,000",119
TRANSFER,Legitimate,684,101-500,2
TRANSFER,Legitimate,684,"5,001-10,000",3
TRANSFER,Legitimate,684,"50,001-100,000",20
TRANSFER,Legitimate,684,"500,001-1,000,000",105
CASH_OUT,Fraud,685,"1,000,001+",4
CASH_OUT,Fraud,685,"10,001-50,000",1
CASH_OUT,Fraud,685,"50,001-100,000",1
CASH_OUT,Fraud,685,"500,001-1,000,000",1
TRANSFER,Fraud,685,"1,000,001+",4
TRANSFER,Fraud,685,"10,001-50,000",1
TRANSFER,Fraud,685,"50,001-100,000",1
TRANSFER,Fraud,685,"500,001-1,000,000",1
CASH_IN,Legitimate,686,0-100,1
CASH_IN,Legitimate,686,"1,001-5,000",12
CASH_IN,Legitimate,686,"10,001-50,000",148
CASH_IN,Legitimate,686,"100,001-500,000",721
CASH_IN,Legitimate,686,"5,001-10,000",9
CASH_IN,Legitimate,686,"50,001-100,000",154
CASH_IN,Legitimate,686,"500,001-1,000,000",24
CASH_IN,Legitimate,686,"501-1,000",1
CASH_OUT,Fraud,686,"1,000,001+",3
CASH_OUT,Fraud,686,"100,001-500,000",4
CASH_OUT,Fraud,686,"500,001-1,000,000",1
CASH_OUT,Legitimate,686,0-100,1
CASH_OUT,Legitimate,686,"1,001-5,000",12
CASH_OUT,Legitimate,686,"10,001-50,000",162
CASH_OUT,Legitimate,686,"100,001-500,000",1075
CASH_OUT,Legitimate,686,101-500,2
CASH_OUT,Legitimate,686,"5,001-10,000",27
CASH_OUT,Legitimate,686,"50,001-100,000",246
CASH_OUT,Legitimate,686,"500,001-1,000,000",68
CASH_OUT,Legitimate,686,"501-1,000",3
DEBIT,Legitimate,686,"1,001-5,000",25
DEBIT,Legitimate,686,101-500,1
DEBIT,Legitimate,686,"5,001-10,000",2
DEBIT,Legitimate,686,"501-1,000",4
PAYMENT,Legitimate,686,0-100,7
PAYMENT,Legitimate,686,"1,001-5,000",318
PAYMENT,Legitimate,686,"10,001-50,000",767
PAYMENT,Legitimate,686,101-500,33
PAYMENT,Legitimate,686,"5,001-10,000",338
PAYMENT,Legitimate,686,"50,001-100,000",4
PAYMENT,Legitimate,686,"501-1,000",38
TRANSFER,Fraud,686,"1,000,001+",3
TRANSFER,Fraud,686,"100,001-500,000",4
TRANSFER,Fraud,686,"500,001-1,000,000",1
TRANSFER,Legitimate,686,"1,000,001+",90
TRANSFER,Legitimate,686,"1,001-5,000",1
TRANSFER,Legitimate,686,"10,001-50,000",22
TRANSFER,Legitimate,686,"100,001-500,000",191
TRANSFER,Legitimate,686,"5,001-10,000",3
TRANSFER,Legitimate,686,"50,001-100,000",33
TRANSFER,Legitimate,686,"500,001-1,000,000",130
CASH_IN,Legitimate,687,"1,001-5,000",30
CASH_IN,Legitimate,687,"10,001-50,000",264
CASH_IN,Legitimate,687,"100,001-500,000",1219
CASH_IN,Legitimate,687,101-500,1
CASH_IN,Legitimate,687,"5,001-10,000",35
CASH_IN,Legitimate,687,"50,001-100,000",324
CASH_IN,Legitimate,687,"500,001-1,000,000",38
CASH_IN,Legitimate,687,"501-1,000",5
CASH_OUT,Fraud,687,"1,000,001+",1
CASH_OUT,Fraud,687,"100,001-500,000",2
CASH_OUT,Fraud,687,"50,001-100,000",1
CASH_OUT,Legitimate,687,0-100,1
CASH_OUT,Legitimate,687,"1,001-5,000",38
CASH_OUT,Legitimate,687,"10,001-50,000",348
CASH_OUT,Legitimate,687,"100,001-500,000",1854
CASH_OUT,Legitimate,687,101-500,3
CASH_OUT,Legitimate,687,"5,001-10,000",43
CASH_OUT,Legitimate,687,"50,001-100,000",445
CASH_OUT,Legitimate,687,"500,001-1,000,000",60
CASH_OUT,Legitimate,687,"501-1,000",5
DEBIT,Legitimate,687,0-100,2
DEBIT,Legitimate,687,"1,001-5,000",48
DEBIT,Legitimate,687,"10,001-50,000",3
DEBIT,Legitimate,687,101-500,3
DEBIT,Legitimate,687,"5,001-10,000",22
DEBIT,Legitimate,687,"501-1,000",4
PAYMENT,Legitimate,687,0-100,3
PAYMENT,Legitimate,687,"1,001-5,000",530
PAYMENT,Legitimate,687,"10,001-50,000",1228
PAYMENT,Legitimate,687,101-500,62
PAYMENT,Legitimate,687,"5,001-10,000",572
PAYMENT,Legitimate,687,"50,001-100,000",11
PAYMENT,Legitimate,687,"501-1,000",70
TRANSFER,Fraud,687,"1,000,001+",1
TRANSFER,Fraud,687,"100,001-500,000",2
TRANSFER,Fraud,687,"50,001-100,000",1
TRANSFER,Legitimate,687,0-100,1
TRANSFER,Legitimate,687,"1,000,001+",165
TRANSFER,Legitimate,687,"1,001-5,000",2
TRANSFER,Legitimate,687,"10,001-50,000",34
TRANSFER,Legitimate,687,"100,001-500,000",314
TRANSFER,Legitimate,687,101-500,1
TRANSFER,Legitimate,687,"5,001-10,000",9
TRANSFER,Legitimate,687,"50,001-100,000",44
TRANSFER,Legitimate,687,"500,001-1,000,000",191
CASH_IN,Legitimate,688,"1,001-5,000",21
CASH_IN,Legitimate,688,"10,001-50,000",279
CASH_IN,Legitimate,688,"100,001-500,000",1161
CASH_IN,Legitimate,688,101-500,2
CASH_IN,Legitimate,688,"5,001-10,000",28
CASH_IN,Legitimate,688,"50,001-100,000",357
CASH_IN,Legitimate,688,"500,001-1,000,000",45
CASH_IN,Legitimate,688,"501-1,000",2
CASH_OUT,Fraud,688,"1,000,001+",1
CASH_OUT,Fraud,688,"500,001-1,000,000",3
CASH_OUT,Legitimate,688,0-100,1
CASH_OUT,Legitimate,688,"1,001-5,000",33
CASH_OUT,Legitimate,688,"10,001-50,000",368
CASH_OUT,Legitimate,688,"100,001-500,000",1774
CASH_OUT,Legitimate,688,101-500,2
CASH_OUT,Legitimate,688,"5,001-10,000",46
CASH_OUT,Legitimate,688,"50,001-100,000",484
CASH_OUT,Legitimate,688,"500,001-1,000,000",51
CASH_OUT,Legitimate,688,"501-1,000",4
DEBIT,Legitimate,688,"1,001-5,000",39
DEBIT,Legitimate,688,"10,001-50,000",2
DEBIT,Legitimate,688,101-500,6
DEBIT,Legitimate,688,"5,001-10,000",8
DEBIT,Legitimate,688,"501-1,000",4
PAYMENT,Legitimate,688,0-100,9
PAYMENT,Legitimate,688,"1,001-5,000",482
PAYMENT,Legitimate,688,"10,001-50,000",1231
PAYMENT,Legitimate,688,101-500,49
PAYMENT,Legitimate,688,"5,001-10,000",582
PAYMENT,Legitimate,688,"50,001-100,000",11
PAYMENT,Legitimate,688,"501-1,000",57
TRANSFER,Fraud,688,"1,000,001+",1
TRANSFER,Fraud,688,"500,001-1,000,000",3
TRANSFER,Legitimate,688,"1,000,001+",64
TRANSFER,Legitimate,688,"1,001-5,000",4
TRANSFER,Legitimate,688,"10,001-50,000",43
TRANSFER,Legitimate,688,"100,001-500,000",356
TRANSFER,Legitimate,688,"5,001-10,000",3
TRANSFER,Legitimate,688,"50,001-100,000",71
TRANSFER,Legitimate,688,"500,001-1,000,000",198
CASH_OUT,Fraud,689,"1,000,001+",2
CASH_OUT,Fraud,689,"10,001-50,000",1
CASH_OUT,Fraud,689,"100,001-500,000",3
CASH_OUT,Fraud,689,"500,001-1,000,000",1
TRANSFER,Fraud,689,"1,000,001+",2
TRANSFER,Fraud,689,"10,001-50,000",1
TRANSFER,Fraud,689,"100,001-500,000",3
TRANSFER,Fraud,689,"500,001-1,000,000",1
CASH_IN,Legitimate,690,"1,001-5,000",11
CASH_IN,Legitimate,690,"10,001-50,000",174
CASH_IN,Legitimate,690,"100,001-500,000",681
CASH_IN,Legitimate,690,101-500,2
CASH_IN,Legitimate,690,"5,001-10,000",15
CASH_IN,Legitimate,690,"50,001-100,000",209
CASH_IN,Legitimate,690,"500,001-1,000,000",16
CASH_IN,Legitimate,690,"501-1,000",1
CASH_OUT,Fraud,690,"1,000,001+",2
CASH_OUT,Fraud,690,"100,001-500,000",2
CASH_OUT,Fraud,690,"50,001-100,000",1
CASH_OUT,Fraud,690,"500,001-1,000,000",1
CASH_OUT,Legitimate,690,0-100,1
CASH_OUT,Legitimate,690,"1,001-5,000",24
CASH_OUT,Legitimate,690,"10,001-50,000",273
CASH_OUT,Legitimate,690,"100,001-500,000",1114
CASH_OUT,Legitimate,690,101-500,4
CASH_OUT,Legitimate,690,"5,001-10,000",33
CASH_OUT,Legitimate,690,"50,001-100,000",325
CASH_OUT,Legitimate,690,"500,001-1,000,000",18
CASH_OUT,Legitimate,690,"501-1,000",2
DEBIT,Legitimate,690,"1,001-5,000",19
DEBIT,Legitimate,690,101-500,2
DEBIT,Legitimate,690,"5,001-10,000",3
PAYMENT,Legitimate,690,0-100,9
PAYMENT,Legitimate,690,"1,001-5,000",367
PAYMENT,Legitimate,690,"10,001-50,000",694
PAYMENT,Legitimate,690,"100,001-500,000",1
PAYMENT,Legitimate,690,101-500,32
PAYMENT,Legitimate,690,"5,001-10,000",413
PAYMENT,Legitimate,690,"50,001-100,000",8
PAYMENT,Legitimate,690,"501-1,000",41
TRANSFER,Fraud,690,"1,000,001+",2
TRANSFER,Fraud,690,"100,001-500,000",2
TRANSFER,Fraud,690,"50,001-100,000",1
TRANSFER,Fraud,690,"500,001-1,000,000",1
TRANSFER,Legitimate,690,"1,000,001+",28
TRANSFER,Legitimate,690,"10,001-50,000",22
TRANSFER,Legitimate,690,"100,001-500,000",255
TRANSFER,Legitimate,690,"5,001-10,000",3
TRANSFER,Legitimate,690,"50,001-100,000",36
TRANSFER,Legitimate,690,"500,001-1,000,000",124
CASH_IN,Legitimate,691,0-100,1
CASH_IN,Legitimate,691,"1,001-5,000",18
CASH_IN,Legitimate,691,"10,001-50,000",169
CASH_IN,Legitimate,691,"100,001-500,000",672
CASH_IN,Legitimate,691,"5,001-10,000",22
CASH_IN,Legitimate,691,"50,001-100,000",239
CASH_IN,Legitimate,691,"500,001-1,000,000",4
CASH_IN,Legitimate,691,"501-1,000",3
CASH_OUT,Fraud,691,"1,000,001+",1
CASH_OUT,Fraud,691,"10,001-50,000",1
CASH_OUT,Fraud,691,"100,001-500,000",2
CASH_OUT,Fraud,691,"50,001-100,000",1
CASH_OUT,Fraud,691,"500,001-1,000,000",1
CASH_OUT,Legitimate,691,"1,001-5,000",23
CASH_OUT,Legitimate,691,"10,001-50,000",280
CASH_OUT,Legitimate,691,"100,001-500,000",941
CASH_OUT,Legitimate,691,101-500,3
CASH_OUT,Legitimate,691,"5,001-10,000",33
CASH_OUT,Legitimate,691,"50,001-100,000",353
CASH_OUT,Legitimate,691,"500,001-1,000,000",7
CASH_OUT,Legitimate,691,"501-1,000",2
DEBIT,Legitimate,691,"1,001-5,000",21
DEBIT,Legitimate,691,101-500,1
DEBIT,Legitimate,691,"5,001-10,000",1
DEBIT,Legitimate,691,"501-1,000",1
PAYMENT,Legitimate,691,0-100,4
PAYMENT,Legitimate,691,"1,001-5,000",300
PAYMENT,Legitimate,691,"10,001-50,000",797
PAYMENT,Legitimate,691,101-500,38
PAYMENT,Legitimate,691,"5,001-10,000",378
PAYMENT,Legitimate,691,"50,001-100,000",13
PAYMENT,Legitimate,691,"501-1,000",45
TRANSFER,Fraud,691,"1,000,001+",1
TRANSFER,Fraud,691,"10,001-50,000",1
TRANSFER,Fraud,691,"100,001-500,000",2
TRANSFER,Fraud,691,"50,001-100,000",1
TRANSFER,Fraud,691,"500,001-1,000,000",1
TRANSFER,Legitimate,691,"1,000,001+",41
TRANSFER,Legitimate,691,"1,001-5,000",3
TRANSFER,Legitimate,691,"10,001-50,000",29
TRANSFER,Legitimate,691,"100,001-500,000",210
TRANSFER,Legitimate,691,"5,001-10,000",3
TRANSFER,Legitimate,691,"50,001-100,000",25
TRANSFER,Legitimate,691,"500,001-1,000,000",117
CASH_IN,Legitimate,692,"1,001-5,000",22
CASH_IN,Legitimate,692,"10,001-50,000",239
CASH_IN,Legitimate,692,"100,001-500,000",912
CASH_IN,Legitimate,692,101-500,1
CASH_IN,Legitimate,692,"5,001-10,000",33
CASH_IN,Legitimate,692,"50,001-100,000",306
CASH_IN,Legitimate,692,"500,001-1,000,000",9
CASH_IN,Legitimate,692,"501-1,000",7
CASH_OUT,Fraud,692,"1,000,001+",3
CASH_OUT,Fraud,692,"10,001-50,000",1
CASH_OUT,Fraud,692,"100,001-500,000",4
CASH_OUT,Fraud,692,"500,001-1,000,000",2
CASH_OUT,Legitimate,692,0-100,1
CASH_OUT,Legitimate,692,"1,001-5,000",38
CASH_OUT,Legitimate,692,"10,001-50,000",372
CASH_OUT,Legitimate,692,"100,001-500,000",1312
CASH_OUT,Legitimate,692,101-500,3
CASH_OUT,Legitimate,692,"5,001-10,000",53
CASH_OUT,Legitimate,692,"50,001-100,000",509
CASH_OUT,Legitimate,692,"500,001-1,000,000",7
CASH_OUT,Legitimate,692,"501-1,000",4
DEBIT,Legitimate,692,0-100,1
DEBIT,Legitimate,692,"1,001-5,000",24
DEBIT,Legitimate,692,101-500,5
DEBIT,Legitimate,692,"5,001-10,000",7
DEBIT,Legitimate,692,"501-1,000",7
PAYMENT,Legitimate,692,0-100,8
PAYMENT,Legitimate,692,"1,001-5,000",436
PAYMENT,Legitimate,692,"10,001-50,000",1317
PAYMENT,Legitimate,692,101-500,63
PAYMENT,Legitimate,692,"5,001-10,000",502
PAYMENT,Legitimate,692,"50,001-100,000",37
PAYMENT,Legitimate,692,"501-1,000",48
TRANSFER,Fraud,692,"1,000,001+",3
TRANSFER,Fraud,692,"10,001-50,000",1
TRANSFER,Fraud,692,"100,001-500,000",4
TRANSFER,Fraud,692,"500,001-1,000,000",2
TRANSFER,Legitimate,692,"1,000,001+",27
TRANSFER,Legitimate,692,"1,001-5,000",2
TRANSFER,Legitimate,692,"10,001-50,000",50
TRANSFER,Legitimate,692,"100,001-500,000",337
TRANSFER,Legitimate,692,"5,001-10,000",8
TRANSFER,Legitimate,692,"50,001-100,000",60
TRANSFER,Legitimate,692,"500,001-1,000,000",111
CASH_OUT,Fraud,693,"1,000,001+",1
CASH_OUT,Fraud,693,"100,001-500,000",1
TRANSFER,Fraud,693,"1,000,001+",1
TRANSFER,Fraud,693,"100,001-500,000",1
CASH_IN,Legitimate,694,"1,001-5,000",6
CASH_IN,Legitimate,694,"10,001-50,000",78
CASH_IN,Legitimate,694,"100,001-500,000",314
CASH_IN,Legitimate,694,"5,001-10,000",12
CASH_IN,Legitimate,694,"50,001-100,000",116
CASH_IN,Legitimate,694,"500,001-1,000,000",2
CASH_OUT,Fraud,694,"1,000,001+",3
CASH_OUT,Fraud,694,"10,001-50,000",1
CASH_OUT,Fraud,694,"100,001-500,000",4
CASH_OUT,Fraud,694,"5,001-10,000",1
CASH_OUT,Fraud,694,"50,001-100,000",2
CASH_OUT,Fraud,694,"500,001-1,000,000",1
CASH_OUT,Legitimate,694,"1,001-5,000",13
CASH_OUT,Legitimate,694,"10,001-50,000",93
CASH_OUT,Legitimate,694,"100,001-500,000",314
CASH_OUT,Legitimate,694,101-500,2
CASH_OUT,Legitimate,694,"5,001-10,000",13
CASH_OUT,Legitimate,694,"50,001-100,000",145
CASH_OUT,Legitimate,694,"500,001-1,000,000",4
DEBIT,Legitimate,694,"1,001-5,000",21
DEBIT,Legitimate,694,"10,001-50,000",1
DEBIT,Legitimate,694,101-500,6
DEBIT,Legitimate,694,"5,001-10,000",12
DEBIT,Legitimate,694,"501-1,000",2
PAYMENT,Legitimate,694,0-100,3
PAYMENT,Legitimate,694,"1,001-5,000",283
PAYMENT,Legitimate,694,"10,001-50,000",571
PAYMENT,Legitimate,694,101-500,21
PAYMENT,Legitimate,694,"5,001-10,000",311
PAYMENT,Legitimate,694,"50,001-100,000",4
PAYMENT,Legitimate,694,"501-1,000",41
TRANSFER,Fraud,694,"1,000,001+",3
TRANSFER,Fraud,694,"10,001-50,000",1
TRANSFER,Fraud,694,"100,001-500,000",4
TRANSFER,Fraud,694,"5,001-10,000",1
TRANSFER,Fraud,694,"50,001-100,000",2
TRANSFER,Fraud,694,"500,001-1,000,000",1
TRANSFER,Legitimate,694,"1,000,001+",8
TRANSFER,Legitimate,694,"1,001-5,000",1
TRANSFER,Legitimate,694,"10,001-50,000",15
TRANSFER,Legitimate,694,"100,001-500,000",125
TRANSFER,Legitimate,694,"5,001-10,000",3
TRANSFER,Legitimate,694,"50,001-100,000",23
TRANSFER,Legitimate,694,"500,001-1,000,000",77
CASH_IN,Legitimate,695,"1,001-5,000",12
CASH_IN,Legitimate,695,"10,001-50,000",82
CASH_IN,Legitimate,695,"100,001-500,000",386
CASH_IN,Legitimate,695,"5,001-10,000",14
CASH_IN,Legitimate,695,"50,001-100,000",121
CASH_IN,Legitimate,695,"500,001-1,000,000",7
CASH_IN,Legitimate,695,"501-1,000",1
CASH_OUT,Fraud,695,"1,000,001+",2
CASH_OUT,Fraud,695,"100,001-500,000",1
CASH_OUT,Fraud,695,"500,001-1,000,000",2
CASH_OUT,Legitimate,695,"1,001-5,000",6
CASH_OUT,Legitimate,695,"10,001-50,000",88
CASH_OUT,Legitimate,695,"100,001-500,000",254
CASH_OUT,Legitimate,695,101-500,1
CASH_OUT,Legitimate,695,"5,001-10,000",15
CASH_OUT,Legitimate,695,"50,001-100,000",99
CASH_OUT,Legitimate,695,"501-1,000",1
DEBIT,Legitimate,695,0-100,1
DEBIT,Legitimate,695,"1,001-5,000",55
DEBIT,Legitimate,695,101-500,5
DEBIT,Legitimate,695,"5,001-10,000",18
DEBIT,Legitimate,695,"501-1,000",6
PAYMENT,Legitimate,695,0-100,16
PAYMENT,Legitimate,695,"1,001-5,000",431
PAYMENT,Legitimate,695,"10,001-50,000",359
PAYMENT,Legitimate,695,101-500,42
PAYMENT,Legitimate,695,"5,001-10,000",458
PAYMENT,Legitimate,695,"50,001-100,000",2
PAYMENT,Legitimate,695,"501-1,000",68
TRANSFER,Fraud,695,"1,000,001+",2
TRANSFER,Fraud,695,"100,001-500,000",1
TRANSFER,Fraud,695,"500,001-1,000,000",2
TRANSFER,Legitimate,695,"1,000,001+",13
TRANSFER,Legitimate,695,"1,001-5,000",1
TRANSFER,Legitimate,695,"10,001-50,000",28
TRANSFER,Legitimate,695,"100,001-500,000",137
TRANSFER,Legitimate,695,"50,001-100,000",30
TRANSFER,Legitimate,695,"500,001-1,000,000",59
TRANSFER,Legitimate,695,"501-1,000",1
CASH_OUT,Fraud,696,"10,001-50,000",1
CASH_OUT,Fraud,696,"100,001-500,000",1
CASH_OUT,Fraud,696,"500,001-1,000,000",1
TRANSFER,Fraud,696,"10,001-50,000",1
TRANSFER,Fraud,696,"100,001-500,000",1
TRANSFER,Fraud,696,"500,001-1,000,000",1
CASH_OUT,Fraud,697,"1,000,001+",2
CASH_OUT,Fraud,697,"100,001-500,000",3
CASH_OUT,Fraud,697,"500,001-1,000,000",1
TRANSFER,Fraud,697,"1,000,001+",2
TRANSFER,Fraud,697,"100,001-500,000",3
TRANSFER,Fraud,697,"500,001-1,000,000",1
CASH_OUT,Fraud,698,"1,000,001+",6
CASH_OUT,Fraud,698,"100,001-500,000",1
CASH_OUT,Fraud,698,"500,001-1,000,000",1
CASH_OUT,Legitimate,698,"10,001-50,000",3
CASH_OUT,Legitimate,698,"100,001-500,000",15
CASH_OUT,Legitimate,698,"50,001-100,000",2
DEBIT,Legitimate,698,101-500,1
PAYMENT,Legitimate,698,"1,001-5,000",1
PAYMENT,Legitimate,698,"10,001-50,000",5
PAYMENT,Legitimate,698,"5,001-10,000",2
TRANSFER,Fraud,698,"1,000,001+",6
TRANSFER,Fraud,698,"100,001-500,000",1
TRANSFER,Fraud,698,"500,001-1,000,000",1
TRANSFER,Legitimate,698,"1,000,001+",3
TRANSFER,Legitimate,698,"100,001-500,000",9
TRANSFER,Legitimate,698,"50,001-100,000",3
TRANSFER,Legitimate,698,"500,001-1,000,000",5
CASH_OUT,Fraud,699,"1,000,001+",1
CASH_OUT,Fraud,699,"100,001-500,000",5
CASH_OUT,Fraud,699,"50,001-100,000",2
CASH_OUT,Legitimate,699,"100,001-500,000",5
CASH_OUT,Legitimate,699,"50,001-100,000",5
DEBIT,Legitimate,699,"1,001-5,000",1
DEBIT,Legitimate,699,"501-1,000",1
PAYMENT,Legitimate,699,"1,001-5,000",4
PAYMENT,Legitimate,699,"10,001-50,000",1
PAYMENT,Legitimate,699,101-500,2
PAYMENT,Legitimate,699,"5,001-10,000",1
PAYMENT,Legitimate,699,"501-1,000",3
TRANSFER,Fraud,699,"1,000,001+",1
TRANSFER,Fraud,699,"100,001-500,000",5
TRANSFER,Fraud,699,"50,001-100,000",2
TRANSFER,Legitimate,699,"1,000,001+",3
TRANSFER,Legitimate,699,"10,001-50,000",1
TRANSFER,Legitimate,699,"100,001-500,000",7
TRANSFER,Legitimate,699,"50,001-100,000",2
TRANSFER,Legitimate,699,"500,001-1,000,000",3
CASH_OUT,Fraud,700,"100,001-500,000",2
CASH_OUT,Fraud,700,"500,001-1,000,000",1
TRANSFER,Fraud,700,"100,001-500,000",2
TRANSFER,Fraud,700,"500,001-1,000,000",1
CASH_OUT,Fraud,701,"1,000,001+",2
CASH_OUT,Fraud,701,"100,001-500,000",2
CASH_OUT,Fraud,701,"50,001-100,000",3
CASH_OUT,Fraud,701,"500,001-1,000,000",2
TRANSFER,Fraud,701,"1,000,001+",2
TRANSFER,Fraud,701,"100,001-500,000",2
TRANSFER,Fraud,701,"50,001-100,000",3
TRANSFER,Fraud,701,"500,001-1,000,000",2
CASH_OUT,Fraud,702,0-100,1
CASH_OUT,Fraud,702,"1,000,001+",3
CASH_OUT,Fraud,702,"100,001-500,000",2
CASH_OUT,Fraud,702,"500,001-1,000,000",1
TRANSFER,Fraud,702,"1,000,001+",4
TRANSFER,Fraud,702,"100,001-500,000",2
TRANSFER,Fraud,702,"500,001-1,000,000",1
CASH_OUT,Fraud,703,"1,000,001+",1
CASH_OUT,Fraud,703,"10,001-50,000",1
CASH_OUT,Fraud,703,"100,001-500,000",1
CASH_OUT,Fraud,703,"500,001-1,000,000",1
TRANSFER,Fraud,703,"1,000,001+",1
TRANSFER,Fraud,703,"10,001-50,000",1
TRANSFER,Fraud,703,"100,001-500,000",1
TRANSFER,Fraud,703,"500,001-1,000,000",1
CASH_OUT,Fraud,704,"1,000,001+",4
CASH_OUT,Fraud,704,"100,001-500,000",3
CASH_OUT,Fraud,704,"500,001-1,000,000",1
TRANSFER,Fraud,704,"1,000,001+",4
TRANSFER,Fraud,704,"100,001-500,000",3
TRANSFER,Fraud,704,"500,001-1,000,000",1
CASH_IN,Legitimate,705,"1,001-5,000",8
CASH_IN,Legitimate,705,"10,001-50,000",88
CASH_IN,Legitimate,705,"100,001-500,000",431
CASH_IN,Legitimate,705,"5,001-10,000",13
CASH_IN,Legitimate,705,"50,001-100,000",126
CASH_IN,Legitimate,705,"500,001-1,000,000",2
CASH_OUT,Fraud,705,"100,001-500,000",3
CASH_OUT,Fraud,705,"50,001-100,000",1
CASH_OUT,Fraud,705,"500,001-1,000,000",1
CASH_OUT,Legitimate,705,"1,001-5,000",7
CASH_OUT,Legitimate,705,"10,001-50,000",92
CASH_OUT,Legitimate,705,"100,001-500,000",458
CASH_OUT,Legitimate,705,"5,001-10,000",16
CASH_OUT,Legitimate,705,"50,001-100,000",142
CASH_OUT,Legitimate,705,"500,001-1,000,000",5
CASH_OUT,Legitimate,705,"501-1,000",1
DEBIT,Legitimate,705,"1,001-5,000",1
DEBIT,Legitimate,705,"10,001-50,000",6
DEBIT,Legitimate,705,101-500,1
DEBIT,Legitimate,705,"5,001-10,000",7
PAYMENT,Legitimate,705,0-100,2
PAYMENT,Legitimate,705,"1,001-5,000",167
PAYMENT,Legitimate,705,"10,001-50,000",356
PAYMENT,Legitimate,705,101-500,11
PAYMENT,Legitimate,705,"5,001-10,000",192
PAYMENT,Legitimate,705,"501-1,000",17
TRANSFER,Fraud,705,"100,001-500,000",3
TRANSFER,Fraud,705,"50,001-100,000",1
TRANSFER,Fraud,705,"500,001-1,000,000",1
TRANSFER,Legitimate,705,"1,000,001+",33
TRANSFER,Legitimate,705,"1,001-5,000",1
TRANSFER,Legitimate,705,"10,001-50,000",10
TRANSFER,Legitimate,705,"100,001-500,000",93
TRANSFER,Legitimate,705,"5,001-10,000",1
TRANSFER,Legitimate,705,"50,001-100,000",11
TRANSFER,Legitimate,705,"500,001-1,000,000",54
CASH_OUT,Fraud,706,"100,001-500,000",1
CASH_OUT,Fraud,706,"500,001-1,000,000",1
TRANSFER,Fraud,706,"100,001-500,000",1
TRANSFER,Fraud,706,"500,001-1,000,000",1
CASH_IN,Legitimate,707,"1,001-5,000",2
CASH_IN,Legitimate,707,"10,001-50,000",13
CASH_IN,Legitimate,707,"100,001-500,000",58
CASH_IN,Legitimate,707,"50,001-100,000",20
CASH_IN,Legitimate,707,"500,001-1,000,000",1
CASH_OUT,Fraud,707,"1,000,001+",2
CASH_OUT,Fraud,707,"1,001-5,000",1
CASH_OUT,Fraud,707,"10,001-50,000",1
CASH_OUT,Fraud,707,"100,001-500,000",1
CASH_OUT,Legitimate,707,"10,001-50,000",14
CASH_OUT,Legitimate,707,"100,001-500,000",73
CASH_OUT,Legitimate,707,"5,001-10,000",2
CASH_OUT,Legitimate,707,"50,001-100,000",15
CASH_OUT,Legitimate,707,"500,001-1,000,000",2
DEBIT,Legitimate,707,"1,001-5,000",1
PAYMENT,Legitimate,707,0-100,1
PAYMENT,Legitimate,707,"1,001-5,000",11
PAYMENT,Legitimate,707,"10,001-50,000",38
PAYMENT,Legitimate,707,"5,001-10,000",12
PAYMENT,Legitimate,707,"50,001-100,000",2
PAYMENT,Legitimate,707,"501-1,000",2
TRANSFER,Fraud,707,"1,000,001+",2
TRANSFER,Fraud,707,"1,001-5,000",1
TRANSFER,Fraud,707,"10,001-50,000",1
TRANSFER,Fraud,707,"100,001-500,000",1
TRANSFER,Legitimate,707,"10,001-50,000",2
TRANSFER,Legitimate,707,"100,001-500,000",18
TRANSFER,Legitimate,707,"5,001-10,000",1
TRANSFER,Legitimate,707,"50,001-100,000",3
TRANSFER,Legitimate,707,"500,001-1,000,000",8
CASH_OUT,Fraud,708,"1,000,001+",2
TRANSFER,Fraud,708,"1,000,001+",2
CASH_IN,Legitimate,709,"1,001-5,000",11
CASH_IN,Legitimate,709,"10,001-50,000",73
CASH_IN,Legitimate,709,"100,001-500,000",353
CASH_IN,Legitimate,709,101-500,1
CASH_IN,Legitimate,709,"5,001-10,000",10
CASH_IN,Legitimate,709,"50,001-100,000",82
CASH_IN,Legitimate,709,"500,001-1,000,000",10
CASH_IN,Legitimate,709,"501-1,000",1
CASH_OUT,Fraud,709,"10,001-50,000",1
CASH_OUT,Fraud,709,"100,001-500,000",1
CASH_OUT,Fraud,709,"50,001-100,000",2
CASH_OUT,Legitimate,709,"1,001-5,000",10
CASH_OUT,Legitimate,709,"10,001-50,000",108
CASH_OUT,Legitimate,709,"100,001-500,000",567
CASH_OUT,Legitimate,709,101-500,1
CASH_OUT,Legitimate,709,"5,001-10,000",11
CASH_OUT,Legitimate,709,"50,001-100,000",145
CASH_OUT,Legitimate,709,"500,001-1,000,000",17
CASH_OUT,Legitimate,709,"501-1,000",1
DEBIT,Legitimate,709,"1,001-5,000",20
DEBIT,Legitimate,709,"5,001-10,000",4
DEBIT,Legitimate,709,"501-1,000",2
PAYMENT,Legitimate,709,0-100,4
PAYMENT,Legitimate,709,"1,001-5,000",93
PAYMENT,Legitimate,709,"10,001-50,000",425
PAYMENT,Legitimate,709,101-500,4
PAYMENT,Legitimate,709,"5,001-10,000",126
PAYMENT,Legitimate,709,"50,001-100,000",18
PAYMENT,Legitimate,709,"501-1,000",20
TRANSFER,Fraud,709,"10,001-50,000",1
TRANSFER,Fraud,709,"100,001-500,000",1
TRANSFER,Fraud,709,"50,001-100,000",2
TRANSFER,Legitimate,709,"1,000,001+",23
TRANSFER,Legitimate,709,"1,001-5,000",2
TRANSFER,Legitimate,709,"10,001-50,000",8
TRANSFER,Legitimate,709,"100,001-500,000",83
TRANSFER,Legitimate,709,"50,001-100,000",11
TRANSFER,Legitimate,709,"500,001-1,000,000",61
CASH_IN,Legitimate,710,"1,001-5,000",4
CASH_IN,Legitimate,710,"10,001-50,000",42
CASH_IN,Legitimate,710,"100,001-500,000",266
CASH_IN,Legitimate,710,101-500,1
CASH_IN,Legitimate,710,"5,001-10,000",4
CASH_IN,Legitimate,710,"50,001-100,000",49
CASH_IN,Legitimate,710,"500,001-1,000,000",3
CASH_OUT,Fraud,710,"1,000,001+",5
CASH_OUT,Fraud,710,"10,001-50,000",2
CASH_OUT,Legitimate,710,"1,001-5,000",7
CASH_OUT,Legitimate,710,"10,001-50,000",77
CASH_OUT,Legitimate,710,"100,001-500,000",498
CASH_OUT,Legitimate,710,101-500,1
CASH_OUT,Legitimate,710,"5,001-10,000",10
CASH_OUT,Legitimate,710,"50,001-100,000",110
CASH_OUT,Legitimate,710,"500,001-1,000,000",41
DEBIT,Legitimate,710,0-100,1
DEBIT,Legitimate,710,"1,001-5,000",7
DEBIT,Legitimate,710,"5,001-10,000",6
PAYMENT,Legitimate,710,"1,001-5,000",67
PAYMENT,Legitimate,710,"10,001-50,000",338
PAYMENT,Legitimate,710,101-500,5
PAYMENT,Legitimate,710,"5,001-10,000",60
PAYMENT,Legitimate,710,"50,001-100,000",17
PAYMENT,Legitimate,710,"501-1,000",9
TRANSFER,Fraud,710,"1,000,001+",5
TRANSFER,Fraud,710,"10,001-50,000",2
TRANSFER,Legitimate,710,"1,000,001+",6
TRANSFER,Legitimate,710,"1,001-5,000",1
TRANSFER,Legitimate,710,"10,001-50,000",6
TRANSFER,Legitimate,710,"100,001-500,000",68
TRANSFER,Legitimate,710,"5,001-10,000",1
TRANSFER,Legitimate,710,"50,001-100,000",15
TRANSFER,Legitimate,710,"500,001-1,000,000",54
CASH_OUT,Fraud,711,"1,000,001+",2
CASH_OUT,Fraud,711,"100,001-500,000",1
CASH_OUT,Fraud,711,"500,001-1,000,000",1
TRANSFER,Fraud,711,"1,000,001+",2
TRANSFER,Fraud,711,"100,001-500,000",1
TRANSFER,Fraud,711,"500,001-1,000,000",1
CASH_IN,Legitimate,712,"10,001-50,000",1
CASH_IN,Legitimate,712,"100,001-500,000",2
CASH_OUT,Fraud,712,"10,001-50,000",1
CASH_OUT,Fraud,712,"100,001-500,000",4
CASH_OUT,Fraud,712,"5,001-10,000",1
CASH_OUT,Legitimate,712,"100,001-500,000",4
CASH_OUT,Legitimate,712,"5,001-10,000",1
CASH_OUT,Legitimate,712,"500,001-1,000,000",1
PAYMENT,Legitimate,712,"10,001-50,000",2
TRANSFER,Fraud,712,"10,001-50,000",1
TRANSFER,Fraud,712,"100,001-500,000",4
TRANSFER,Fraud,712,"5,001-10,000",1
CASH_OUT,Fraud,713,"1,000,001+",2
CASH_OUT,Fraud,713,"100,001-500,000",1
CASH_OUT,Fraud,713,"500,001-1,000,000",1
TRANSFER,Fraud,713,"1,000,001+",2
TRANSFER,Fraud,713,"100,001-500,000",1
TRANSFER,Fraud,713,"500,001-1,000,000",1
CASH_IN,Legitimate,714,"1,001-5,000",2
CASH_IN,Legitimate,714,"10,001-50,000",15
CASH_IN,Legitimate,714,"100,001-500,000",97
CASH_IN,Legitimate,714,"5,001-10,000",3
CASH_IN,Legitimate,714,"50,001-100,000",20
CASH_IN,Legitimate,714,"500,001-1,000,000",2
CASH_OUT,Fraud,714,"1,000,001+",2
CASH_OUT,Fraud,714,"100,001-500,000",3
CASH_OUT,Fraud,714,"5,001-10,000",1
CASH_OUT,Fraud,714,"50,001-100,000",1
CASH_OUT,Legitimate,714,"1,001-5,000",1
CASH_OUT,Legitimate,714,"10,001-50,000",38
CASH_OUT,Legitimate,714,"100,001-500,000",194
CASH_OUT,Legitimate,714,101-500,1
CASH_OUT,Legitimate,714,"5,001-10,000",2
CASH_OUT,Legitimate,714,"50,001-100,000",41
CASH_OUT,Legitimate,714,"500,001-1,000,000",3
DEBIT,Legitimate,714,"1,001-5,000",3
DEBIT,Legitimate,714,"5,001-10,000",4
DEBIT,Legitimate,714,"501-1,000",1
PAYMENT,Legitimate,714,"1,001-5,000",49
PAYMENT,Legitimate,714,"10,001-50,000",71
PAYMENT,Legitimate,714,101-500,10
PAYMENT,Legitimate,714,"5,001-10,000",55
PAYMENT,Legitimate,714,"501-1,000",8
TRANSFER,Fraud,714,"1,000,001+",2
TRANSFER,Fraud,714,"100,001-500,000",3
TRANSFER,Fraud,714,"5,001-10,000",1
TRANSFER,Fraud,714,"50,001-100,000",1
TRANSFER,Legitimate,714,"1,000,001+",2
TRANSFER,Legitimate,714,"10,001-50,000",2
TRANSFER,Legitimate,714,"100,001-500,000",21
TRANSFER,Legitimate,714,"50,001-100,000",2
TRANSFER,Legitimate,714,"500,001-1,000,000",20
CASH_IN,Legitimate,715,"1,001-5,000",4
CASH_IN,Legitimate,715,"10,001-50,000",52
CASH_IN,Legitimate,715,"100,001-500,000",233
CASH_IN,Legitimate,715,"5,001-10,000",12
CASH_IN,Legitimate,715,"50,001-100,000",87
CASH_IN,Legitimate,715,"500,001-1,000,000",1
CASH_IN,Legitimate,715,"501-1,000",1
CASH_OUT,Fraud,715,"1,000,001+",2
CASH_OUT,Fraud,715,"100,001-500,000",2
CASH_OUT,Fraud,715,"500,001-1,000,000",1
CASH_OUT,Legitimate,715,"1,001-5,000",12
CASH_OUT,Legitimate,715,"10,001-50,000",146
CASH_OUT,Legitimate,715,"100,001-500,000",498
CASH_OUT,Legitimate,715,"5,001-10,000",14
CASH_OUT,Legitimate,715,"50,001-100,000",164
CASH_OUT,Legitimate,715,"500,001-1,000,000",1
CASH_OUT,Legitimate,715,"501-1,000",3
DEBIT,Legitimate,715,"1,001-5,000",10
DEBIT,Legitimate,715,"10,001-50,000",2
DEBIT,Legitimate,715,"5,001-10,000",4
PAYMENT,Legitimate,715,0-100,5
PAYMENT,Legitimate,715,"1,001-5,000",120
PAYMENT,Legitimate,715,"10,001-50,000",226
PAYMENT,Legitimate,715,101-500,12
PAYMENT,Legitimate,715,"5,001-10,000",120
PAYMENT,Legitimate,715,"501-1,000",22
TRANSFER,Fraud,715,"1,000,001+",2
TRANSFER,Fraud,715,"100,001-500,000",2
TRANSFER,Fraud,715,"500,001-1,000,000",1
TRANSFER,Legitimate,715,"1,000,001+",4
TRANSFER,Legitimate,715,"10,001-50,000",7
TRANSFER,Legitimate,715,"100,001-500,000",73
TRANSFER,Legitimate,715,"5,001-10,000",1
TRANSFER,Legitimate,715,"50,001-100,000",6
TRANSFER,Legitimate,715,"500,001-1,000,000",29
CASH_IN,Legitimate,716,"1,001-5,000",2
CASH_IN,Legitimate,716,"10,001-50,000",4
CASH_IN,Legitimate,716,"100,001-500,000",10
CASH_IN,Legitimate,716,"50,001-100,000",1
CASH_OUT,Fraud,716,"1,000,001+",2
CASH_OUT,Fraud,716,"100,001-500,000",1
CASH_OUT,Fraud,716,"500,001-1,000,000",1
CASH_OUT,Legitimate,716,"1,001-5,000",1
CASH_OUT,Legitimate,716,"10,001-50,000",13
CASH_OUT,Legitimate,716,"100,001-500,000",31
CASH_OUT,Legitimate,716,101-500,1
CASH_OUT,Legitimate,716,"5,001-10,000",1
CASH_OUT,Legitimate,716,"50,001-100,000",9
DEBIT,Legitimate,716,"10,001-50,000",1
PAYMENT,Legitimate,716,"1,001-5,000",22
PAYMENT,Legitimate,716,"10,001-50,000",9
PAYMENT,Legitimate,716,101-500,3
PAYMENT,Legitimate,716,"5,001-10,000",9
PAYMENT,Legitimate,716,"501-1,000",4
TRANSFER,Fraud,716,"1,000,001+",2
TRANSFER,Fraud,716,"100,001-500,000",1
TRANSFER,Fraud,716,"500,001-1,000,000",1
TRANSFER,Legitimate,716,"100,001-500,000",6
TRANSFER,Legitimate,716,"5,001-10,000",1
TRANSFER,Legitimate,716,"50,001-100,000",1
TRANSFER,Legitimate,716,"500,001-1,000,000",3
CASH_IN,Legitimate,717,"1,001-5,000",3
CASH_IN,Legitimate,717,"10,001-50,000",26
CASH_IN,Legitimate,717,"100,001-500,000",41
CASH_IN,Legitimate,717,"5,001-10,000",3
CASH_IN,Legitimate,717,"50,001-100,000",39
CASH_OUT,Fraud,717,"1,000,001+",2
CASH_OUT,Fraud,717,"100,001-500,000",3
CASH_OUT,Fraud,717,"500,001-1,000,000",1
CASH_OUT,Legitimate,717,"1,001-5,000",5
CASH_OUT,Legitimate,717,"10,001-50,000",30
CASH_OUT,Legitimate,717,"100,001-500,000",79
CASH_OUT,Legitimate,717,"5,001-10,000",4
CASH_OUT,Legitimate,717,"50,001-100,000",41
DEBIT,Legitimate,717,0-100,1
DEBIT,Legitimate,717,"1,001-5,000",7
DEBIT,Legitimate,717,"5,001-10,000",1
DEBIT,Legitimate,717,"501-1,000",2
PAYMENT,Legitimate,717,0-100,1
PAYMENT,Legitimate,717,"1,001-5,000",88
PAYMENT,Legitimate,717,"10,001-50,000",92
PAYMENT,Legitimate,717,101-500,12
PAYMENT,Legitimate,717,"5,001-10,000",93
PAYMENT,Legitimate,717,"501-1,000",12
TRANSFER,Fraud,717,"1,000,001+",2
TRANSFER,Fraud,717,"100,001-500,000",3
TRANSFER,Fraud,717,"500,001-1,000,000",1
TRANSFER,Legitimate,717,"1,001-5,000",2
TRANSFER,Legitimate,717,"10,001-50,000",4
TRANSFER,Legitimate,717,"100,001-500,000",25
TRANSFER,Legitimate,717,"5,001-10,000",3
TRANSFER,Legitimate,717,"50,001-100,000",6
CASH_IN,Legitimate,718,"1,001-5,000",1
CASH_IN,Legitimate,718,"10,001-50,000",18
CASH_IN,Legitimate,718,"100,001-500,000",38
CASH_IN,Legitimate,718,"5,001-10,000",2
CASH_IN,Legitimate,718,"50,001-100,000",27
CASH_OUT,Fraud,718,"1,000,001+",3
CASH_OUT,Fraud,718,"100,001-500,000",3
CASH_OUT,Fraud,718,"5,001-10,000",1
CASH_OUT,Fraud,718,"50,001-100,000",1
CASH_OUT,Legitimate,718,"1,001-5,000",3
CASH_OUT,Legitimate,718,"10,001-50,000",19
CASH_OUT,Legitimate,718,"100,001-500,000",66
CASH_OUT,Legitimate,718,"5,001-10,000",2
CASH_OUT,Legitimate,718,"50,001-100,000",23
DEBIT,Legitimate,718,0-100,1
DEBIT,Legitimate,718,"1,001-5,000",20
DEBIT,Legitimate,718,101-500,6
DEBIT,Legitimate,718,"501-1,000",3
PAYMENT,Legitimate,718,0-100,8
PAYMENT,Legitimate,718,"1,001-5,000",182
PAYMENT,Legitimate,718,"10,001-50,000",214
PAYMENT,Legitimate,718,101-500,17
PAYMENT,Legitimate,718,"5,001-10,000",179
PAYMENT,Legitimate,718,"501-1,000",21
TRANSFER,Fraud,718,"1,000,001+",3
TRANSFER,Fraud,718,"100,001-500,000",3
TRANSFER,Fraud,718,"5,001-10,000",1
TRANSFER,Fraud,718,"50,001-100,000",1
TRANSFER,Legitimate,718,"10,001-50,000",9
TRANSFER,Legitimate,718,"100,001-500,000",28
TRANSFER,Legitimate,718,"5,001-10,000",2
TRANSFER,Legitimate,718,"50,001-100,000",13
CASH_OUT,Fraud,719,"1,000,001+",2
CASH_OUT,Fraud,719,"100,001-500,000",3
CASH_OUT,Fraud,719,"50,001-100,000",1
CASH_OUT,Fraud,719,"500,001-1,000,000",1
TRANSFER,Fraud,719,"1,000,001+",2
TRANSFER,Fraud,719,"100,001-500,000",3
TRANSFER,Fraud,719,"50,001-100,000",1
TRANSFER,Fraud,719,"500,001-1,000,000",1
CASH_OUT,Fraud,720,"10,001-50,000",1
CASH_OUT,Fraud,720,"50,001-100,000",3
CASH_OUT,Fraud,720,"500,001-1,000,000",1
TRANSFER,Fraud,720,"10,001-50,000",1
TRANSFER,Fraud,720,"50,001-100,000",3
TRANSFER,Fraud,720,"500,001-1,000,000",1
CASH_OUT,Fraud,721,"10,001-50,000",1
CASH_OUT,Fraud,721,"50,001-100,000",1
TRANSFER,Fraud,721,"10,001-50,000",1
TRANSFER,Fraud,721,"50,001-100,000",1
CASH_OUT,Fraud,722,"1,000,001+",2
CASH_OUT,Fraud,722,"10,001-50,000",1
CASH_OUT,Fraud,722,"100,001-500,000",1
CASH_OUT,Fraud,722,"50,001-100,000",1
TRANSFER,Fraud,722,"1,000,001+",2
TRANSFER,Fraud,722,"10,001-50,000",1
TRANSFER,Fraud,722,"100,001-500,000",1
TRANSFER,Fraud,722,"50,001-100,000",1
CASH_OUT,Fraud,723,"1,000,001+",3
CASH_OUT,Fraud,723,"100,001-500,000",3
CASH_OUT,Fraud,723,"50,001-100,000",1
TRANSFER,Fraud,723,"1,000,001+",3
TRANSFER,Fraud,723,"100,001-500,000",3
TRANSFER,Fraud,723,"50,001-100,000",1
CASH_OUT,Fraud,724,"1,000,001+",1
CASH_OUT,Fraud,724,"100,001-500,000",2
CASH_OUT,Fraud,724,"50,001-100,000",2
CASH_OUT,Fraud,724,"500,001-1,000,000",2
TRANSFER,Fraud,724,"1,000,001+",1
TRANSFER,Fraud,724,"100,001-500,000",2
TRANSFER,Fraud,724,"50,001-100,000",2
TRANSFER,Fraud,724,"500,001-1,000,000",2
CASH_OUT,Fraud,725,"100,001-500,000",1
CASH_OUT,Fraud,725,"500,001-1,000,000",1
TRANSFER,Fraud,725,"100,001-500,000",1
TRANSFER,Fraud,725,"500,001-1,000,000",1
CASH_OUT,Fraud,726,"1,000,001+",3
CASH_OUT,Fraud,726,"100,001-500,000",2
CASH_OUT,Fraud,726,"5,001-10,000",1
CASH_OUT,Fraud,726,"50,001-100,000",2
CASH_OUT,Fraud,726,"500,001-1,000,000",3
TRANSFER,Fraud,726,"1,000,001+",3
TRANSFER,Fraud,726,"100,001-500,000",2
TRANSFER,Fraud,726,"5,001-10,000",1
TRANSFER,Fraud,726,"50,001-100,000",2
TRANSFER,Fraud,726,"500,001-1,000,000",3
CASH_OUT,Fraud,727,"1,000,001+",1
CASH_OUT,Fraud,727,"100,001-500,000",3
CASH_OUT,Fraud,727,"50,001-100,000",1
CASH_OUT,Fraud,727,"500,001-1,000,000",1
TRANSFER,Fraud,727,"1,000,001+",1
TRANSFER,Fraud,727,"100,001-500,000",3
TRANSFER,Fraud,727,"50,001-100,000",1
TRANSFER,Fraud,727,"500,001-1,000,000",1
CASH_OUT,Fraud,728,"1,000,001+",2
CASH_OUT,Fraud,728,"100,001-500,000",3
TRANSFER,Fraud,728,"1,000,001+",2
TRANSFER,Fraud,728,"100,001-500,000",3
CASH_OUT,Fraud,729,"1,000,001+",1
CASH_OUT,Fraud,729,"50,001-100,000",1
TRANSFER,Fraud,729,"1,000,001+",1
TRANSFER,Fraud,729,"50,001-100,000",1
CASH_OUT,Fraud,730,0-100,2
CASH_OUT,Fraud,730,"1,000,001+",8
CASH_OUT,Fraud,730,"100,001-500,000",3
CASH_OUT,Fraud,730,101-500,1
TRANSFER,Fraud,730,"1,000,001+",10
TRANSFER,Fraud,730,"100,001-500,000",3
TRANSFER,Fraud,730,101-500,1
CASH_OUT,Fraud,731,"10,001-50,000",1
CASH_OUT,Fraud,731,"100,001-500,000",5
CASH_OUT,Fraud,731,"50,001-100,000",1
CASH_OUT,Fraud,731,"500,001-1,000,000",1
TRANSFER,Fraud,731,"10,001-50,000",1
TRANSFER,Fraud,731,"100,001-500,000",5
TRANSFER,Fraud,731,"50,001-100,000",1
TRANSFER,Fraud,731,"500,001-1,000,000",1
CASH_OUT,Fraud,732,"1,000,001+",1
CASH_OUT,Fraud,732,"100,001-500,000",3
CASH_OUT,Fraud,732,"50,001-100,000",1
TRANSFER,Fraud,732,"1,000,001+",1
TRANSFER,Fraud,732,"100,001-500,000",3
TRANSFER,Fraud,732,"50,001-100,000",1
CASH_OUT,Fraud,733,"1,000,001+",1
CASH_OUT,Fraud,733,"100,001-500,000",2
CASH_OUT,Fraud,733,"50,001-100,000",1
CASH_OUT,Fraud,733,"500,001-1,000,000",1
TRANSFER,Fraud,733,"1,000,001+",1
TRANSFER,Fraud,733,"100,001-500,000",2
TRANSFER,Fraud,733,"50,001-100,000",1
TRANSFER,Fraud,733,"500,001-1,000,000",1
CASH_OUT,Fraud,734,"1,000,001+",3
CASH_OUT,Fraud,734,"10,001-50,000",1
TRANSFER,Fraud,734,"1,000,001+",3
TRANSFER,Fraud,734,"10,001-50,000",1
CASH_OUT,Fraud,735,"100,001-500,000",5
CASH_OUT,Fraud,735,"50,001-100,000",1
TRANSFER,Fraud,735,"100,001-500,000",5
TRANSFER,Fraud,735,"50,001-100,000",1
CASH_OUT,Fraud,736,"1,000,001+",3
CASH_OUT,Fraud,736,"100,001-500,000",2
CASH_OUT,Fraud,736,"50,001-100,000",1
CASH_OUT,Fraud,736,"500,001-1,000,000",1
TRANSFER,Fraud,736,"1,000,001+",3
TRANSFER,Fraud,736,"100,001-500,000",2
TRANSFER,Fraud,736,"50,001-100,000",1
TRANSFER,Fraud,736,"500,001-1,000,000",1
CASH_OUT,Fraud,737,"1,000,001+",2
CASH_OUT,Fraud,737,"100,001-500,000",2
CASH_OUT,Fraud,737,"500,001-1,000,000",1
TRANSFER,Fraud,737,"1,000,001+",2
TRANSFER,Fraud,737,"100,001-500,000",2
TRANSFER,Fraud,737,"500,001-1,000,000",1
CASH_OUT,Fraud,738,"100,001-500,000",4
CASH_OUT,Fraud,738,"500,001-1,000,000",1
TRANSFER,Fraud,738,"100,001-500,000",4
TRANSFER,Fraud,738,"500,001-1,000,000",1
CASH_OUT,Fraud,739,"1,000,001+",1
CASH_OUT,Fraud,739,"100,001-500,000",3
CASH_OUT,Fraud,739,"5,001-10,000",1
TRANSFER,Fraud,739,"1,000,001+",1
TRANSFER,Fraud,739,"100,001-500,000",3
TRANSFER,Fraud,739,"5,001-10,000",1
CASH_OUT,Fraud,740,"1,000,001+",2
CASH_OUT,Fraud,740,"500,001-1,000,000",1
TRANSFER,Fraud,740,"1,000,001+",2
TRANSFER,Fraud,740,"500,001-1,000,000",1
CASH_OUT,Fraud,741,0-100,1
CASH_OUT,Fraud,741,"1,000,001+",4
CASH_OUT,Fraud,741,"10,001-50,000",1
CASH_OUT,Fraud,741,"100,001-500,000",4
CASH_OUT,Fraud,741,"50,001-100,000",1
TRANSFER,Fraud,741,"1,000,001+",5
TRANSFER,Fraud,741,"10,001-50,000",1
TRANSFER,Fraud,741,"100,001-500,000",4
TRANSFER,Fraud,741,"50,001-100,000",1
CASH_OUT,Fraud,742,"1,000,001+",2
CASH_OUT,Fraud,742,"100,001-500,000",2
CASH_OUT,Fraud,742,"50,001-100,000",2
CASH_OUT,Fraud,742,"500,001-1,000,000",1
TRANSFER,Fraud,742,"1,000,001+",2
TRANSFER,Fraud,742,"100,001-500,000",2
TRANSFER,Fraud,742,"50,001-100,000",2
TRANSFER,Fraud,742,"500,001-1,000,000",1
CASH_OUT,Fraud,743,"1,000,001+",2
CASH_OUT,Fraud,743,"100,001-500,000",1
CASH_OUT,Fraud,743,"500,001-1,000,000",1
TRANSFER,Fraud,743,"1,000,001+",2
TRANSFER,Fraud,743,"100,001-500,000",1
TRANSFER,Fraud,743,"500,001-1,000,000",1
